numero_linha,nome_arquivo,tipo_documento,caminho_campo,nome_prisma,tabela_prisma,confianca_mapeamento,observacao_mapeamento,chave_json,valor_extraido,preenchido
1,BL.pdf,BL,document.type,,,,,type,BILL OF LADING,sim
2,BL.pdf,BL,document.date,,,,,date,2024-10-24,sim
3,BL.pdf,BL,document.shippedOnBoardDate,,,,,shippedOnBoardDate,2024-10-24,sim
4,BL.pdf,BL,document.number,numero_bl_processo,DocumentoProcesso,alta,,number,GWW-375555,sim
5,BL.pdf,BL,document.billOfLadingNumber,numero_bl_processo,DocumentoProcesso,alta,,billOfLadingNumber,GWW-375555,sim
6,BL.pdf,BL,document.masterBillOfLadingNumber,numero_mbl_processo,DocumentoProcesso,alta,,masterBillOfLadingNumber,,nao
7,BL.pdf,BL,document.bookingReference,numero_bl_processo,DocumentoProcesso,alta,,bookingReference,GWW-375555,sim
8,BL.pdf,BL,carrier.name,nome_fornecedor,Fornecedor,alta,,name,LANDSTAR GLOBAL LOGISTICS,sim
9,BL.pdf,BL,exporter.name,nome_exportador_item,PedidoItem,sugestao,Alternativas: nome_fornecedor (Fornecedor),name,"AMSTED RAIL INTERNATIONAL, INC",sim
10,BL.pdf,BL,exporter.address,endereco_fornecedor,Fornecedor,alta,,address,"2580 FRONTAGE ROAD, PETERSBURG, VA 23805",sim
11,BL.pdf,BL,exporter.country,pais_fornecedor,Fornecedor,alta,,country,UNITED STATES,sim
12,BL.pdf,BL,exporter.state_province,estado_provincia_fornecedor,Fornecedor,alta,,state_province,VA,sim
13,BL.pdf,BL,exporter.city,cidade_fornecedor,Fornecedor,alta,,city,PETERSBURG,sim
14,BL.pdf,BL,exporter.zip_code,cep_zipcode_fornecedor,Fornecedor,alta,,zip_code,23805,sim
15,BL.pdf,BL,exporter.taxId,tin_fornecedor,Fornecedor,alta,,taxId,,nao
16,BL.pdf,BL,exporter.phone,telefone_fornecedor,Fornecedor,alta,,phone,,nao
17,BL.pdf,BL,exporter.email,email_fornecedor,Fornecedor,alta,,email,,nao
18,BL.pdf,BL,importer.name,nome_importador_item,PedidoItem,sugestao,Alternativas: nome_fornecedor (Fornecedor),name,DMM-IE IMPORTACAO & EXPORTACAO LTDA,sim
19,BL.pdf,BL,importer.address,endereco_fornecedor,Fornecedor,alta,,address,"R. DR PEDRO FERREIRA, 155-CONJ 1003 088301030 ITAJAI - SC",sim
20,BL.pdf,BL,importer.country,pais_fornecedor,Fornecedor,alta,,country,BRAZIL,sim
21,BL.pdf,BL,importer.state_province,estado_provincia_fornecedor,Fornecedor,alta,,state_province,SC,sim
22,BL.pdf,BL,importer.city,cidade_fornecedor,Fornecedor,alta,,city,ITAJAI,sim
23,BL.pdf,BL,importer.zip_code,cep_zipcode_fornecedor,Fornecedor,alta,,zip_code,088301030,sim
24,BL.pdf,BL,importer.cnpj,cnpj_fornecedor,Fornecedor,alta,,cnpj,08.973.387/0002-55,sim
25,BL.pdf,BL,importer.phone,telefone_fornecedor,Fornecedor,alta,,phone,,nao
26,BL.pdf,BL,importer.email,email_fornecedor,Fornecedor,alta,,email,,nao
27,BL.pdf,BL,notify_party.name,nome_fornecedor,Fornecedor,alta,,name,AMSTED RAIL BRASIL EQUIPAMENTOS FERROVIARIOS LTDA.,sim
28,BL.pdf,BL,notify_party.address,endereco_fornecedor,Fornecedor,alta,,address,"RUA DOUTOR PEDRO FERREIRA, 1553. ANDAR, SALA 315, CENTRO, 88301-901 ITAJAI - SC BRAZIL",sim
29,BL.pdf,BL,notify_party.country,,,,,country,BRAZIL,sim
30,BL.pdf,BL,notify_party.state_province,,,,,state_province,SC,sim
31,BL.pdf,BL,notify_party.city,,,,,city,ITAJAI,sim
32,BL.pdf,BL,notify_party.zip_code,,,,,zip_code,88301-901,sim
33,BL.pdf,BL,notify_party.cnpj,,,,,cnpj,03-411.938/0002-73,sim
34,BL.pdf,BL,notify_party.phone,,,,,phone,,nao
35,BL.pdf,BL,notify_party.email,,,,,email,,nao
36,BL.pdf,BL,shipment.pre_carriage,,,,,pre_carriage,,nao
37,BL.pdf,BL,shipment.vessel_name,,,,,vessel_name,Monte Pascoal,sim
38,BL.pdf,BL,shipment.voyage_number,,,,,voyage_number,442S,sim
39,BL.pdf,BL,shipment.port_of_origin,porto_origem_processo,LogisticaInternacionalProcesso,alta,,port_of_origin,"PHILADELPHIA, PA",sim
40,BL.pdf,BL,shipment.port_of_destination,porto_destino_processo,LogisticaInternacionalProcesso,alta,,port_of_destination,ITAPOA,sim
41,BL.pdf,BL,shipment.place_of_origin,,,,,place_of_origin,"PETERSBURG, VA",sim
42,BL.pdf,BL,shipment.place_of_destination,,,,,place_of_destination,,nao
43,BL.pdf,BL,shipment.origin_country,,,,,origin_country,UNITED STATES,sim
44,BL.pdf,BL,shipment.destination_state,,,,,destination_state,SC,sim
45,BL.pdf,BL,shipment.marksAndNumbers,,,,,marksAndNumbers,HLBU2358024/Seal:UL-4200593,sim
46,BL.pdf,BL,shipment.temperature,,,,,temperature,,nao
47,BL.pdf,BL,containers[].container_type,container_tipo_processo_container,ContainerProcesso,alta,,container_type,20 STANDARD DRY,sim
48,BL.pdf,BL,containers[].container_number,container_numero_processo_container,ContainerProcesso,alta,,container_number,HLBU2358024,sim
49,BL.pdf,BL,containers[].container_seal,container_lacre_processo_container,ContainerProcesso,alta,,container_seal,UL-4200593,sim
50,BL.pdf,BL,containers[].container_gross_weight,container_peso_bruto_processo_container,ContainerProcesso,alta,,container_gross_weight,19587.809,sim
51,BL.pdf,BL,containers[].container_net_weight,container_peso_liquido_processo_container,ContainerProcesso,alta,,container_net_weight,,nao
52,BL.pdf,BL,containers[].container_volume,container_metragem_cubica_processo_container,ContainerProcesso,alta,,container_volume,15.200,sim
53,BL.pdf,BL,containers[].container_tare,,,,,container_tare,,nao
54,BL.pdf,BL,containers[].dangerous_goods_indicator,,,,,dangerous_goods_indicator,,nao
55,BL.pdf,BL,containers[].dangerous_goods_class,,,,,dangerous_goods_class,,nao
56,BL.pdf,BL,containers[].packaging[].type,,,,,type,PALLETS,sim
57,BL.pdf,BL,containers[].packaging[].quantity,,,,,quantity,29,sim
58,BL.pdf,BL,containerNumbers,container_numero_processo_container,ContainerProcesso,alta,,containerNumbers,HLBU2358024,sim
59,BL.pdf,BL,goods.ncm_code,ncm_item,PedidoItem,alta,,ncm_code,8607,sim
60,BL.pdf,BL,goods.ncm_list[0],,,,,ncm_list[0],8607,sim
61,BL.pdf,BL,goods.hs_code,ncm_item,PedidoItem,alta,,hs_code,,nao
62,BL.pdf,BL,goods.bl_description,,,,,bl_description,"20 STANDARD DRY S.L.A.C.
29 PALLETS OF BEARINGS NON HAZ

NCM: 8607

wooden dunnage heat treated and certified

ITN: X20241017210508",sim
63,BL.pdf,BL,goods.total_packages,,,,,total_packages,29,sim
64,BL.pdf,BL,goods.package_unit,,,,,package_unit,PALLETS,sim
65,BL.pdf,BL,goods.shipment_gross_weight,,,,,shipment_gross_weight,19587.809,sim
66,BL.pdf,BL,goods.shipment_net_weight,,,,,shipment_net_weight,,nao
67,BL.pdf,BL,goods.total_shipment_volume,,,,,total_shipment_volume,15.200,sim
68,BL.pdf,BL,goods.volume_unit,,,,,volume_unit,CBM,sim
69,BL.pdf,BL,goods.packaging_summary[].type,,,,,type,PALLETS,sim
70,BL.pdf,BL,goods.packaging_summary[].total_quantity,,,,,total_quantity,29,sim
71,BL.pdf,BL,goods.items[].quantity,,,,,quantity,29 PALLETS,sim
72,BL.pdf,BL,goods.items[].description,descricao_item,PedidoItem,alta,,description,BEARINGS NON HAZ,sim
73,BL.pdf,BL,goods.items[].ncm,ncm_item,PedidoItem,alta,,ncm,8607,sim
74,BL.pdf,BL,goods.items[].net_weight,,,,,net_weight,,nao
75,BL.pdf,BL,goods.items[].gross_weight,,,,,gross_weight,19587.809,sim
76,BL.pdf,BL,goods.items[].volume,,,,,volume,15.20,sim
77,BL.pdf,BL,goods.items[].shipper,,,,,shipper,,nao
78,BL.pdf,BL,goods.items[].invoice,,,,,invoice,,nao
79,BL.pdf,BL,freight.currency,,,,,currency,USD,sim
80,BL.pdf,BL,freight.total_value,,,,,total_value,4941.19,sim
81,BL.pdf,BL,freight.basic_value,,,,,basic_value,4504.00,sim
82,BL.pdf,BL,freight.payment_terms,,,,,payment_terms,COLLECT,sim
83,BL.pdf,BL,freight.clauses[].clause,,,,,clause,FREIGHT COLLECT,sim
84,BL.pdf,BL,freight.additional_charges[].Nome da Taxa,,,,,Nome da Taxa,OVERWEIGHT,sim
85,BL.pdf,BL,freight.additional_charges[].Valor,,,,,Valor,300.00,sim
86,BL.pdf,BL,freight.additional_charges[].Moeda,,,,,Moeda,USD,sim
87,BL.pdf,BL,woodPackaging.hasWood,,,,,hasWood,Sim,sim
88,BL.pdf,BL,woodPackaging.isTreatedCertified,,,,,isTreatedCertified,Sim,sim
89,BL.pdf,BL,woodPackaging.woodDescription,,,,,woodDescription,wooden dunnage heat treated and certified,sim
90,BL.pdf,BL,observations,,,,,observations,ITN: X20241017210508,sim
91,BL.pdf,BL,isSigned,,,,,isSigned,true,sim
92,BL.pdf,BL,additionalFields.Agente de Entrega,,,,,Agente de Entrega,BLUE LINE AGENCIAMENTO DE CARGAS LTDA,sim
93,BL.pdf,BL,additionalFields.CNPJ Agente de Entrega,,,,,CNPJ Agente de Entrega,05.376.052/0001-80,sim
94,BL.pdf,BL,additionalFields.Email Agente de Entrega,,,,,Email Agente de Entrega,IMPORT@BLUELINELOG.COM,sim
95,BL.pdf,BL,document.type,,,,,type,BILL OF LADING,sim
96,BL.pdf,BL,document.date,,,,,date,2024-10-24,sim
97,BL.pdf,BL,document.shippedOnBoardDate,,,,,shippedOnBoardDate,2024-10-24,sim
98,BL.pdf,BL,document.number,numero_bl_processo,DocumentoProcesso,alta,,number,GWW-375555,sim
99,BL.pdf,BL,document.billOfLadingNumber,numero_bl_processo,DocumentoProcesso,alta,,billOfLadingNumber,GWW-375555,sim
100,BL.pdf,BL,document.masterBillOfLadingNumber,numero_mbl_processo,DocumentoProcesso,alta,,masterBillOfLadingNumber,,nao
101,BL.pdf,BL,document.bookingReference,numero_bl_processo,DocumentoProcesso,alta,,bookingReference,GWW-375555,sim
102,BL.pdf,BL,carrier.name,nome_fornecedor,Fornecedor,alta,,name,LANDSTAR GLOBAL LOGISTICS,sim
103,BL.pdf,BL,exporter.name,nome_exportador_item,PedidoItem,sugestao,Alternativas: nome_fornecedor (Fornecedor),name,"AMSTED RAIL INTERNATIONAL, INC",sim
104,BL.pdf,BL,exporter.address,endereco_fornecedor,Fornecedor,alta,,address,"2580 FRONTAGE ROAD, PETERSBURG, VA 23805",sim
105,BL.pdf,BL,exporter.country,pais_fornecedor,Fornecedor,alta,,country,UNITED STATES,sim
106,BL.pdf,BL,exporter.state_province,estado_provincia_fornecedor,Fornecedor,alta,,state_province,VA,sim
107,BL.pdf,BL,exporter.city,cidade_fornecedor,Fornecedor,alta,,city,PETERSBURG,sim
108,BL.pdf,BL,exporter.zip_code,cep_zipcode_fornecedor,Fornecedor,alta,,zip_code,23805,sim
109,BL.pdf,BL,exporter.taxId,tin_fornecedor,Fornecedor,alta,,taxId,,nao
110,BL.pdf,BL,exporter.phone,telefone_fornecedor,Fornecedor,alta,,phone,,nao
111,BL.pdf,BL,exporter.email,email_fornecedor,Fornecedor,alta,,email,,nao
112,BL.pdf,BL,importer.name,nome_importador_item,PedidoItem,sugestao,Alternativas: nome_fornecedor (Fornecedor),name,DMM-IE IMPORTACAO & EXPORTACAO LTDA,sim
113,BL.pdf,BL,importer.address,endereco_fornecedor,Fornecedor,alta,,address,"R. DR PEDRO FERREIRA, 155-CONJ 1003 088301030 ITAJAI - SC",sim
114,BL.pdf,BL,importer.country,pais_fornecedor,Fornecedor,alta,,country,BRAZIL,sim
115,BL.pdf,BL,importer.state_province,estado_provincia_fornecedor,Fornecedor,alta,,state_province,SC,sim
116,BL.pdf,BL,importer.city,cidade_fornecedor,Fornecedor,alta,,city,ITAJAI,sim
117,BL.pdf,BL,importer.zip_code,cep_zipcode_fornecedor,Fornecedor,alta,,zip_code,088301030,sim
118,BL.pdf,BL,importer.cnpj,cnpj_fornecedor,Fornecedor,alta,,cnpj,08.973.387/0002-55,sim
119,BL.pdf,BL,importer.phone,telefone_fornecedor,Fornecedor,alta,,phone,,nao
120,BL.pdf,BL,importer.email,email_fornecedor,Fornecedor,alta,,email,,nao
121,BL.pdf,BL,notify_party.name,nome_fornecedor,Fornecedor,alta,,name,AMSTED RAIL BRASIL EQUIPAMENTOS FERROVIARIOS LTDA.,sim
122,BL.pdf,BL,notify_party.address,endereco_fornecedor,Fornecedor,alta,,address,"RUA DOUTOR PEDRO FERREIRA, 1553. ANDAR, SALA 315, CENTRO, 88301-901 ITAJAI - SC BRAZIL",sim
123,BL.pdf,BL,notify_party.country,,,,,country,BRAZIL,sim
124,BL.pdf,BL,notify_party.state_province,,,,,state_province,SC,sim
125,BL.pdf,BL,notify_party.city,,,,,city,ITAJAI,sim
126,BL.pdf,BL,notify_party.zip_code,,,,,zip_code,88301-901,sim
127,BL.pdf,BL,notify_party.cnpj,,,,,cnpj,03-411.938/0002-73,sim
128,BL.pdf,BL,notify_party.phone,,,,,phone,,nao
129,BL.pdf,BL,notify_party.email,,,,,email,,nao
130,BL.pdf,BL,shipment.pre_carriage,,,,,pre_carriage,,nao
131,BL.pdf,BL,shipment.vessel_name,,,,,vessel_name,Monte Pascoal,sim
132,BL.pdf,BL,shipment.voyage_number,,,,,voyage_number,442S,sim
133,BL.pdf,BL,shipment.port_of_origin,porto_origem_processo,LogisticaInternacionalProcesso,alta,,port_of_origin,"PHILADELPHIA, PA",sim
134,BL.pdf,BL,shipment.port_of_destination,porto_destino_processo,LogisticaInternacionalProcesso,alta,,port_of_destination,ITAPOA,sim
135,BL.pdf,BL,shipment.place_of_origin,,,,,place_of_origin,"PETERSBURG, VA",sim
136,BL.pdf,BL,shipment.place_of_destination,,,,,place_of_destination,,nao
137,BL.pdf,BL,shipment.origin_country,,,,,origin_country,UNITED STATES,sim
138,BL.pdf,BL,shipment.destination_state,,,,,destination_state,SC,sim
139,BL.pdf,BL,shipment.marksAndNumbers,,,,,marksAndNumbers,HLBU2358024/Seal:UL-4200593,sim
140,BL.pdf,BL,shipment.temperature,,,,,temperature,,nao
141,BL.pdf,BL,containers[].container_type,container_tipo_processo_container,ContainerProcesso,alta,,container_type,20 STANDARD DRY,sim
142,BL.pdf,BL,containers[].container_number,container_numero_processo_container,ContainerProcesso,alta,,container_number,HLBU2358024,sim
143,BL.pdf,BL,containers[].container_seal,container_lacre_processo_container,ContainerProcesso,alta,,container_seal,UL-4200593,sim
144,BL.pdf,BL,containers[].container_gross_weight,container_peso_bruto_processo_container,ContainerProcesso,alta,,container_gross_weight,19587.809,sim
145,BL.pdf,BL,containers[].container_net_weight,container_peso_liquido_processo_container,ContainerProcesso,alta,,container_net_weight,,nao
146,BL.pdf,BL,containers[].container_volume,container_metragem_cubica_processo_container,ContainerProcesso,alta,,container_volume,15.200,sim
147,BL.pdf,BL,containers[].container_tare,,,,,container_tare,,nao
148,BL.pdf,BL,containers[].dangerous_goods_indicator,,,,,dangerous_goods_indicator,,nao
149,BL.pdf,BL,containers[].dangerous_goods_class,,,,,dangerous_goods_class,,nao
150,BL.pdf,BL,containers[].packaging[].type,,,,,type,PALLETS,sim
151,BL.pdf,BL,containers[].packaging[].quantity,,,,,quantity,29,sim
152,BL.pdf,BL,containerNumbers,container_numero_processo_container,ContainerProcesso,alta,,containerNumbers,HLBU2358024,sim
153,BL.pdf,BL,goods.ncm_code,ncm_item,PedidoItem,alta,,ncm_code,8607,sim
154,BL.pdf,BL,goods.ncm_list[0],,,,,ncm_list[0],8607,sim
155,BL.pdf,BL,goods.hs_code,ncm_item,PedidoItem,alta,,hs_code,,nao
156,BL.pdf,BL,goods.bl_description,,,,,bl_description,"20 STANDARD DRY S.L.A.C.
29 PALLETS OF BEARINGS NON HAZ

NCM: 8607

wooden dunnage heat treated and certified

ITN: X20241017210508",sim
157,BL.pdf,BL,goods.total_packages,,,,,total_packages,29,sim
158,BL.pdf,BL,goods.package_unit,,,,,package_unit,PALLETS,sim
159,BL.pdf,BL,goods.shipment_gross_weight,,,,,shipment_gross_weight,19587.809,sim
160,BL.pdf,BL,goods.shipment_net_weight,,,,,shipment_net_weight,,nao
161,BL.pdf,BL,goods.total_shipment_volume,,,,,total_shipment_volume,15.200,sim
162,BL.pdf,BL,goods.volume_unit,,,,,volume_unit,CBM,sim
163,BL.pdf,BL,goods.packaging_summary[].type,,,,,type,PALLETS,sim
164,BL.pdf,BL,goods.packaging_summary[].total_quantity,,,,,total_quantity,29,sim
165,BL.pdf,BL,goods.items[].quantity,,,,,quantity,29 PALLETS,sim
166,BL.pdf,BL,goods.items[].description,descricao_item,PedidoItem,alta,,description,BEARINGS NON HAZ,sim
167,BL.pdf,BL,goods.items[].ncm,ncm_item,PedidoItem,alta,,ncm,8607,sim
168,BL.pdf,BL,goods.items[].net_weight,,,,,net_weight,,nao
169,BL.pdf,BL,goods.items[].gross_weight,,,,,gross_weight,19587.809,sim
170,BL.pdf,BL,goods.items[].volume,,,,,volume,15.20,sim
171,BL.pdf,BL,goods.items[].shipper,,,,,shipper,,nao
172,BL.pdf,BL,goods.items[].invoice,,,,,invoice,,nao
173,BL.pdf,BL,freight.currency,,,,,currency,USD,sim
174,BL.pdf,BL,freight.total_value,,,,,total_value,4941.19,sim
175,BL.pdf,BL,freight.basic_value,,,,,basic_value,4504.00,sim
176,BL.pdf,BL,freight.payment_terms,,,,,payment_terms,COLLECT,sim
177,BL.pdf,BL,freight.clauses[].clause,,,,,clause,FREIGHT COLLECT,sim
178,BL.pdf,BL,freight.additional_charges[].Nome da Taxa,,,,,Nome da Taxa,OVERWEIGHT,sim
179,BL.pdf,BL,freight.additional_charges[].Valor,,,,,Valor,300.00,sim
180,BL.pdf,BL,freight.additional_charges[].Moeda,,,,,Moeda,USD,sim
181,BL.pdf,BL,woodPackaging.hasWood,,,,,hasWood,Sim,sim
182,BL.pdf,BL,woodPackaging.isTreatedCertified,,,,,isTreatedCertified,Sim,sim
183,BL.pdf,BL,woodPackaging.woodDescription,,,,,woodDescription,wooden dunnage heat treated and certified,sim
184,BL.pdf,BL,observations,,,,,observations,ITN: X20241017210508,sim
185,BL.pdf,BL,isSigned,,,,,isSigned,true,sim
186,BL.pdf,BL,additionalFields.Agente de Entrega,,,,,Agente de Entrega,BLUE LINE AGENCIAMENTO DE CARGAS LTDA,sim
187,BL.pdf,BL,additionalFields.CNPJ Agente de Entrega,,,,,CNPJ Agente de Entrega,05.376.052/0001-80,sim
188,BL.pdf,BL,additionalFields.Email Agente de Entrega,,,,,Email Agente de Entrega,IMPORT@BLUELINELOG.COM,sim
189,INVOICE77.pdf,PACKING_LIST,document.number,numero_bl_processo,DocumentoProcesso,sugestao,Alternativas: numero_awb_processo (DocumentoProcesso),number,ISA-002036,sim
190,INVOICE77.pdf,PACKING_LIST,document.type,,,,,type,PACKING LIST,sim
191,INVOICE77.pdf,PACKING_LIST,document.date,,,,,date,2024-06-19,sim
192,INVOICE77.pdf,PACKING_LIST,document.incoterm,incoterm_processo,LogisticaInternacionalProcesso,alta,,incoterm,EXW,sim
193,INVOICE77.pdf,PACKING_LIST,document.incotermLocation,,,,,incotermLocation,HK,sim
194,INVOICE77.pdf,PACKING_LIST,document.originCountry,,,,,originCountry,China,sim
195,INVOICE77.pdf,PACKING_LIST,document.shippedOnBoardDate,,,,,shippedOnBoardDate,,nao
196,INVOICE77.pdf,PACKING_LIST,exporter.name,nome_exportador_item,PedidoItem,sugestao,Alternativas: nome_fornecedor (Fornecedor),name,"LUEN TAI P.C.B. FACTORY CO., LTD.",sim
197,INVOICE77.pdf,PACKING_LIST,exporter.address,endereco_fornecedor,Fornecedor,alta,,address,"Uint 5, 21/F., Midas Plaza, No.1 Tai Yau Street, San Po Kong, Kowloon",sim
198,INVOICE77.pdf,PACKING_LIST,exporter.country,pais_fornecedor,Fornecedor,alta,,country,Hong Kong,sim
199,INVOICE77.pdf,PACKING_LIST,exporter.state,estado_provincia_fornecedor,Fornecedor,alta,,state,,nao
200,INVOICE77.pdf,PACKING_LIST,exporter.city,cidade_fornecedor,Fornecedor,alta,,city,Kowloon,sim
201,INVOICE77.pdf,PACKING_LIST,exporter.zipCode,cep_zipcode_fornecedor,Fornecedor,alta,,zipCode,,nao
202,INVOICE77.pdf,PACKING_LIST,exporter.taxId,tin_fornecedor,Fornecedor,alta,,taxId,,nao
203,INVOICE77.pdf,PACKING_LIST,exporter.phone,telefone_fornecedor,Fornecedor,alta,,phone,852 - 2321 8391,sim
204,INVOICE77.pdf,PACKING_LIST,exporter.email,email_fornecedor,Fornecedor,alta,,email,,nao
205,INVOICE77.pdf,PACKING_LIST,importer.name,nome_importador_item,PedidoItem,sugestao,Alternativas: nome_fornecedor (Fornecedor),name,Intelbras S/A -Indústria de Telecomunicação Eletrônica Brasileira,sim
206,INVOICE77.pdf,PACKING_LIST,importer.address,endereco_fornecedor,Fornecedor,alta,,address,"Av. Tefé, 3105 - Bairro Japiim",sim
207,INVOICE77.pdf,PACKING_LIST,importer.country,pais_fornecedor,Fornecedor,alta,,country,Brazil,sim
208,INVOICE77.pdf,PACKING_LIST,importer.state,estado_provincia_fornecedor,Fornecedor,alta,,state,,nao
209,INVOICE77.pdf,PACKING_LIST,importer.city,cidade_fornecedor,Fornecedor,alta,,city,,nao
210,INVOICE77.pdf,PACKING_LIST,importer.zipCode,cep_zipcode_fornecedor,Fornecedor,alta,,zipCode,,nao
211,INVOICE77.pdf,PACKING_LIST,importer.cnpj,cnpj_fornecedor,Fornecedor,alta,,cnpj,82.901.000/0015-22,sim
212,INVOICE77.pdf,PACKING_LIST,importer.phone,telefone_fornecedor,Fornecedor,alta,,phone,,nao
213,INVOICE77.pdf,PACKING_LIST,importer.email,email_fornecedor,Fornecedor,alta,,email,,nao
214,INVOICE77.pdf,PACKING_LIST,shipmentDetails.transportMode,modal_frete_internacional_processo,LogisticaInternacionalProcesso,alta,,transportMode,By sea,sim
215,INVOICE77.pdf,PACKING_LIST,shipmentDetails.vesselName,,,,,vesselName,,nao
216,INVOICE77.pdf,PACKING_LIST,shipmentDetails.origin.port,,,,,port,,nao
217,INVOICE77.pdf,PACKING_LIST,shipmentDetails.origin.airport,,,,,airport,,nao
218,INVOICE77.pdf,PACKING_LIST,shipmentDetails.origin.location,,,,,location,,nao
219,INVOICE77.pdf,PACKING_LIST,shipmentDetails.origin.place,,,,,place,,nao
220,INVOICE77.pdf,PACKING_LIST,shipmentDetails.destination.port,,,,,port,,nao
221,INVOICE77.pdf,PACKING_LIST,shipmentDetails.destination.airport,,,,,airport,,nao
222,INVOICE77.pdf,PACKING_LIST,shipmentDetails.destination.location,,,,,location,,nao
223,INVOICE77.pdf,PACKING_LIST,shipmentDetails.destination.place,,,,,place,,nao
224,INVOICE77.pdf,PACKING_LIST,containerNumbers,container_numero_processo_container,ContainerProcesso,alta,,containerNumbers,,nao
225,INVOICE77.pdf,PACKING_LIST,packageSummary.totalGrossWeight,,,,,totalGrossWeight,177.470,sim
226,INVOICE77.pdf,PACKING_LIST,packageSummary.totalNetWeight,,,,,totalNetWeight,153.670,sim
227,INVOICE77.pdf,PACKING_LIST,packageSummary.commercialUnit,,,,,commercialUnit,kgs,sim
228,INVOICE77.pdf,PACKING_LIST,packageSummary.totalTareWeight,,,,,totalTareWeight,23.800,sim
229,INVOICE77.pdf,PACKING_LIST,packageSummary.totalCubicMeasurement,,,,,totalCubicMeasurement,0.432,sim
230,INVOICE77.pdf,PACKING_LIST,packageSummary.totalPackages,,,,,totalPackages,550,sim
231,INVOICE77.pdf,PACKING_LIST,items[].partNumber,part_number_item,PedidoItem,alta,,partNumber,1080936,sim
232,INVOICE77.pdf,PACKING_LIST,items[].productDescription,descricao_item,PedidoItem,alta,,productDescription,,nao
233,INVOICE77.pdf,PACKING_LIST,items[].package.unitQuantity,,,,,unitQuantity,450,sim
234,INVOICE77.pdf,PACKING_LIST,items[].package.type,,,,,type,Carton,sim
235,INVOICE77.pdf,PACKING_LIST,items[].package.unitGrossWeight,,,,,unitGrossWeight,,nao
236,INVOICE77.pdf,PACKING_LIST,items[].package.unitNetWeight,,,,,unitNetWeight,,nao
237,INVOICE77.pdf,PACKING_LIST,items[].package.totalCubicMeasurement,,,,,totalCubicMeasurement,,nao
238,INVOICE77.pdf,PACKING_LIST,items[].package.totalTareWeight,,,,,totalTareWeight,,nao
239,INVOICE77.pdf,PACKING_LIST,items[].totalProductQuantity,,,,,totalProductQuantity,9900,sim
240,INVOICE77.pdf,PACKING_LIST,items[].ncm,,,,,ncm,,nao
241,INVOICE77.pdf,PACKING_LIST,items[].hsCode,,,,,hsCode,,nao
242,INVOICE77.pdf,PACKING_LIST,items[].additionalInformation,,,,,additionalInformation,,nao
243,INVOICE77.pdf,PACKING_LIST,observations,,,,,observations,ATTN : Samantha Scheidt | Shipment does not contain solid wooden packing material | Freight cost AS PER AWB/HBL,sim
244,INVOICE77.pdf,PACKING_LIST,isSigned,,,,,isSigned,false,sim
245,INVOICE77.pdf,PACKING_LIST,additionalFields.País de Aquisição,,,,,País de Aquisição,Hong Kong,sim
246,INVOICE77.pdf,PACKING_LIST,additionalFields.País de Procedência,,,,,País de Procedência,Hong Kong,sim
247,INVOICE77.pdf,PACKING_LIST,additionalFields.Total de Paletes,,,,,Total de Paletes,1,sim
248,INVOICE77.pdf,PACKING_LIST,additionalFields.Dimensões,,,,,Dimensões,120*80*45cm(1),sim
249,INVOICE77.pdf,PACKING_LIST,additionalFields.Nota de Entrega,,,,,Nota de Entrega,PH10021643,sim
250,INVOICE77.pdf,INVOICE,document.documentNumber,numero_invoice_item,PedidoItem,alta,,documentNumber,ISA-002036,sim
251,INVOICE77.pdf,INVOICE,document.documentType,,,,,documentType,COMMERCIAL INVOICE,sim
252,INVOICE77.pdf,INVOICE,document.documentDate,,,,,documentDate,2024-06-19,sim
253,INVOICE77.pdf,INVOICE,document.incoterm,incoterm_item,PedidoItem,sugestao,Alternativas: incoterm_processo (LogisticaInternacionalProcesso),incoterm,EXW,sim
254,INVOICE77.pdf,INVOICE,document.incotermLocation,,,,,incotermLocation,HK,sim
255,INVOICE77.pdf,INVOICE,document.originCountry,,,,,originCountry,China,sim
256,INVOICE77.pdf,INVOICE,document.countryOfAcquisition,,,,,countryOfAcquisition,Hong Kong,sim
257,INVOICE77.pdf,INVOICE,document.countryOfProvenance,,,,,countryOfProvenance,Hong Kong,sim
258,INVOICE77.pdf,INVOICE,document.shippedOnBoardDate,,,,,shippedOnBoardDate,,nao
259,INVOICE77.pdf,INVOICE,exporter.name,nome_exportador_item,PedidoItem,sugestao,Alternativas: nome_fornecedor (Fornecedor),name,"LUEN TAI P.C.B. FACTORY CO., LTD.",sim
260,INVOICE77.pdf,INVOICE,exporter.address,endereco_fornecedor,Fornecedor,alta,,address,"Uint 5, 21/F., Midas Plaza, No.1 Tai Yau Street, San Po Kong, Kowloon",sim
261,INVOICE77.pdf,INVOICE,exporter.country,pais_fornecedor,Fornecedor,alta,,country,Hong Kong,sim
262,INVOICE77.pdf,INVOICE,exporter.state,estado_provincia_fornecedor,Fornecedor,alta,,state,,nao
263,INVOICE77.pdf,INVOICE,exporter.city,cidade_fornecedor,Fornecedor,alta,,city,Kowloon,sim
264,INVOICE77.pdf,INVOICE,exporter.zipCode,cep_zipcode_fornecedor,Fornecedor,alta,,zipCode,,nao
265,INVOICE77.pdf,INVOICE,exporter.taxId,tin_fornecedor,Fornecedor,alta,,taxId,,nao
266,INVOICE77.pdf,INVOICE,exporter.phone,telefone_fornecedor,Fornecedor,alta,,phone,,nao
267,INVOICE77.pdf,INVOICE,exporter.email,email_fornecedor,Fornecedor,alta,,email,,nao
268,INVOICE77.pdf,INVOICE,importer.name,nome_importador_item,PedidoItem,sugestao,Alternativas: nome_fornecedor (Fornecedor),name,Intelbras S/A -Indústria de Telecomunicação Eletrônica Brasileira,sim
269,INVOICE77.pdf,INVOICE,importer.address,endereco_fornecedor,Fornecedor,alta,,address,"Av. Tefé, 3105 - Bairro Japiim Zip code: 69078000 Manaus, AM",sim
270,INVOICE77.pdf,INVOICE,importer.country,pais_fornecedor,Fornecedor,alta,,country,Brazil,sim
271,INVOICE77.pdf,INVOICE,importer.state,estado_provincia_fornecedor,Fornecedor,alta,,state,AM,sim
272,INVOICE77.pdf,INVOICE,importer.city,cidade_fornecedor,Fornecedor,alta,,city,Manaus,sim
273,INVOICE77.pdf,INVOICE,importer.zipCode,cep_zipcode_fornecedor,Fornecedor,alta,,zipCode,69078000,sim
274,INVOICE77.pdf,INVOICE,importer.taxId,cnpj_fornecedor,Fornecedor,alta,,taxId,82.901.000/0015-22,sim
275,INVOICE77.pdf,INVOICE,importer.phone,telefone_fornecedor,Fornecedor,alta,,phone,,nao
276,INVOICE77.pdf,INVOICE,importer.email,email_fornecedor,Fornecedor,alta,,email,,nao
277,INVOICE77.pdf,INVOICE,shipment.modal,modal_frete_internacional_processo,LogisticaInternacionalProcesso,alta,,modal,,nao
278,INVOICE77.pdf,INVOICE,shipment.carrier,,,,,carrier,,nao
279,INVOICE77.pdf,INVOICE,shipment.vesselName,,,,,vesselName,,nao
280,INVOICE77.pdf,INVOICE,shipment.airports.origin,,,,,origin,,nao
281,INVOICE77.pdf,INVOICE,shipment.airports.destination,,,,,destination,,nao
282,INVOICE77.pdf,INVOICE,shipment.ports.origin,porto_origem_processo,LogisticaInternacionalProcesso,alta,,origin,,nao
283,INVOICE77.pdf,INVOICE,shipment.ports.loading,porto_origem_processo,LogisticaInternacionalProcesso,alta,,loading,,nao
284,INVOICE77.pdf,INVOICE,shipment.ports.destination,porto_destino_processo,LogisticaInternacionalProcesso,alta,,destination,,nao
285,INVOICE77.pdf,INVOICE,shipment.ports.discharge,porto_destino_processo,LogisticaInternacionalProcesso,alta,,discharge,,nao
286,INVOICE77.pdf,INVOICE,shipment.costs.freight,,,,,freight,AS PER AWB/HBL,sim
287,INVOICE77.pdf,INVOICE,shipment.costs.insurance,,,,,insurance,,nao
288,INVOICE77.pdf,INVOICE,containerNumbers,container_numero_processo_container,ContainerProcesso,alta,,containerNumbers,,nao
289,INVOICE77.pdf,INVOICE,payment.method,,,,,method,,nao
290,INVOICE77.pdf,INVOICE,payment.terms,condicao_pagamento_item,PedidoItem,alta,,terms,T / T 90 days from BL / AWB,sim
291,INVOICE77.pdf,INVOICE,bankingDetails.bankName,,,,,bankName,,nao
292,INVOICE77.pdf,INVOICE,bankingDetails.iban,,,,,iban,,nao
293,INVOICE77.pdf,INVOICE,bankingDetails.swift,,,,,swift,,nao
294,INVOICE77.pdf,INVOICE,bankingDetails.accountNumber,,,,,accountNumber,,nao
295,INVOICE77.pdf,INVOICE,bankingDetails.beneficiary,,,,,beneficiary,,nao
296,INVOICE77.pdf,INVOICE,bankingDetails.branchCode,,,,,branchCode,,nao
297,INVOICE77.pdf,INVOICE,bankingDetails.fullText,,,,,fullText,,nao
298,INVOICE77.pdf,INVOICE,packageSummary.totalGrossWeight,,,,,totalGrossWeight,177.470,sim
299,INVOICE77.pdf,INVOICE,packageSummary.totalNetWeight,,,,,totalNetWeight,153.670,sim
300,INVOICE77.pdf,INVOICE,packageSummary.commercialUnit,,,,,commercialUnit,Kgs,sim
301,INVOICE77.pdf,INVOICE,packageSummary.totalTareWeight,,,,,totalTareWeight,,nao
302,INVOICE77.pdf,INVOICE,packageSummary.totalCubicMeasurement,,,,,totalCubicMeasurement,,nao
303,INVOICE77.pdf,INVOICE,packageSummary.totalPackages,,,,,totalPackages,23,sim
304,INVOICE77.pdf,INVOICE,currency.type,moeda_item,PedidoItem,alta,,type,USD,sim
305,INVOICE77.pdf,INVOICE,currency.exchangeRate,,,,,exchangeRate,,nao
306,INVOICE77.pdf,INVOICE,items_quantity,,,,,items_quantity,1,sim
307,INVOICE77.pdf,INVOICE,values.totalDocumentValue,,,,,totalDocumentValue,1600.00,sim
308,INVOICE77.pdf,INVOICE,values.discountsOrAdditions,,,,,discountsOrAdditions,,nao
309,INVOICE77.pdf,INVOICE,values.otherCharges,,,,,otherCharges,,nao
310,INVOICE77.pdf,INVOICE,observations,,,,,observations,MEASUREMENT : 120*80*45cm(1),sim
311,INVOICE77.pdf,INVOICE,isSigned,,,,,isSigned,true,sim
312,INVOICE77.pdf,INVOICE,additionalFields.Total de Paletes,,,,,Total de Paletes,1,sim
313,INVOICE77.pdf,INVOICE,items[].descriptions.english,descricao_completa_item_en,PedidoItem,alta,,english,PCI FN OSP 1L PORTEIRO IPR1010MI 4610135/5,sim
314,INVOICE77.pdf,INVOICE,items[].descriptions.portuguese,descricao_completa_item_pt,PedidoItem,alta,,portuguese,,nao
315,INVOICE77.pdf,INVOICE,items[].weights.unit,,,,,unit,Kgs,sim
316,INVOICE77.pdf,INVOICE,items[].weights.net,,,,,net,153.67,sim
317,INVOICE77.pdf,INVOICE,items[].weights.gross,,,,,gross,,nao
318,INVOICE77.pdf,INVOICE,items[].volume.packageType,,,,,packageType,,nao
319,INVOICE77.pdf,INVOICE,items[].volume.dimensions,,,,,dimensions,,nao
320,INVOICE77.pdf,INVOICE,items[].volume.size,,,,,size,,nao
321,INVOICE77.pdf,INVOICE,items[].volume.quantity,,,,,quantity,,nao
322,INVOICE77.pdf,INVOICE,items[].partNumber,part_number_item,PedidoItem,alta,,partNumber,1080936,sim
323,INVOICE77.pdf,INVOICE,items[].poNumber,,,,,poNumber,682.446,sim
324,INVOICE77.pdf,INVOICE,items[].itemQuantity,,,,,itemQuantity,10000,sim
325,INVOICE77.pdf,INVOICE,items[].itemCurrency,,,,,itemCurrency,USD,sim
326,INVOICE77.pdf,INVOICE,items[].itemUnitPriceWithCurrency,,,,,itemUnitPriceWithCurrency,0.16,sim
327,INVOICE77.pdf,INVOICE,items[].itemTotalPriceWithCurrency,,,,,itemTotalPriceWithCurrency,1600.00,sim
328,INVOICE77.pdf,INVOICE,items[].ncm,,,,,ncm,,nao
329,INVOICE77.pdf,INVOICE,items[].hsCode,,,,,hsCode,,nao
330,INVOICE77.pdf,INVOICE,items[].originCountry,,,,,originCountry,,nao
331,INVOICE77.pdf,INVOICE,items[].manufacturer,,,,,manufacturer,,nao
332,INVOICE77.pdf,PACKING_LIST,document.number,numero_bl_processo,DocumentoProcesso,sugestao,Alternativas: numero_awb_processo (DocumentoProcesso),number,ISA-002036,sim
333,INVOICE77.pdf,PACKING_LIST,document.type,,,,,type,PACKING LIST,sim
334,INVOICE77.pdf,PACKING_LIST,document.date,,,,,date,2024-06-19,sim
335,INVOICE77.pdf,PACKING_LIST,document.incoterm,incoterm_processo,LogisticaInternacionalProcesso,alta,,incoterm,EXW,sim
336,INVOICE77.pdf,PACKING_LIST,document.incotermLocation,,,,,incotermLocation,HK,sim
337,INVOICE77.pdf,PACKING_LIST,document.originCountry,,,,,originCountry,China,sim
338,INVOICE77.pdf,PACKING_LIST,document.shippedOnBoardDate,,,,,shippedOnBoardDate,,nao
339,INVOICE77.pdf,PACKING_LIST,exporter.name,nome_exportador_item,PedidoItem,sugestao,Alternativas: nome_fornecedor (Fornecedor),name,"LUEN TAI P.C.B. FACTORY CO., LTD.",sim
340,INVOICE77.pdf,PACKING_LIST,exporter.address,endereco_fornecedor,Fornecedor,alta,,address,"Uint 5, 21/F., Midas Plaza, No.1 Tai Yau Street, San Po Kong, Kowloon",sim
341,INVOICE77.pdf,PACKING_LIST,exporter.country,pais_fornecedor,Fornecedor,alta,,country,Hong Kong,sim
342,INVOICE77.pdf,PACKING_LIST,exporter.state,estado_provincia_fornecedor,Fornecedor,alta,,state,,nao
343,INVOICE77.pdf,PACKING_LIST,exporter.city,cidade_fornecedor,Fornecedor,alta,,city,Kowloon,sim
344,INVOICE77.pdf,PACKING_LIST,exporter.zipCode,cep_zipcode_fornecedor,Fornecedor,alta,,zipCode,,nao
345,INVOICE77.pdf,PACKING_LIST,exporter.taxId,tin_fornecedor,Fornecedor,alta,,taxId,,nao
346,INVOICE77.pdf,PACKING_LIST,exporter.phone,telefone_fornecedor,Fornecedor,alta,,phone,852 - 2321 8391,sim
347,INVOICE77.pdf,PACKING_LIST,exporter.email,email_fornecedor,Fornecedor,alta,,email,,nao
348,INVOICE77.pdf,PACKING_LIST,importer.name,nome_importador_item,PedidoItem,sugestao,Alternativas: nome_fornecedor (Fornecedor),name,Intelbras S/A -Indústria de Telecomunicação Eletrônica Brasileira,sim
349,INVOICE77.pdf,PACKING_LIST,importer.address,endereco_fornecedor,Fornecedor,alta,,address,"Av. Tefé, 3105 - Bairro Japiim",sim
350,INVOICE77.pdf,PACKING_LIST,importer.country,pais_fornecedor,Fornecedor,alta,,country,Brazil,sim
351,INVOICE77.pdf,PACKING_LIST,importer.state,estado_provincia_fornecedor,Fornecedor,alta,,state,,nao
352,INVOICE77.pdf,PACKING_LIST,importer.city,cidade_fornecedor,Fornecedor,alta,,city,,nao
353,INVOICE77.pdf,PACKING_LIST,importer.zipCode,cep_zipcode_fornecedor,Fornecedor,alta,,zipCode,,nao
354,INVOICE77.pdf,PACKING_LIST,importer.cnpj,cnpj_fornecedor,Fornecedor,alta,,cnpj,82.901.000/0015-22,sim
355,INVOICE77.pdf,PACKING_LIST,importer.phone,telefone_fornecedor,Fornecedor,alta,,phone,,nao
356,INVOICE77.pdf,PACKING_LIST,importer.email,email_fornecedor,Fornecedor,alta,,email,,nao
357,INVOICE77.pdf,PACKING_LIST,shipmentDetails.transportMode,modal_frete_internacional_processo,LogisticaInternacionalProcesso,alta,,transportMode,By sea,sim
358,INVOICE77.pdf,PACKING_LIST,shipmentDetails.vesselName,,,,,vesselName,,nao
359,INVOICE77.pdf,PACKING_LIST,shipmentDetails.origin.port,,,,,port,,nao
360,INVOICE77.pdf,PACKING_LIST,shipmentDetails.origin.airport,,,,,airport,,nao
361,INVOICE77.pdf,PACKING_LIST,shipmentDetails.origin.location,,,,,location,,nao
362,INVOICE77.pdf,PACKING_LIST,shipmentDetails.origin.place,,,,,place,,nao
363,INVOICE77.pdf,PACKING_LIST,shipmentDetails.destination.port,,,,,port,,nao
364,INVOICE77.pdf,PACKING_LIST,shipmentDetails.destination.airport,,,,,airport,,nao
365,INVOICE77.pdf,PACKING_LIST,shipmentDetails.destination.location,,,,,location,,nao
366,INVOICE77.pdf,PACKING_LIST,shipmentDetails.destination.place,,,,,place,,nao
367,INVOICE77.pdf,PACKING_LIST,containerNumbers,container_numero_processo_container,ContainerProcesso,alta,,containerNumbers,,nao
368,INVOICE77.pdf,PACKING_LIST,packageSummary.totalGrossWeight,,,,,totalGrossWeight,177.470,sim
369,INVOICE77.pdf,PACKING_LIST,packageSummary.totalNetWeight,,,,,totalNetWeight,153.670,sim
370,INVOICE77.pdf,PACKING_LIST,packageSummary.commercialUnit,,,,,commercialUnit,kgs,sim
371,INVOICE77.pdf,PACKING_LIST,packageSummary.totalTareWeight,,,,,totalTareWeight,23.800,sim
372,INVOICE77.pdf,PACKING_LIST,packageSummary.totalCubicMeasurement,,,,,totalCubicMeasurement,0.432,sim
373,INVOICE77.pdf,PACKING_LIST,packageSummary.totalPackages,,,,,totalPackages,550,sim
374,INVOICE77.pdf,PACKING_LIST,items[].partNumber,part_number_item,PedidoItem,alta,,partNumber,1080936,sim
375,INVOICE77.pdf,PACKING_LIST,items[].productDescription,descricao_item,PedidoItem,alta,,productDescription,,nao
376,INVOICE77.pdf,PACKING_LIST,items[].package.unitQuantity,,,,,unitQuantity,450,sim
377,INVOICE77.pdf,PACKING_LIST,items[].package.type,,,,,type,Carton,sim
378,INVOICE77.pdf,PACKING_LIST,items[].package.unitGrossWeight,,,,,unitGrossWeight,,nao
379,INVOICE77.pdf,PACKING_LIST,items[].package.unitNetWeight,,,,,unitNetWeight,,nao
380,INVOICE77.pdf,PACKING_LIST,items[].package.totalCubicMeasurement,,,,,totalCubicMeasurement,,nao
381,INVOICE77.pdf,PACKING_LIST,items[].package.totalTareWeight,,,,,totalTareWeight,,nao
382,INVOICE77.pdf,PACKING_LIST,items[].totalProductQuantity,,,,,totalProductQuantity,9900,sim
383,INVOICE77.pdf,PACKING_LIST,items[].ncm,,,,,ncm,,nao
384,INVOICE77.pdf,PACKING_LIST,items[].hsCode,,,,,hsCode,,nao
385,INVOICE77.pdf,PACKING_LIST,items[].additionalInformation,,,,,additionalInformation,,nao
386,INVOICE77.pdf,PACKING_LIST,observations,,,,,observations,ATTN : Samantha Scheidt | Shipment does not contain solid wooden packing material | Freight cost AS PER AWB/HBL,sim
387,INVOICE77.pdf,PACKING_LIST,isSigned,,,,,isSigned,false,sim
388,INVOICE77.pdf,PACKING_LIST,additionalFields.País de Aquisição,,,,,País de Aquisição,Hong Kong,sim
389,INVOICE77.pdf,PACKING_LIST,additionalFields.País de Procedência,,,,,País de Procedência,Hong Kong,sim
390,INVOICE77.pdf,PACKING_LIST,additionalFields.Total de Paletes,,,,,Total de Paletes,1,sim
391,INVOICE77.pdf,PACKING_LIST,additionalFields.Dimensões,,,,,Dimensões,120*80*45cm(1),sim
392,INVOICE77.pdf,PACKING_LIST,additionalFields.Nota de Entrega,,,,,Nota de Entrega,PH10021643,sim
393,INVOICE77.pdf,INVOICE,document.documentNumber,numero_invoice_item,PedidoItem,alta,,documentNumber,ISA-002036,sim
394,INVOICE77.pdf,INVOICE,document.documentType,,,,,documentType,COMMERCIAL INVOICE,sim
395,INVOICE77.pdf,INVOICE,document.documentDate,,,,,documentDate,2024-06-19,sim
396,INVOICE77.pdf,INVOICE,document.incoterm,incoterm_item,PedidoItem,sugestao,Alternativas: incoterm_processo (LogisticaInternacionalProcesso),incoterm,EXW,sim
397,INVOICE77.pdf,INVOICE,document.incotermLocation,,,,,incotermLocation,HK,sim
398,INVOICE77.pdf,INVOICE,document.originCountry,,,,,originCountry,China,sim
399,INVOICE77.pdf,INVOICE,document.countryOfAcquisition,,,,,countryOfAcquisition,Hong Kong,sim
400,INVOICE77.pdf,INVOICE,document.countryOfProvenance,,,,,countryOfProvenance,Hong Kong,sim
401,INVOICE77.pdf,INVOICE,document.shippedOnBoardDate,,,,,shippedOnBoardDate,,nao
402,INVOICE77.pdf,INVOICE,exporter.name,nome_exportador_item,PedidoItem,sugestao,Alternativas: nome_fornecedor (Fornecedor),name,"LUEN TAI P.C.B. FACTORY CO., LTD.",sim
403,INVOICE77.pdf,INVOICE,exporter.address,endereco_fornecedor,Fornecedor,alta,,address,"Uint 5, 21/F., Midas Plaza, No.1 Tai Yau Street, San Po Kong, Kowloon",sim
404,INVOICE77.pdf,INVOICE,exporter.country,pais_fornecedor,Fornecedor,alta,,country,Hong Kong,sim
405,INVOICE77.pdf,INVOICE,exporter.state,estado_provincia_fornecedor,Fornecedor,alta,,state,,nao
406,INVOICE77.pdf,INVOICE,exporter.city,cidade_fornecedor,Fornecedor,alta,,city,Kowloon,sim
407,INVOICE77.pdf,INVOICE,exporter.zipCode,cep_zipcode_fornecedor,Fornecedor,alta,,zipCode,,nao
408,INVOICE77.pdf,INVOICE,exporter.taxId,tin_fornecedor,Fornecedor,alta,,taxId,,nao
409,INVOICE77.pdf,INVOICE,exporter.phone,telefone_fornecedor,Fornecedor,alta,,phone,,nao
410,INVOICE77.pdf,INVOICE,exporter.email,email_fornecedor,Fornecedor,alta,,email,,nao
411,INVOICE77.pdf,INVOICE,importer.name,nome_importador_item,PedidoItem,sugestao,Alternativas: nome_fornecedor (Fornecedor),name,Intelbras S/A -Indústria de Telecomunicação Eletrônica Brasileira,sim
412,INVOICE77.pdf,INVOICE,importer.address,endereco_fornecedor,Fornecedor,alta,,address,"Av. Tefé, 3105 - Bairro Japiim Zip code: 69078000 Manaus, AM",sim
413,INVOICE77.pdf,INVOICE,importer.country,pais_fornecedor,Fornecedor,alta,,country,Brazil,sim
414,INVOICE77.pdf,INVOICE,importer.state,estado_provincia_fornecedor,Fornecedor,alta,,state,AM,sim
415,INVOICE77.pdf,INVOICE,importer.city,cidade_fornecedor,Fornecedor,alta,,city,Manaus,sim
416,INVOICE77.pdf,INVOICE,importer.zipCode,cep_zipcode_fornecedor,Fornecedor,alta,,zipCode,69078000,sim
417,INVOICE77.pdf,INVOICE,importer.taxId,cnpj_fornecedor,Fornecedor,alta,,taxId,82.901.000/0015-22,sim
418,INVOICE77.pdf,INVOICE,importer.phone,telefone_fornecedor,Fornecedor,alta,,phone,,nao
419,INVOICE77.pdf,INVOICE,importer.email,email_fornecedor,Fornecedor,alta,,email,,nao
420,INVOICE77.pdf,INVOICE,shipment.modal,modal_frete_internacional_processo,LogisticaInternacionalProcesso,alta,,modal,,nao
421,INVOICE77.pdf,INVOICE,shipment.carrier,,,,,carrier,,nao
422,INVOICE77.pdf,INVOICE,shipment.vesselName,,,,,vesselName,,nao
423,INVOICE77.pdf,INVOICE,shipment.airports.origin,,,,,origin,,nao
424,INVOICE77.pdf,INVOICE,shipment.airports.destination,,,,,destination,,nao
425,INVOICE77.pdf,INVOICE,shipment.ports.origin,porto_origem_processo,LogisticaInternacionalProcesso,alta,,origin,,nao
426,INVOICE77.pdf,INVOICE,shipment.ports.loading,porto_origem_processo,LogisticaInternacionalProcesso,alta,,loading,,nao
427,INVOICE77.pdf,INVOICE,shipment.ports.destination,porto_destino_processo,LogisticaInternacionalProcesso,alta,,destination,,nao
428,INVOICE77.pdf,INVOICE,shipment.ports.discharge,porto_destino_processo,LogisticaInternacionalProcesso,alta,,discharge,,nao
429,INVOICE77.pdf,INVOICE,shipment.costs.freight,,,,,freight,AS PER AWB/HBL,sim
430,INVOICE77.pdf,INVOICE,shipment.costs.insurance,,,,,insurance,,nao
431,INVOICE77.pdf,INVOICE,containerNumbers,container_numero_processo_container,ContainerProcesso,alta,,containerNumbers,,nao
432,INVOICE77.pdf,INVOICE,payment.method,,,,,method,,nao
433,INVOICE77.pdf,INVOICE,payment.terms,condicao_pagamento_item,PedidoItem,alta,,terms,T / T 90 days from BL / AWB,sim
434,INVOICE77.pdf,INVOICE,bankingDetails.bankName,,,,,bankName,,nao
435,INVOICE77.pdf,INVOICE,bankingDetails.iban,,,,,iban,,nao
436,INVOICE77.pdf,INVOICE,bankingDetails.swift,,,,,swift,,nao
437,INVOICE77.pdf,INVOICE,bankingDetails.accountNumber,,,,,accountNumber,,nao
438,INVOICE77.pdf,INVOICE,bankingDetails.beneficiary,,,,,beneficiary,,nao
439,INVOICE77.pdf,INVOICE,bankingDetails.branchCode,,,,,branchCode,,nao
440,INVOICE77.pdf,INVOICE,bankingDetails.fullText,,,,,fullText,,nao
441,INVOICE77.pdf,INVOICE,packageSummary.totalGrossWeight,,,,,totalGrossWeight,177.470,sim
442,INVOICE77.pdf,INVOICE,packageSummary.totalNetWeight,,,,,totalNetWeight,153.670,sim
443,INVOICE77.pdf,INVOICE,packageSummary.commercialUnit,,,,,commercialUnit,Kgs,sim
444,INVOICE77.pdf,INVOICE,packageSummary.totalTareWeight,,,,,totalTareWeight,,nao
445,INVOICE77.pdf,INVOICE,packageSummary.totalCubicMeasurement,,,,,totalCubicMeasurement,,nao
446,INVOICE77.pdf,INVOICE,packageSummary.totalPackages,,,,,totalPackages,23,sim
447,INVOICE77.pdf,INVOICE,currency.type,moeda_item,PedidoItem,alta,,type,USD,sim
448,INVOICE77.pdf,INVOICE,currency.exchangeRate,,,,,exchangeRate,,nao
449,INVOICE77.pdf,INVOICE,items_quantity,,,,,items_quantity,1,sim
450,INVOICE77.pdf,INVOICE,values.totalDocumentValue,,,,,totalDocumentValue,1600.00,sim
451,INVOICE77.pdf,INVOICE,values.discountsOrAdditions,,,,,discountsOrAdditions,,nao
452,INVOICE77.pdf,INVOICE,values.otherCharges,,,,,otherCharges,,nao
453,INVOICE77.pdf,INVOICE,observations,,,,,observations,MEASUREMENT : 120*80*45cm(1),sim
454,INVOICE77.pdf,INVOICE,isSigned,,,,,isSigned,true,sim
455,INVOICE77.pdf,INVOICE,additionalFields.Total de Paletes,,,,,Total de Paletes,1,sim
456,INVOICE77.pdf,INVOICE,items[].descriptions.english,descricao_completa_item_en,PedidoItem,alta,,english,PCI FN OSP 1L PORTEIRO IPR1010MI 4610135/5,sim
457,INVOICE77.pdf,INVOICE,items[].descriptions.portuguese,descricao_completa_item_pt,PedidoItem,alta,,portuguese,,nao
458,INVOICE77.pdf,INVOICE,items[].weights.unit,,,,,unit,Kgs,sim
459,INVOICE77.pdf,INVOICE,items[].weights.net,,,,,net,153.67,sim
460,INVOICE77.pdf,INVOICE,items[].weights.gross,,,,,gross,,nao
461,INVOICE77.pdf,INVOICE,items[].volume.packageType,,,,,packageType,,nao
462,INVOICE77.pdf,INVOICE,items[].volume.dimensions,,,,,dimensions,,nao
463,INVOICE77.pdf,INVOICE,items[].volume.size,,,,,size,,nao
464,INVOICE77.pdf,INVOICE,items[].volume.quantity,,,,,quantity,,nao
465,INVOICE77.pdf,INVOICE,items[].partNumber,part_number_item,PedidoItem,alta,,partNumber,1080936,sim
466,INVOICE77.pdf,INVOICE,items[].poNumber,,,,,poNumber,682.446,sim
467,INVOICE77.pdf,INVOICE,items[].itemQuantity,,,,,itemQuantity,10000,sim
468,INVOICE77.pdf,INVOICE,items[].itemCurrency,,,,,itemCurrency,USD,sim
469,INVOICE77.pdf,INVOICE,items[].itemUnitPriceWithCurrency,,,,,itemUnitPriceWithCurrency,0.16,sim
470,INVOICE77.pdf,INVOICE,items[].itemTotalPriceWithCurrency,,,,,itemTotalPriceWithCurrency,1600.00,sim
471,INVOICE77.pdf,INVOICE,items[].ncm,,,,,ncm,,nao
472,INVOICE77.pdf,INVOICE,items[].hsCode,,,,,hsCode,,nao
473,INVOICE77.pdf,INVOICE,items[].originCountry,,,,,originCountry,,nao
474,INVOICE77.pdf,INVOICE,items[].manufacturer,,,,,manufacturer,,nao
475,NF Transportadora Rodoviaria.pdf,FINANCIAL_DOCUMENT,Fatura,,,,,Fatura,1149,sim
476,NF Transportadora Rodoviaria.pdf,FINANCIAL_DOCUMENT,Emissão,,,,,Emissão,2025-04-01,sim
477,NF Transportadora Rodoviaria.pdf,FINANCIAL_DOCUMENT,Cliente,,,,,Cliente,DMM-IE IMPORTACAO E EXPORTACAO LTDA.,sim
478,NF Transportadora Rodoviaria.pdf,FINANCIAL_DOCUMENT,CNPJ do Cliente,,,,,CNPJ do Cliente,08.973.387/0002-55,sim
479,NF Transportadora Rodoviaria.pdf,FINANCIAL_DOCUMENT,Endereço do Cliente,,,,,Endereço do Cliente,"RUA DOUTOR PEDRO FERREIRA, 155 - Centro - ITAJAI/SC",sim
480,NF Transportadora Rodoviaria.pdf,FINANCIAL_DOCUMENT,Valor Bruto,,,,,Valor Bruto,4800,sim
481,NF Transportadora Rodoviaria.pdf,FINANCIAL_DOCUMENT,Abatimentos,,,,,Abatimentos,0,sim
482,NF Transportadora Rodoviaria.pdf,FINANCIAL_DOCUMENT,Acréscimos,,,,,Acréscimos,0,sim
483,NF Transportadora Rodoviaria.pdf,FINANCIAL_DOCUMENT,Descontos,,,,,Descontos,0,sim
484,NF Transportadora Rodoviaria.pdf,FINANCIAL_DOCUMENT,Valor Líquido,,,,,Valor Líquido,4800,sim
485,NF Transportadora Rodoviaria.pdf,FINANCIAL_DOCUMENT,Parcela,,,,,Parcela,01/01,sim
486,NF Transportadora Rodoviaria.pdf,FINANCIAL_DOCUMENT,Valor da Parcela,,,,,Valor da Parcela,4800,sim
487,NF Transportadora Rodoviaria.pdf,FINANCIAL_DOCUMENT,Data de Vencimento,,,,,Data de Vencimento,2025-04-08,sim
488,NF Transportadora Rodoviaria.pdf,FINANCIAL_DOCUMENT,Número do Documento,,,,,Número do Documento,7156,sim
489,NF Transportadora Rodoviaria.pdf,FINANCIAL_DOCUMENT,Nosso Número,,,,,Nosso Número,10900000978-0,sim
490,NF Transportadora Rodoviaria.pdf,FINANCIAL_DOCUMENT,Agência e Código do Beneficiário,,,,,Agência e Código do Beneficiário,8262-/97349-1,sim
491,NF Transportadora Rodoviaria.pdf,FINANCIAL_DOCUMENT,Beneficiário,,,,,Beneficiário,SOMA LOG LTDA,sim
492,NF Transportadora Rodoviaria.pdf,FINANCIAL_DOCUMENT,CNPJ do Beneficiário,,,,,CNPJ do Beneficiário,55.645.985/0001-02,sim
493,NF Transportadora Rodoviaria.pdf,FINANCIAL_DOCUMENT,Endereço do Beneficiário,,,,,Endereço do Beneficiário,"RUA ALFREDO EIKE JUNIOR, 655 - BARRA DO RIO - ITAJAI - SC",sim
494,NF Transportadora Rodoviaria.pdf,FINANCIAL_DOCUMENT,Linha Digitável,,,,,Linha Digitável,34191.09008 00097.808265 29734.910002 8 10450000480000,sim
495,NF Transportadora Rodoviaria.pdf,FINANCIAL_DOCUMENT,Carteira,,,,,Carteira,REG,sim
496,NF Transportadora Rodoviaria.pdf,FINANCIAL_DOCUMENT,Moeda,,,,,Moeda,R$,sim
497,NF Transportadora Rodoviaria.pdf,FINANCIAL_DOCUMENT,Instruções de Responsabilidade do Beneficiário,,,,,Instruções de Responsabilidade do Beneficiário,"Após 08/04/2025, cobrar R$ 48,00 de multa por atraso. | Após 08/04/2025, cobrar R$ 1,60 de juros de mora por dia de atraso.",sim
498,NF Transportadora Rodoviaria.pdf,FINANCIAL_DOCUMENT,itens[].Filial,,,,,Filial,MTZ,sim
499,NF Transportadora Rodoviaria.pdf,FINANCIAL_DOCUMENT,itens[].Tipo,,,,,Tipo,CT-e,sim
500,NF Transportadora Rodoviaria.pdf,FINANCIAL_DOCUMENT,itens[].Número,,,,,Número,1992,sim
501,NF Transportadora Rodoviaria.pdf,FINANCIAL_DOCUMENT,itens[].Série,,,,,Série,1,sim
502,NF Transportadora Rodoviaria.pdf,FINANCIAL_DOCUMENT,itens[].Emissão,,,,,Emissão,2025-03-31,sim
503,NF Transportadora Rodoviaria.pdf,FINANCIAL_DOCUMENT,itens[].Remetente,,,,,Remetente,DMM-IE IMPORTACAO,sim
504,NF Transportadora Rodoviaria.pdf,FINANCIAL_DOCUMENT,itens[].Destinatário,,,,,Destinatário,TORAY DO BRASIL LTDA,sim
505,NF Transportadora Rodoviaria.pdf,FINANCIAL_DOCUMENT,itens[].Peso,,,,,Peso,"24.480,00",sim
506,NF Transportadora Rodoviaria.pdf,FINANCIAL_DOCUMENT,itens[].Valor NF,,,,,Valor NF,"229.309,70",sim
507,NF Transportadora Rodoviaria.pdf,FINANCIAL_DOCUMENT,itens[].Número NF,,,,,Número NF,25/0676710-9,sim
508,NF Transportadora Rodoviaria.pdf,FINANCIAL_DOCUMENT,itens[].Número Controle,,,,,Número Controle,DATI-14584/24,sim
509,NF Transportadora Rodoviaria.pdf,FINANCIAL_DOCUMENT,itens[].Valor,,,,,Valor,3300,sim
510,NF Transportadora Rodoviaria.pdf,FINANCIAL_DOCUMENT,isSigned,,,,,isSigned,false,sim
511,NF Transportadora Rodoviaria.pdf,FINANCIAL_DOCUMENT,Fatura,,,,,Fatura,1149,sim
512,NF Transportadora Rodoviaria.pdf,FINANCIAL_DOCUMENT,Emissão,,,,,Emissão,2025-04-01,sim
513,NF Transportadora Rodoviaria.pdf,FINANCIAL_DOCUMENT,Cliente,,,,,Cliente,DMM-IE IMPORTACAO E EXPORTACAO LTDA.,sim
514,NF Transportadora Rodoviaria.pdf,FINANCIAL_DOCUMENT,CNPJ do Cliente,,,,,CNPJ do Cliente,08.973.387/0002-55,sim
515,NF Transportadora Rodoviaria.pdf,FINANCIAL_DOCUMENT,Endereço do Cliente,,,,,Endereço do Cliente,"RUA DOUTOR PEDRO FERREIRA, 155 - Centro - ITAJAI/SC",sim
516,NF Transportadora Rodoviaria.pdf,FINANCIAL_DOCUMENT,Valor Bruto,,,,,Valor Bruto,4800,sim
517,NF Transportadora Rodoviaria.pdf,FINANCIAL_DOCUMENT,Abatimentos,,,,,Abatimentos,0,sim
518,NF Transportadora Rodoviaria.pdf,FINANCIAL_DOCUMENT,Acréscimos,,,,,Acréscimos,0,sim
519,NF Transportadora Rodoviaria.pdf,FINANCIAL_DOCUMENT,Descontos,,,,,Descontos,0,sim
520,NF Transportadora Rodoviaria.pdf,FINANCIAL_DOCUMENT,Valor Líquido,,,,,Valor Líquido,4800,sim
521,NF Transportadora Rodoviaria.pdf,FINANCIAL_DOCUMENT,Parcela,,,,,Parcela,01/01,sim
522,NF Transportadora Rodoviaria.pdf,FINANCIAL_DOCUMENT,Valor da Parcela,,,,,Valor da Parcela,4800,sim
523,NF Transportadora Rodoviaria.pdf,FINANCIAL_DOCUMENT,Data de Vencimento,,,,,Data de Vencimento,2025-04-08,sim
524,NF Transportadora Rodoviaria.pdf,FINANCIAL_DOCUMENT,Número do Documento,,,,,Número do Documento,7156,sim
525,NF Transportadora Rodoviaria.pdf,FINANCIAL_DOCUMENT,Nosso Número,,,,,Nosso Número,10900000978-0,sim
526,NF Transportadora Rodoviaria.pdf,FINANCIAL_DOCUMENT,Agência e Código do Beneficiário,,,,,Agência e Código do Beneficiário,8262-/97349-1,sim
527,NF Transportadora Rodoviaria.pdf,FINANCIAL_DOCUMENT,Beneficiário,,,,,Beneficiário,SOMA LOG LTDA,sim
528,NF Transportadora Rodoviaria.pdf,FINANCIAL_DOCUMENT,CNPJ do Beneficiário,,,,,CNPJ do Beneficiário,55.645.985/0001-02,sim
529,NF Transportadora Rodoviaria.pdf,FINANCIAL_DOCUMENT,Endereço do Beneficiário,,,,,Endereço do Beneficiário,"RUA ALFREDO EIKE JUNIOR, 655 - BARRA DO RIO - ITAJAI - SC",sim
530,NF Transportadora Rodoviaria.pdf,FINANCIAL_DOCUMENT,Linha Digitável,,,,,Linha Digitável,34191.09008 00097.808265 29734.910002 8 10450000480000,sim
531,NF Transportadora Rodoviaria.pdf,FINANCIAL_DOCUMENT,Carteira,,,,,Carteira,REG,sim
532,NF Transportadora Rodoviaria.pdf,FINANCIAL_DOCUMENT,Moeda,,,,,Moeda,R$,sim
533,NF Transportadora Rodoviaria.pdf,FINANCIAL_DOCUMENT,Instruções de Responsabilidade do Beneficiário,,,,,Instruções de Responsabilidade do Beneficiário,"Após 08/04/2025, cobrar R$ 48,00 de multa por atraso. | Após 08/04/2025, cobrar R$ 1,60 de juros de mora por dia de atraso.",sim
534,NF Transportadora Rodoviaria.pdf,FINANCIAL_DOCUMENT,itens[].Filial,,,,,Filial,MTZ,sim
535,NF Transportadora Rodoviaria.pdf,FINANCIAL_DOCUMENT,itens[].Tipo,,,,,Tipo,CT-e,sim
536,NF Transportadora Rodoviaria.pdf,FINANCIAL_DOCUMENT,itens[].Número,,,,,Número,1992,sim
537,NF Transportadora Rodoviaria.pdf,FINANCIAL_DOCUMENT,itens[].Série,,,,,Série,1,sim
538,NF Transportadora Rodoviaria.pdf,FINANCIAL_DOCUMENT,itens[].Emissão,,,,,Emissão,2025-03-31,sim
539,NF Transportadora Rodoviaria.pdf,FINANCIAL_DOCUMENT,itens[].Remetente,,,,,Remetente,DMM-IE IMPORTACAO,sim
540,NF Transportadora Rodoviaria.pdf,FINANCIAL_DOCUMENT,itens[].Destinatário,,,,,Destinatário,TORAY DO BRASIL LTDA,sim
541,NF Transportadora Rodoviaria.pdf,FINANCIAL_DOCUMENT,itens[].Peso,,,,,Peso,"24.480,00",sim
542,NF Transportadora Rodoviaria.pdf,FINANCIAL_DOCUMENT,itens[].Valor NF,,,,,Valor NF,"229.309,70",sim
543,NF Transportadora Rodoviaria.pdf,FINANCIAL_DOCUMENT,itens[].Número NF,,,,,Número NF,25/0676710-9,sim
544,NF Transportadora Rodoviaria.pdf,FINANCIAL_DOCUMENT,itens[].Número Controle,,,,,Número Controle,DATI-14584/24,sim
545,NF Transportadora Rodoviaria.pdf,FINANCIAL_DOCUMENT,itens[].Valor,,,,,Valor,3300,sim
546,NF Transportadora Rodoviaria.pdf,FINANCIAL_DOCUMENT,isSigned,,,,,isSigned,false,sim
547,amostra-bl.pdf,INVOICE,document.documentNumber,numero_invoice_item,PedidoItem,alta,,documentNumber,2250090,sim
548,amostra-bl.pdf,INVOICE,document.documentType,,,,,documentType,Invoice,sim
549,amostra-bl.pdf,INVOICE,document.documentDate,,,,,documentDate,2025-01-16,sim
550,amostra-bl.pdf,INVOICE,document.incoterm,incoterm_item,PedidoItem,sugestao,Alternativas: incoterm_processo (LogisticaInternacionalProcesso),incoterm,EXW,sim
551,amostra-bl.pdf,INVOICE,document.incotermLocation,,,,,incotermLocation,EX WORKS,sim
552,amostra-bl.pdf,INVOICE,document.originCountry,,,,,originCountry,ITALY,sim
553,amostra-bl.pdf,INVOICE,document.countryOfAcquisition,,,,,countryOfAcquisition,,nao
554,amostra-bl.pdf,INVOICE,document.countryOfProvenance,,,,,countryOfProvenance,,nao
555,amostra-bl.pdf,INVOICE,document.shippedOnBoardDate,,,,,shippedOnBoardDate,,nao
556,amostra-bl.pdf,INVOICE,exporter.name,nome_exportador_item,PedidoItem,sugestao,Alternativas: nome_fornecedor (Fornecedor),name,PERONI POMPE SpA,sim
557,amostra-bl.pdf,INVOICE,exporter.address,endereco_fornecedor,Fornecedor,alta,,address,"Via Tacito, 4 - 20094 Corsico (MI) Italia",sim
558,amostra-bl.pdf,INVOICE,exporter.country,pais_fornecedor,Fornecedor,alta,,country,Italy,sim
559,amostra-bl.pdf,INVOICE,exporter.state,estado_provincia_fornecedor,Fornecedor,alta,,state,,nao
560,amostra-bl.pdf,INVOICE,exporter.city,cidade_fornecedor,Fornecedor,alta,,city,Corsico,sim
561,amostra-bl.pdf,INVOICE,exporter.zipCode,cep_zipcode_fornecedor,Fornecedor,alta,,zipCode,20094,sim
562,amostra-bl.pdf,INVOICE,exporter.taxId,tin_fornecedor,Fornecedor,alta,,taxId,IT 00745820159,sim
563,amostra-bl.pdf,INVOICE,exporter.phone,telefone_fornecedor,Fornecedor,alta,,phone,+39 02 489 40.1,sim
564,amostra-bl.pdf,INVOICE,exporter.email,email_fornecedor,Fornecedor,alta,,email,,nao
565,amostra-bl.pdf,INVOICE,importer.name,nome_importador_item,PedidoItem,sugestao,Alternativas: nome_fornecedor (Fornecedor),name,SUPERQUIP SERVICOS E EQUIPAMENTOS TECNICOS LTDA,sim
566,amostra-bl.pdf,INVOICE,importer.address,endereco_fornecedor,Fornecedor,alta,,address,RUA MEXICO 3-18° ANDAR CENTRO 20031-144 RIO DE JANEIRO RJ BRASILEIRA,sim
567,amostra-bl.pdf,INVOICE,importer.country,pais_fornecedor,Fornecedor,alta,,country,BRASIL,sim
568,amostra-bl.pdf,INVOICE,importer.state,estado_provincia_fornecedor,Fornecedor,alta,,state,RJ,sim
569,amostra-bl.pdf,INVOICE,importer.city,cidade_fornecedor,Fornecedor,alta,,city,RIO DE JANEIRO,sim
570,amostra-bl.pdf,INVOICE,importer.zipCode,cep_zipcode_fornecedor,Fornecedor,alta,,zipCode,20031-144,sim
571,amostra-bl.pdf,INVOICE,importer.taxId,cnpj_fornecedor,Fornecedor,alta,,taxId,CNPJ30712061/0001-42,sim
572,amostra-bl.pdf,INVOICE,importer.phone,telefone_fornecedor,Fornecedor,alta,,phone,+55.21.22625355,sim
573,amostra-bl.pdf,INVOICE,importer.email,email_fornecedor,Fornecedor,alta,,email,,nao
574,amostra-bl.pdf,INVOICE,shipment.modal,modal_frete_internacional_processo,LogisticaInternacionalProcesso,alta,,modal,,nao
575,amostra-bl.pdf,INVOICE,shipment.carrier,,,,,carrier,,nao
576,amostra-bl.pdf,INVOICE,shipment.vesselName,,,,,vesselName,,nao
577,amostra-bl.pdf,INVOICE,shipment.airports.origin,,,,,origin,,nao
578,amostra-bl.pdf,INVOICE,shipment.airports.destination,,,,,destination,,nao
579,amostra-bl.pdf,INVOICE,shipment.ports.origin,porto_origem_processo,LogisticaInternacionalProcesso,alta,,origin,,nao
580,amostra-bl.pdf,INVOICE,shipment.ports.loading,porto_origem_processo,LogisticaInternacionalProcesso,alta,,loading,,nao
581,amostra-bl.pdf,INVOICE,shipment.ports.destination,porto_destino_processo,LogisticaInternacionalProcesso,alta,,destination,,nao
582,amostra-bl.pdf,INVOICE,shipment.ports.discharge,porto_destino_processo,LogisticaInternacionalProcesso,alta,,discharge,,nao
583,amostra-bl.pdf,INVOICE,shipment.costs.freight,,,,,freight,,nao
584,amostra-bl.pdf,INVOICE,shipment.costs.insurance,,,,,insurance,,nao
585,amostra-bl.pdf,INVOICE,containerNumbers,container_numero_processo_container,ContainerProcesso,alta,,containerNumbers,,nao
586,amostra-bl.pdf,INVOICE,payment.method,,,,,method,,nao
587,amostra-bl.pdf,INVOICE,payment.terms,condicao_pagamento_item,PedidoItem,alta,,terms,60 DAYS INVOICE DATE,sim
588,amostra-bl.pdf,INVOICE,bankingDetails.bankName,,,,,bankName,BANCO BPM S.P.A.,sim
589,amostra-bl.pdf,INVOICE,bankingDetails.iban,,,,,iban,IT88H0503420100000000001975,sim
590,amostra-bl.pdf,INVOICE,bankingDetails.swift,,,,,swift,BAPPIT21AI6,sim
591,amostra-bl.pdf,INVOICE,bankingDetails.accountNumber,,,,,accountNumber,,nao
592,amostra-bl.pdf,INVOICE,bankingDetails.beneficiary,,,,,beneficiary,,nao
593,amostra-bl.pdf,INVOICE,bankingDetails.branchCode,,,,,branchCode,,nao
594,amostra-bl.pdf,INVOICE,bankingDetails.fullText,,,,,fullText,"BANCO BPM S.P.A. SWIFT BAPPIT21AI6 VICOLO CONCORDIA, 7-9 BOLLATE MI IBAN:IT88H0503420100000000001975",sim
595,amostra-bl.pdf,INVOICE,packageSummary.totalGrossWeight,,,,,totalGrossWeight,"9,00 KG",sim
596,amostra-bl.pdf,INVOICE,packageSummary.totalNetWeight,,,,,totalNetWeight,"8,22 KG",sim
597,amostra-bl.pdf,INVOICE,packageSummary.commercialUnit,,,,,commercialUnit,Boxes,sim
598,amostra-bl.pdf,INVOICE,packageSummary.totalTareWeight,,,,,totalTareWeight,,nao
599,amostra-bl.pdf,INVOICE,packageSummary.totalCubicMeasurement,,,,,totalCubicMeasurement,"0,04 MC",sim
600,amostra-bl.pdf,INVOICE,packageSummary.totalPackages,,,,,totalPackages,"1,00",sim
601,amostra-bl.pdf,INVOICE,currency.type,moeda_item,PedidoItem,alta,,type,Eur,sim
602,amostra-bl.pdf,INVOICE,currency.exchangeRate,,,,,exchangeRate,,nao
603,amostra-bl.pdf,INVOICE,items_quantity,,,,,items_quantity,2,sim
604,amostra-bl.pdf,INVOICE,values.totalDocumentValue,,,,,totalDocumentValue,3179.00,sim
605,amostra-bl.pdf,INVOICE,values.discountsOrAdditions,,,,,discountsOrAdditions,,nao
606,amostra-bl.pdf,INVOICE,values.otherCharges,,,,,otherCharges,,nao
607,amostra-bl.pdf,INVOICE,observations,,,,,observations,DEL. NO 157068 of 16/01/25 Our ref. 2819567 B | Your ref. order 28/10/24 003W/24 Our ref. order 4 24684 NI | GOODS OF ITALIAN ORIGIN DESTINED TO EXPORT | COMMODITY: SPARE PARTS FOR PUMPS | CUSTOMS TARIFF: 8413.9100 | NO. 1 CARTON BOX DIM CMS 40x30x30,sim
608,amostra-bl.pdf,INVOICE,isSigned,,,,,isSigned,false,sim
609,amostra-bl.pdf,INVOICE,additionalFields.Código do Cliente,,,,,Código do Cliente,0503SU20000,sim
610,amostra-bl.pdf,INVOICE,additionalFields.Ordem de Trabalho,,,,,Ordem de Trabalho,4O684,sim
611,amostra-bl.pdf,INVOICE,items[].descriptions.english,descricao_completa_item_en,PedidoItem,alta,,english,EXTENSION,sim
612,amostra-bl.pdf,INVOICE,items[].descriptions.portuguese,descricao_completa_item_pt,PedidoItem,alta,,portuguese,,nao
613,amostra-bl.pdf,INVOICE,items[].weights.unit,,,,,unit,PZ,sim
614,amostra-bl.pdf,INVOICE,items[].weights.net,,,,,net,,nao
615,amostra-bl.pdf,INVOICE,items[].weights.gross,,,,,gross,,nao
616,amostra-bl.pdf,INVOICE,items[].volume.packageType,,,,,packageType,,nao
617,amostra-bl.pdf,INVOICE,items[].volume.dimensions,,,,,dimensions,,nao
618,amostra-bl.pdf,INVOICE,items[].volume.size,,,,,size,,nao
619,amostra-bl.pdf,INVOICE,items[].volume.quantity,,,,,quantity,,nao
620,amostra-bl.pdf,INVOICE,items[].partNumber,part_number_item,PedidoItem,alta,,partNumber,3100N025201DK19,sim
621,amostra-bl.pdf,INVOICE,items[].poNumber,,,,,poNumber,4513772304,sim
622,amostra-bl.pdf,INVOICE,items[].itemQuantity,,,,,itemQuantity,"3,00",sim
623,amostra-bl.pdf,INVOICE,items[].itemCurrency,,,,,itemCurrency,Eur,sim
624,amostra-bl.pdf,INVOICE,items[].itemUnitPriceWithCurrency,,,,,itemUnitPriceWithCurrency,"293,000",sim
625,amostra-bl.pdf,INVOICE,items[].itemTotalPriceWithCurrency,,,,,itemTotalPriceWithCurrency,"879,00",sim
626,amostra-bl.pdf,INVOICE,items[].ncm,,,,,ncm,,nao
627,amostra-bl.pdf,INVOICE,items[].hsCode,,,,,hsCode,,nao
628,amostra-bl.pdf,INVOICE,items[].originCountry,,,,,originCountry,,nao
629,amostra-bl.pdf,INVOICE,items[].manufacturer,,,,,manufacturer,,nao
630,amostra-bl.pdf,INVOICE,document.documentNumber,numero_invoice_item,PedidoItem,alta,,documentNumber,2250182,sim
631,amostra-bl.pdf,INVOICE,document.documentType,,,,,documentType,Invoice,sim
632,amostra-bl.pdf,INVOICE,document.documentDate,,,,,documentDate,2025-02-13,sim
633,amostra-bl.pdf,INVOICE,document.incoterm,incoterm_item,PedidoItem,sugestao,Alternativas: incoterm_processo (LogisticaInternacionalProcesso),incoterm,EXW,sim
634,amostra-bl.pdf,INVOICE,document.incotermLocation,,,,,incotermLocation,EX WORKS,sim
635,amostra-bl.pdf,INVOICE,document.originCountry,,,,,originCountry,ITALY,sim
636,amostra-bl.pdf,INVOICE,document.countryOfAcquisition,,,,,countryOfAcquisition,,nao
637,amostra-bl.pdf,INVOICE,document.countryOfProvenance,,,,,countryOfProvenance,,nao
638,amostra-bl.pdf,INVOICE,document.shippedOnBoardDate,,,,,shippedOnBoardDate,,nao
639,amostra-bl.pdf,INVOICE,exporter.name,nome_exportador_item,PedidoItem,sugestao,Alternativas: nome_fornecedor (Fornecedor),name,PERONI POMPE SpA,sim
640,amostra-bl.pdf,INVOICE,exporter.address,endereco_fornecedor,Fornecedor,alta,,address,"Via Tacito, 4 - 20094 Corsico (MI) Italia",sim
641,amostra-bl.pdf,INVOICE,exporter.country,pais_fornecedor,Fornecedor,alta,,country,Italy,sim
642,amostra-bl.pdf,INVOICE,exporter.state,estado_provincia_fornecedor,Fornecedor,alta,,state,,nao
643,amostra-bl.pdf,INVOICE,exporter.city,cidade_fornecedor,Fornecedor,alta,,city,Corsico,sim
644,amostra-bl.pdf,INVOICE,exporter.zipCode,cep_zipcode_fornecedor,Fornecedor,alta,,zipCode,20094,sim
645,amostra-bl.pdf,INVOICE,exporter.taxId,tin_fornecedor,Fornecedor,alta,,taxId,IT 00745820159,sim
646,amostra-bl.pdf,INVOICE,exporter.phone,telefone_fornecedor,Fornecedor,alta,,phone,+39 02 489 40.1,sim
647,amostra-bl.pdf,INVOICE,exporter.email,email_fornecedor,Fornecedor,alta,,email,,nao
648,amostra-bl.pdf,INVOICE,importer.name,nome_importador_item,PedidoItem,sugestao,Alternativas: nome_fornecedor (Fornecedor),name,SUPERQUIP SERVICOS E EQUIPAMENTOS TECNICOS LTDA,sim
649,amostra-bl.pdf,INVOICE,importer.address,endereco_fornecedor,Fornecedor,alta,,address,RUA MEXICO 3-18° ANDAR CENTRO 20031-144 RIO DE JANEIRO RJ BRASILEIRA,sim
650,amostra-bl.pdf,INVOICE,importer.country,pais_fornecedor,Fornecedor,alta,,country,BRASIL,sim
651,amostra-bl.pdf,INVOICE,importer.state,estado_provincia_fornecedor,Fornecedor,alta,,state,RJ,sim
652,amostra-bl.pdf,INVOICE,importer.city,cidade_fornecedor,Fornecedor,alta,,city,RIO DE JANEIRO,sim
653,amostra-bl.pdf,INVOICE,importer.zipCode,cep_zipcode_fornecedor,Fornecedor,alta,,zipCode,20031-144,sim
654,amostra-bl.pdf,INVOICE,importer.taxId,cnpj_fornecedor,Fornecedor,alta,,taxId,CNPJ30712061/0001-42,sim
655,amostra-bl.pdf,INVOICE,importer.phone,telefone_fornecedor,Fornecedor,alta,,phone,+55.21.22625355,sim
656,amostra-bl.pdf,INVOICE,importer.email,email_fornecedor,Fornecedor,alta,,email,,nao
657,amostra-bl.pdf,INVOICE,shipment.modal,modal_frete_internacional_processo,LogisticaInternacionalProcesso,alta,,modal,,nao
658,amostra-bl.pdf,INVOICE,shipment.carrier,,,,,carrier,,nao
659,amostra-bl.pdf,INVOICE,shipment.vesselName,,,,,vesselName,,nao
660,amostra-bl.pdf,INVOICE,shipment.airports.origin,,,,,origin,,nao
661,amostra-bl.pdf,INVOICE,shipment.airports.destination,,,,,destination,,nao
662,amostra-bl.pdf,INVOICE,shipment.ports.origin,porto_origem_processo,LogisticaInternacionalProcesso,alta,,origin,,nao
663,amostra-bl.pdf,INVOICE,shipment.ports.loading,porto_origem_processo,LogisticaInternacionalProcesso,alta,,loading,,nao
664,amostra-bl.pdf,INVOICE,shipment.ports.destination,porto_destino_processo,LogisticaInternacionalProcesso,alta,,destination,,nao
665,amostra-bl.pdf,INVOICE,shipment.ports.discharge,porto_destino_processo,LogisticaInternacionalProcesso,alta,,discharge,,nao
666,amostra-bl.pdf,INVOICE,shipment.costs.freight,,,,,freight,,nao
667,amostra-bl.pdf,INVOICE,shipment.costs.insurance,,,,,insurance,,nao
668,amostra-bl.pdf,INVOICE,containerNumbers,container_numero_processo_container,ContainerProcesso,alta,,containerNumbers,,nao
669,amostra-bl.pdf,INVOICE,payment.method,,,,,method,,nao
670,amostra-bl.pdf,INVOICE,payment.terms,condicao_pagamento_item,PedidoItem,alta,,terms,60 DAYS INVOICE DATE,sim
671,amostra-bl.pdf,INVOICE,bankingDetails.bankName,,,,,bankName,BANCO BPM S.P.A.,sim
672,amostra-bl.pdf,INVOICE,bankingDetails.iban,,,,,iban,IT88H0503420100000000001975,sim
673,amostra-bl.pdf,INVOICE,bankingDetails.swift,,,,,swift,BAPPIT21AI6,sim
674,amostra-bl.pdf,INVOICE,bankingDetails.accountNumber,,,,,accountNumber,,nao
675,amostra-bl.pdf,INVOICE,bankingDetails.beneficiary,,,,,beneficiary,,nao
676,amostra-bl.pdf,INVOICE,bankingDetails.branchCode,,,,,branchCode,,nao
677,amostra-bl.pdf,INVOICE,bankingDetails.fullText,,,,,fullText,"BANCO BPM S.P.A. SWIFT BAPPIT22 VICOLO CONCORDIA, 7-9 BOLLATE MI IBAN:IT88H0503420100000000001975",sim
678,amostra-bl.pdf,INVOICE,packageSummary.totalGrossWeight,,,,,totalGrossWeight,"0,95 KG",sim
679,amostra-bl.pdf,INVOICE,packageSummary.totalNetWeight,,,,,totalNetWeight,"0,65 KG",sim
680,amostra-bl.pdf,INVOICE,packageSummary.commercialUnit,,,,,commercialUnit,Boxes,sim
681,amostra-bl.pdf,INVOICE,packageSummary.totalTareWeight,,,,,totalTareWeight,,nao
682,amostra-bl.pdf,INVOICE,packageSummary.totalCubicMeasurement,,,,,totalCubicMeasurement,"0,01 MC",sim
683,amostra-bl.pdf,INVOICE,packageSummary.totalPackages,,,,,totalPackages,"1,00",sim
684,amostra-bl.pdf,INVOICE,currency.type,moeda_item,PedidoItem,alta,,type,Eur,sim
685,amostra-bl.pdf,INVOICE,currency.exchangeRate,,,,,exchangeRate,,nao
686,amostra-bl.pdf,INVOICE,items_quantity,,,,,items_quantity,1,sim
687,amostra-bl.pdf,INVOICE,values.totalDocumentValue,,,,,totalDocumentValue,1040.00,sim
688,amostra-bl.pdf,INVOICE,values.discountsOrAdditions,,,,,discountsOrAdditions,,nao
689,amostra-bl.pdf,INVOICE,values.otherCharges,,,,,otherCharges,,nao
690,amostra-bl.pdf,INVOICE,observations,,,,,observations,DEL. NO 157155 of 13/02/25 Our ref. 2819891 B | Your ref. order 20/12/24 003AH/24 Our ref. order 4 25017 2033/95 | GOODS OF ITALIAN ORIGIN DESTINED TO EXPORT | COMMODITY: SPARE PARTS FOR PUMPS | CUSTOMS TARIFF: 8413.9100 | NO. 1 CARTON BOX DIM CMS 30x20x20,sim
691,amostra-bl.pdf,INVOICE,isSigned,,,,,isSigned,false,sim
692,amostra-bl.pdf,INVOICE,additionalFields.Código do Cliente,,,,,Código do Cliente,0503SU20000,sim
693,amostra-bl.pdf,INVOICE,additionalFields.Ordem de Trabalho,,,,,Ordem de Trabalho,4P017,sim
694,amostra-bl.pdf,INVOICE,items[].descriptions.english,descricao_completa_item_en,PedidoItem,alta,,english,SUCTION VALVE SPRING,sim
695,amostra-bl.pdf,INVOICE,items[].descriptions.portuguese,descricao_completa_item_pt,PedidoItem,alta,,portuguese,,nao
696,amostra-bl.pdf,INVOICE,items[].weights.unit,,,,,unit,PZ,sim
697,amostra-bl.pdf,INVOICE,items[].weights.net,,,,,net,,nao
698,amostra-bl.pdf,INVOICE,items[].weights.gross,,,,,gross,,nao
699,amostra-bl.pdf,INVOICE,items[].volume.packageType,,,,,packageType,,nao
700,amostra-bl.pdf,INVOICE,items[].volume.dimensions,,,,,dimensions,,nao
701,amostra-bl.pdf,INVOICE,items[].volume.size,,,,,size,,nao
702,amostra-bl.pdf,INVOICE,items[].volume.quantity,,,,,quantity,,nao
703,amostra-bl.pdf,INVOICE,items[].partNumber,part_number_item,PedidoItem,alta,,partNumber,464400006A00K22,sim
704,amostra-bl.pdf,INVOICE,items[].poNumber,,,,,poNumber,4513938720,sim
705,amostra-bl.pdf,INVOICE,items[].itemQuantity,,,,,itemQuantity,"16,00",sim
706,amostra-bl.pdf,INVOICE,items[].itemCurrency,,,,,itemCurrency,Eur,sim
707,amostra-bl.pdf,INVOICE,items[].itemUnitPriceWithCurrency,,,,,itemUnitPriceWithCurrency,"65,000",sim
708,amostra-bl.pdf,INVOICE,items[].itemTotalPriceWithCurrency,,,,,itemTotalPriceWithCurrency,"1.040,00",sim
709,amostra-bl.pdf,INVOICE,items[].ncm,,,,,ncm,,nao
710,amostra-bl.pdf,INVOICE,items[].hsCode,,,,,hsCode,,nao
711,amostra-bl.pdf,INVOICE,items[].originCountry,,,,,originCountry,,nao
712,amostra-bl.pdf,INVOICE,items[].manufacturer,,,,,manufacturer,,nao
713,amostra-bl.pdf,INVOICE,document.documentNumber,numero_invoice_item,PedidoItem,alta,,documentNumber,2250179,sim
714,amostra-bl.pdf,INVOICE,document.documentType,,,,,documentType,Invoice,sim
715,amostra-bl.pdf,INVOICE,document.documentDate,,,,,documentDate,2025-02-12,sim
716,amostra-bl.pdf,INVOICE,document.incoterm,incoterm_item,PedidoItem,sugestao,Alternativas: incoterm_processo (LogisticaInternacionalProcesso),incoterm,EXW,sim
717,amostra-bl.pdf,INVOICE,document.incotermLocation,,,,,incotermLocation,EX WORKS,sim
718,amostra-bl.pdf,INVOICE,document.originCountry,,,,,originCountry,ITALY,sim
719,amostra-bl.pdf,INVOICE,document.countryOfAcquisition,,,,,countryOfAcquisition,,nao
720,amostra-bl.pdf,INVOICE,document.countryOfProvenance,,,,,countryOfProvenance,,nao
721,amostra-bl.pdf,INVOICE,document.shippedOnBoardDate,,,,,shippedOnBoardDate,,nao
722,amostra-bl.pdf,INVOICE,exporter.name,nome_exportador_item,PedidoItem,sugestao,Alternativas: nome_fornecedor (Fornecedor),name,PERONI POMPE SpA,sim
723,amostra-bl.pdf,INVOICE,exporter.address,endereco_fornecedor,Fornecedor,alta,,address,"Via Tacito, 4 - 20094 Corsico (MI) Italia",sim
724,amostra-bl.pdf,INVOICE,exporter.country,pais_fornecedor,Fornecedor,alta,,country,Italy,sim
725,amostra-bl.pdf,INVOICE,exporter.state,estado_provincia_fornecedor,Fornecedor,alta,,state,,nao
726,amostra-bl.pdf,INVOICE,exporter.city,cidade_fornecedor,Fornecedor,alta,,city,Corsico,sim
727,amostra-bl.pdf,INVOICE,exporter.zipCode,cep_zipcode_fornecedor,Fornecedor,alta,,zipCode,20094,sim
728,amostra-bl.pdf,INVOICE,exporter.taxId,tin_fornecedor,Fornecedor,alta,,taxId,IT 00745820159,sim
729,amostra-bl.pdf,INVOICE,exporter.phone,telefone_fornecedor,Fornecedor,alta,,phone,+39 02 489 40.1,sim
730,amostra-bl.pdf,INVOICE,exporter.email,email_fornecedor,Fornecedor,alta,,email,,nao
731,amostra-bl.pdf,INVOICE,importer.name,nome_importador_item,PedidoItem,sugestao,Alternativas: nome_fornecedor (Fornecedor),name,SUPERQUIP SERVICOS E EQUIPAMENTOS TECNICOS LTDA,sim
732,amostra-bl.pdf,INVOICE,importer.address,endereco_fornecedor,Fornecedor,alta,,address,RUA MEXICO 3-18° ANDAR CENTRO 20031-144 RIO DE JANEIRO RJ BRASILEIRA,sim
733,amostra-bl.pdf,INVOICE,importer.country,pais_fornecedor,Fornecedor,alta,,country,BRASIL,sim
734,amostra-bl.pdf,INVOICE,importer.state,estado_provincia_fornecedor,Fornecedor,alta,,state,RJ,sim
735,amostra-bl.pdf,INVOICE,importer.city,cidade_fornecedor,Fornecedor,alta,,city,RIO DE JANEIRO,sim
736,amostra-bl.pdf,INVOICE,importer.zipCode,cep_zipcode_fornecedor,Fornecedor,alta,,zipCode,20031-144,sim
737,amostra-bl.pdf,INVOICE,importer.taxId,cnpj_fornecedor,Fornecedor,alta,,taxId,CNPJ30712061/0001-42,sim
738,amostra-bl.pdf,INVOICE,importer.phone,telefone_fornecedor,Fornecedor,alta,,phone,+55.21.22625355,sim
739,amostra-bl.pdf,INVOICE,importer.email,email_fornecedor,Fornecedor,alta,,email,,nao
740,amostra-bl.pdf,INVOICE,shipment.modal,modal_frete_internacional_processo,LogisticaInternacionalProcesso,alta,,modal,,nao
741,amostra-bl.pdf,INVOICE,shipment.carrier,,,,,carrier,,nao
742,amostra-bl.pdf,INVOICE,shipment.vesselName,,,,,vesselName,,nao
743,amostra-bl.pdf,INVOICE,shipment.airports.origin,,,,,origin,,nao
744,amostra-bl.pdf,INVOICE,shipment.airports.destination,,,,,destination,,nao
745,amostra-bl.pdf,INVOICE,shipment.ports.origin,porto_origem_processo,LogisticaInternacionalProcesso,alta,,origin,,nao
746,amostra-bl.pdf,INVOICE,shipment.ports.loading,porto_origem_processo,LogisticaInternacionalProcesso,alta,,loading,,nao
747,amostra-bl.pdf,INVOICE,shipment.ports.destination,porto_destino_processo,LogisticaInternacionalProcesso,alta,,destination,,nao
748,amostra-bl.pdf,INVOICE,shipment.ports.discharge,porto_destino_processo,LogisticaInternacionalProcesso,alta,,discharge,,nao
749,amostra-bl.pdf,INVOICE,shipment.costs.freight,,,,,freight,,nao
750,amostra-bl.pdf,INVOICE,shipment.costs.insurance,,,,,insurance,,nao
751,amostra-bl.pdf,INVOICE,containerNumbers,container_numero_processo_container,ContainerProcesso,alta,,containerNumbers,,nao
752,amostra-bl.pdf,INVOICE,payment.method,,,,,method,,nao
753,amostra-bl.pdf,INVOICE,payment.terms,condicao_pagamento_item,PedidoItem,alta,,terms,60 DAYS INVOICE DATE,sim
754,amostra-bl.pdf,INVOICE,bankingDetails.bankName,,,,,bankName,BANCO BPM S.P.A.,sim
755,amostra-bl.pdf,INVOICE,bankingDetails.iban,,,,,iban,IT88H0503420100000000001975,sim
756,amostra-bl.pdf,INVOICE,bankingDetails.swift,,,,,swift,BAPPIT21AI6,sim
757,amostra-bl.pdf,INVOICE,bankingDetails.accountNumber,,,,,accountNumber,,nao
758,amostra-bl.pdf,INVOICE,bankingDetails.beneficiary,,,,,beneficiary,,nao
759,amostra-bl.pdf,INVOICE,bankingDetails.branchCode,,,,,branchCode,,nao
760,amostra-bl.pdf,INVOICE,bankingDetails.fullText,,,,,fullText,"BANCO BPM S.P.A. SWIFT BAPPIT22 VICOLO CONCORDIA, 7-9 BOLLATE MI IBAN:IT88H0503420100000000001975",sim
761,amostra-bl.pdf,INVOICE,packageSummary.totalGrossWeight,,,,,totalGrossWeight,"0,52 KG",sim
762,amostra-bl.pdf,INVOICE,packageSummary.totalNetWeight,,,,,totalNetWeight,,nao
763,amostra-bl.pdf,INVOICE,packageSummary.commercialUnit,,,,,commercialUnit,Boxes,sim
764,amostra-bl.pdf,INVOICE,packageSummary.totalTareWeight,,,,,totalTareWeight,,nao
765,amostra-bl.pdf,INVOICE,packageSummary.totalCubicMeasurement,,,,,totalCubicMeasurement,"0,01 MC",sim
766,amostra-bl.pdf,INVOICE,packageSummary.totalPackages,,,,,totalPackages,"1,00",sim
767,amostra-bl.pdf,INVOICE,currency.type,moeda_item,PedidoItem,alta,,type,Eur,sim
768,amostra-bl.pdf,INVOICE,currency.exchangeRate,,,,,exchangeRate,,nao
769,amostra-bl.pdf,INVOICE,items_quantity,,,,,items_quantity,1,sim
770,amostra-bl.pdf,INVOICE,values.totalDocumentValue,,,,,totalDocumentValue,234.00,sim
771,amostra-bl.pdf,INVOICE,values.discountsOrAdditions,,,,,discountsOrAdditions,,nao
772,amostra-bl.pdf,INVOICE,values.otherCharges,,,,,otherCharges,,nao
773,amostra-bl.pdf,INVOICE,observations,,,,,observations,DEL. NO 157148 of 12/02/25 Our ref. 2819884 B | Your ref. order 31/01/25 002D/25 Our ref. order 4 25086 NI | GOODS OF ITALIAN ORIGIN DESTINED TO EXPORT | COMMODITY: SPARE PARTS FOR PUMPS | CUSTOMS TARIFF: 8413.9100 | NO. 1 CARTON BOX DIM CMS 30x20x20,sim
774,amostra-bl.pdf,INVOICE,isSigned,,,,,isSigned,false,sim
775,amostra-bl.pdf,INVOICE,additionalFields.Código do Cliente,,,,,Código do Cliente,0503SU20000,sim
776,amostra-bl.pdf,INVOICE,additionalFields.Ordem de Trabalho,,,,,Ordem de Trabalho,4P086,sim
777,amostra-bl.pdf,INVOICE,items[].descriptions.english,descricao_completa_item_en,PedidoItem,alta,,english,"O-RING GASKET 4600 ""NBR90.5/P90""",sim
778,amostra-bl.pdf,INVOICE,items[].descriptions.portuguese,descricao_completa_item_pt,PedidoItem,alta,,portuguese,,nao
779,amostra-bl.pdf,INVOICE,items[].weights.unit,,,,,unit,PZ,sim
780,amostra-bl.pdf,INVOICE,items[].weights.net,,,,,net,,nao
781,amostra-bl.pdf,INVOICE,items[].weights.gross,,,,,gross,,nao
782,amostra-bl.pdf,INVOICE,items[].volume.packageType,,,,,packageType,,nao
783,amostra-bl.pdf,INVOICE,items[].volume.dimensions,,,,,dimensions,,nao
784,amostra-bl.pdf,INVOICE,items[].volume.size,,,,,size,,nao
785,amostra-bl.pdf,INVOICE,items[].volume.quantity,,,,,quantity,,nao
786,amostra-bl.pdf,INVOICE,items[].partNumber,part_number_item,PedidoItem,alta,,partNumber,VCD000003096X76,sim
787,amostra-bl.pdf,INVOICE,items[].poNumber,,,,,poNumber,4514020462,sim
788,amostra-bl.pdf,INVOICE,items[].itemQuantity,,,,,itemQuantity,"9,00",sim
789,amostra-bl.pdf,INVOICE,items[].itemCurrency,,,,,itemCurrency,Eur,sim
790,amostra-bl.pdf,INVOICE,items[].itemUnitPriceWithCurrency,,,,,itemUnitPriceWithCurrency,"26,000",sim
791,amostra-bl.pdf,INVOICE,items[].itemTotalPriceWithCurrency,,,,,itemTotalPriceWithCurrency,"234,00",sim
792,amostra-bl.pdf,INVOICE,items[].ncm,,,,,ncm,,nao
793,amostra-bl.pdf,INVOICE,items[].hsCode,,,,,hsCode,,nao
794,amostra-bl.pdf,INVOICE,items[].originCountry,,,,,originCountry,,nao
795,amostra-bl.pdf,INVOICE,items[].manufacturer,,,,,manufacturer,,nao
796,amostra-bl.pdf,INVOICE,document.documentNumber,numero_invoice_item,PedidoItem,alta,,documentNumber,2250178,sim
797,amostra-bl.pdf,INVOICE,document.documentType,,,,,documentType,Invoice,sim
798,amostra-bl.pdf,INVOICE,document.documentDate,,,,,documentDate,2025-02-12,sim
799,amostra-bl.pdf,INVOICE,document.incoterm,incoterm_item,PedidoItem,sugestao,Alternativas: incoterm_processo (LogisticaInternacionalProcesso),incoterm,EXW,sim
800,amostra-bl.pdf,INVOICE,document.incotermLocation,,,,,incotermLocation,EX WORKS,sim
801,amostra-bl.pdf,INVOICE,document.originCountry,,,,,originCountry,ITALY,sim
802,amostra-bl.pdf,INVOICE,document.countryOfAcquisition,,,,,countryOfAcquisition,,nao
803,amostra-bl.pdf,INVOICE,document.countryOfProvenance,,,,,countryOfProvenance,,nao
804,amostra-bl.pdf,INVOICE,document.shippedOnBoardDate,,,,,shippedOnBoardDate,,nao
805,amostra-bl.pdf,INVOICE,exporter.name,nome_exportador_item,PedidoItem,sugestao,Alternativas: nome_fornecedor (Fornecedor),name,PERONI POMPE SpA,sim
806,amostra-bl.pdf,INVOICE,exporter.address,endereco_fornecedor,Fornecedor,alta,,address,"Via Tacito, 4 - 20094 Corsico (MI) Italia",sim
807,amostra-bl.pdf,INVOICE,exporter.country,pais_fornecedor,Fornecedor,alta,,country,Italy,sim
808,amostra-bl.pdf,INVOICE,exporter.state,estado_provincia_fornecedor,Fornecedor,alta,,state,,nao
809,amostra-bl.pdf,INVOICE,exporter.city,cidade_fornecedor,Fornecedor,alta,,city,Corsico,sim
810,amostra-bl.pdf,INVOICE,exporter.zipCode,cep_zipcode_fornecedor,Fornecedor,alta,,zipCode,20094,sim
811,amostra-bl.pdf,INVOICE,exporter.taxId,tin_fornecedor,Fornecedor,alta,,taxId,IT 00745820159,sim
812,amostra-bl.pdf,INVOICE,exporter.phone,telefone_fornecedor,Fornecedor,alta,,phone,+39 02 489 40.1,sim
813,amostra-bl.pdf,INVOICE,exporter.email,email_fornecedor,Fornecedor,alta,,email,,nao
814,amostra-bl.pdf,INVOICE,importer.name,nome_importador_item,PedidoItem,sugestao,Alternativas: nome_fornecedor (Fornecedor),name,SUPERQUIP SERVICOS E EQUIPAMENTOS TECNICOS LTDA,sim
815,amostra-bl.pdf,INVOICE,importer.address,endereco_fornecedor,Fornecedor,alta,,address,RUA MEXICO 3-18° ANDAR CENTRO 20031-144 RIO DE JANEIRO RJ BRASILEIRA,sim
816,amostra-bl.pdf,INVOICE,importer.country,pais_fornecedor,Fornecedor,alta,,country,BRASIL,sim
817,amostra-bl.pdf,INVOICE,importer.state,estado_provincia_fornecedor,Fornecedor,alta,,state,RJ,sim
818,amostra-bl.pdf,INVOICE,importer.city,cidade_fornecedor,Fornecedor,alta,,city,RIO DE JANEIRO,sim
819,amostra-bl.pdf,INVOICE,importer.zipCode,cep_zipcode_fornecedor,Fornecedor,alta,,zipCode,20031-144,sim
820,amostra-bl.pdf,INVOICE,importer.taxId,cnpj_fornecedor,Fornecedor,alta,,taxId,CNPJ30712061/0001-42,sim
821,amostra-bl.pdf,INVOICE,importer.phone,telefone_fornecedor,Fornecedor,alta,,phone,+55.21.22625355,sim
822,amostra-bl.pdf,INVOICE,importer.email,email_fornecedor,Fornecedor,alta,,email,,nao
823,amostra-bl.pdf,INVOICE,shipment.modal,modal_frete_internacional_processo,LogisticaInternacionalProcesso,alta,,modal,,nao
824,amostra-bl.pdf,INVOICE,shipment.carrier,,,,,carrier,,nao
825,amostra-bl.pdf,INVOICE,shipment.vesselName,,,,,vesselName,,nao
826,amostra-bl.pdf,INVOICE,shipment.airports.origin,,,,,origin,,nao
827,amostra-bl.pdf,INVOICE,shipment.airports.destination,,,,,destination,,nao
828,amostra-bl.pdf,INVOICE,shipment.ports.origin,porto_origem_processo,LogisticaInternacionalProcesso,alta,,origin,,nao
829,amostra-bl.pdf,INVOICE,shipment.ports.loading,porto_origem_processo,LogisticaInternacionalProcesso,alta,,loading,,nao
830,amostra-bl.pdf,INVOICE,shipment.ports.destination,porto_destino_processo,LogisticaInternacionalProcesso,alta,,destination,,nao
831,amostra-bl.pdf,INVOICE,shipment.ports.discharge,porto_destino_processo,LogisticaInternacionalProcesso,alta,,discharge,,nao
832,amostra-bl.pdf,INVOICE,shipment.costs.freight,,,,,freight,,nao
833,amostra-bl.pdf,INVOICE,shipment.costs.insurance,,,,,insurance,,nao
834,amostra-bl.pdf,INVOICE,containerNumbers,container_numero_processo_container,ContainerProcesso,alta,,containerNumbers,,nao
835,amostra-bl.pdf,INVOICE,payment.method,,,,,method,,nao
836,amostra-bl.pdf,INVOICE,payment.terms,condicao_pagamento_item,PedidoItem,alta,,terms,60 DAYS INVOICE DATE,sim
837,amostra-bl.pdf,INVOICE,bankingDetails.bankName,,,,,bankName,BANCO BPM S.P.A.,sim
838,amostra-bl.pdf,INVOICE,bankingDetails.iban,,,,,iban,IT88H0503420100000000001975,sim
839,amostra-bl.pdf,INVOICE,bankingDetails.swift,,,,,swift,BAPPIT21AI6,sim
840,amostra-bl.pdf,INVOICE,bankingDetails.accountNumber,,,,,accountNumber,,nao
841,amostra-bl.pdf,INVOICE,bankingDetails.beneficiary,,,,,beneficiary,,nao
842,amostra-bl.pdf,INVOICE,bankingDetails.branchCode,,,,,branchCode,,nao
843,amostra-bl.pdf,INVOICE,bankingDetails.fullText,,,,,fullText,"BANCO BPM S.P.A. SWIFT BAPPIT22 VICOLO CONCORDIA, 7-9 BOLLATE MI IBAN:IT88H0503420100000000001975",sim
844,amostra-bl.pdf,INVOICE,packageSummary.totalGrossWeight,,,,,totalGrossWeight,"0,72 KG",sim
845,amostra-bl.pdf,INVOICE,packageSummary.totalNetWeight,,,,,totalNetWeight,"0,29 KG",sim
846,amostra-bl.pdf,INVOICE,packageSummary.commercialUnit,,,,,commercialUnit,Boxes,sim
847,amostra-bl.pdf,INVOICE,packageSummary.totalTareWeight,,,,,totalTareWeight,,nao
848,amostra-bl.pdf,INVOICE,packageSummary.totalCubicMeasurement,,,,,totalCubicMeasurement,"0,01 MC",sim
849,amostra-bl.pdf,INVOICE,packageSummary.totalPackages,,,,,totalPackages,"1,00",sim
850,amostra-bl.pdf,INVOICE,currency.type,moeda_item,PedidoItem,alta,,type,Eur,sim
851,amostra-bl.pdf,INVOICE,currency.exchangeRate,,,,,exchangeRate,,nao
852,amostra-bl.pdf,INVOICE,items_quantity,,,,,items_quantity,1,sim
853,amostra-bl.pdf,INVOICE,values.totalDocumentValue,,,,,totalDocumentValue,3987.00,sim
854,amostra-bl.pdf,INVOICE,values.discountsOrAdditions,,,,,discountsOrAdditions,,nao
855,amostra-bl.pdf,INVOICE,values.otherCharges,,,,,otherCharges,,nao
856,amostra-bl.pdf,INVOICE,observations,,,,,observations,DEL. NO 157149 of 12/02/25 Our ref. 2819885 B | Your ref. order 26/08/24 003N/24 Our ref. order 4 24515 2024/97 & 2A020 | GOODS OF ITALIAN ORIGIN DESTINED TO EXPORT | COMMODITY: SPARE PARTS FOR PUMPS | CUSTOMS TARIFF: 8413.9100 | NO. 1 CARTON BOX DIM CMS 30x20x20,sim
857,amostra-bl.pdf,INVOICE,isSigned,,,,,isSigned,false,sim
858,amostra-bl.pdf,INVOICE,additionalFields.Código do Cliente,,,,,Código do Cliente,0503SU20000,sim
859,amostra-bl.pdf,INVOICE,additionalFields.Ordem de Trabalho,,,,,Ordem de Trabalho,4O515,sim
860,amostra-bl.pdf,INVOICE,items[].descriptions.english,descricao_completa_item_en,PedidoItem,alta,,english,DISCHARGE VALVE ø 32,sim
861,amostra-bl.pdf,INVOICE,items[].descriptions.portuguese,descricao_completa_item_pt,PedidoItem,alta,,portuguese,,nao
862,amostra-bl.pdf,INVOICE,items[].weights.unit,,,,,unit,PZ,sim
863,amostra-bl.pdf,INVOICE,items[].weights.net,,,,,net,,nao
864,amostra-bl.pdf,INVOICE,items[].weights.gross,,,,,gross,,nao
865,amostra-bl.pdf,INVOICE,items[].volume.packageType,,,,,packageType,,nao
866,amostra-bl.pdf,INVOICE,items[].volume.dimensions,,,,,dimensions,,nao
867,amostra-bl.pdf,INVOICE,items[].volume.size,,,,,size,,nao
868,amostra-bl.pdf,INVOICE,items[].volume.quantity,,,,,quantity,,nao
869,amostra-bl.pdf,INVOICE,items[].partNumber,part_number_item,PedidoItem,alta,,partNumber,3100N0001E00K39,sim
870,amostra-bl.pdf,INVOICE,items[].poNumber,,,,,poNumber,4513636108,sim
871,amostra-bl.pdf,INVOICE,items[].itemQuantity,,,,,itemQuantity,"3,00",sim
872,amostra-bl.pdf,INVOICE,items[].itemCurrency,,,,,itemCurrency,Eur,sim
873,amostra-bl.pdf,INVOICE,items[].itemUnitPriceWithCurrency,,,,,itemUnitPriceWithCurrency,"1.329,000",sim
874,amostra-bl.pdf,INVOICE,items[].itemTotalPriceWithCurrency,,,,,itemTotalPriceWithCurrency,"3.987,00",sim
875,amostra-bl.pdf,INVOICE,items[].ncm,,,,,ncm,,nao
876,amostra-bl.pdf,INVOICE,items[].hsCode,,,,,hsCode,,nao
877,amostra-bl.pdf,INVOICE,items[].originCountry,,,,,originCountry,,nao
878,amostra-bl.pdf,INVOICE,items[].manufacturer,,,,,manufacturer,,nao
879,amostra-bl.pdf,INVOICE,document.documentNumber,numero_invoice_item,PedidoItem,alta,,documentNumber,2250161,sim
880,amostra-bl.pdf,INVOICE,document.documentType,,,,,documentType,Invoice,sim
881,amostra-bl.pdf,INVOICE,document.documentDate,,,,,documentDate,2025-02-10,sim
882,amostra-bl.pdf,INVOICE,document.incoterm,incoterm_item,PedidoItem,sugestao,Alternativas: incoterm_processo (LogisticaInternacionalProcesso),incoterm,EXW,sim
883,amostra-bl.pdf,INVOICE,document.incotermLocation,,,,,incotermLocation,EX WORKS,sim
884,amostra-bl.pdf,INVOICE,document.originCountry,,,,,originCountry,ITALY,sim
885,amostra-bl.pdf,INVOICE,document.countryOfAcquisition,,,,,countryOfAcquisition,,nao
886,amostra-bl.pdf,INVOICE,document.countryOfProvenance,,,,,countryOfProvenance,,nao
887,amostra-bl.pdf,INVOICE,document.shippedOnBoardDate,,,,,shippedOnBoardDate,,nao
888,amostra-bl.pdf,INVOICE,exporter.name,nome_exportador_item,PedidoItem,sugestao,Alternativas: nome_fornecedor (Fornecedor),name,PERONI POMPE SpA,sim
889,amostra-bl.pdf,INVOICE,exporter.address,endereco_fornecedor,Fornecedor,alta,,address,"Via Tacito, 4 - 20094 Corsico (MI) Italia",sim
890,amostra-bl.pdf,INVOICE,exporter.country,pais_fornecedor,Fornecedor,alta,,country,Italy,sim
891,amostra-bl.pdf,INVOICE,exporter.state,estado_provincia_fornecedor,Fornecedor,alta,,state,,nao
892,amostra-bl.pdf,INVOICE,exporter.city,cidade_fornecedor,Fornecedor,alta,,city,Corsico,sim
893,amostra-bl.pdf,INVOICE,exporter.zipCode,cep_zipcode_fornecedor,Fornecedor,alta,,zipCode,20094,sim
894,amostra-bl.pdf,INVOICE,exporter.taxId,tin_fornecedor,Fornecedor,alta,,taxId,IT 00745820159,sim
895,amostra-bl.pdf,INVOICE,exporter.phone,telefone_fornecedor,Fornecedor,alta,,phone,+39 02 489 40.1,sim
896,amostra-bl.pdf,INVOICE,exporter.email,email_fornecedor,Fornecedor,alta,,email,,nao
897,amostra-bl.pdf,INVOICE,importer.name,nome_importador_item,PedidoItem,sugestao,Alternativas: nome_fornecedor (Fornecedor),name,SUPERQUIP SERVICOS E EQUIPAMENTOS TECNICOS LTDA,sim
898,amostra-bl.pdf,INVOICE,importer.address,endereco_fornecedor,Fornecedor,alta,,address,RUA MEXICO 3-18° ANDAR CENTRO 20031-144 RIO DE JANEIRO RJ BRASILEIRA,sim
899,amostra-bl.pdf,INVOICE,importer.country,pais_fornecedor,Fornecedor,alta,,country,BRASIL,sim
900,amostra-bl.pdf,INVOICE,importer.state,estado_provincia_fornecedor,Fornecedor,alta,,state,RJ,sim
901,amostra-bl.pdf,INVOICE,importer.city,cidade_fornecedor,Fornecedor,alta,,city,RIO DE JANEIRO,sim
902,amostra-bl.pdf,INVOICE,importer.zipCode,cep_zipcode_fornecedor,Fornecedor,alta,,zipCode,20031-144,sim
903,amostra-bl.pdf,INVOICE,importer.taxId,cnpj_fornecedor,Fornecedor,alta,,taxId,CNPJ30712061/0001-42,sim
904,amostra-bl.pdf,INVOICE,importer.phone,telefone_fornecedor,Fornecedor,alta,,phone,+55.21.22625355,sim
905,amostra-bl.pdf,INVOICE,importer.email,email_fornecedor,Fornecedor,alta,,email,,nao
906,amostra-bl.pdf,INVOICE,shipment.modal,modal_frete_internacional_processo,LogisticaInternacionalProcesso,alta,,modal,,nao
907,amostra-bl.pdf,INVOICE,shipment.carrier,,,,,carrier,,nao
908,amostra-bl.pdf,INVOICE,shipment.vesselName,,,,,vesselName,,nao
909,amostra-bl.pdf,INVOICE,shipment.airports.origin,,,,,origin,,nao
910,amostra-bl.pdf,INVOICE,shipment.airports.destination,,,,,destination,,nao
911,amostra-bl.pdf,INVOICE,shipment.ports.origin,porto_origem_processo,LogisticaInternacionalProcesso,alta,,origin,,nao
912,amostra-bl.pdf,INVOICE,shipment.ports.loading,porto_origem_processo,LogisticaInternacionalProcesso,alta,,loading,,nao
913,amostra-bl.pdf,INVOICE,shipment.ports.destination,porto_destino_processo,LogisticaInternacionalProcesso,alta,,destination,,nao
914,amostra-bl.pdf,INVOICE,shipment.ports.discharge,porto_destino_processo,LogisticaInternacionalProcesso,alta,,discharge,,nao
915,amostra-bl.pdf,INVOICE,shipment.costs.freight,,,,,freight,,nao
916,amostra-bl.pdf,INVOICE,shipment.costs.insurance,,,,,insurance,,nao
917,amostra-bl.pdf,INVOICE,containerNumbers,container_numero_processo_container,ContainerProcesso,alta,,containerNumbers,,nao
918,amostra-bl.pdf,INVOICE,payment.method,,,,,method,,nao
919,amostra-bl.pdf,INVOICE,payment.terms,condicao_pagamento_item,PedidoItem,alta,,terms,60 DAYS INVOICE DATE,sim
920,amostra-bl.pdf,INVOICE,bankingDetails.bankName,,,,,bankName,BANCO BPM S.P.A.,sim
921,amostra-bl.pdf,INVOICE,bankingDetails.iban,,,,,iban,IT88H0503420100000000001975,sim
922,amostra-bl.pdf,INVOICE,bankingDetails.swift,,,,,swift,BAPPIT21AI6,sim
923,amostra-bl.pdf,INVOICE,bankingDetails.accountNumber,,,,,accountNumber,,nao
924,amostra-bl.pdf,INVOICE,bankingDetails.beneficiary,,,,,beneficiary,,nao
925,amostra-bl.pdf,INVOICE,bankingDetails.branchCode,,,,,branchCode,,nao
926,amostra-bl.pdf,INVOICE,bankingDetails.fullText,,,,,fullText,"BANCO BPM S.P.A. SWIFT BAPPIT22 VICOLO CONCORDIA, 7-9 BOLLATE MI IBAN:IT88H0503420100000000001975",sim
927,amostra-bl.pdf,INVOICE,packageSummary.totalGrossWeight,,,,,totalGrossWeight,"115,00 KG",sim
928,amostra-bl.pdf,INVOICE,packageSummary.totalNetWeight,,,,,totalNetWeight,"94,04 KG",sim
929,amostra-bl.pdf,INVOICE,packageSummary.commercialUnit,,,,,commercialUnit,Cases,sim
930,amostra-bl.pdf,INVOICE,packageSummary.totalTareWeight,,,,,totalTareWeight,,nao
931,amostra-bl.pdf,INVOICE,packageSummary.totalCubicMeasurement,,,,,totalCubicMeasurement,"0,13 MC",sim
932,amostra-bl.pdf,INVOICE,packageSummary.totalPackages,,,,,totalPackages,"1,00",sim
933,amostra-bl.pdf,INVOICE,currency.type,moeda_item,PedidoItem,alta,,type,Eur,sim
934,amostra-bl.pdf,INVOICE,currency.exchangeRate,,,,,exchangeRate,,nao
935,amostra-bl.pdf,INVOICE,items_quantity,,,,,items_quantity,2,sim
936,amostra-bl.pdf,INVOICE,values.totalDocumentValue,,,,,totalDocumentValue,14894.00,sim
937,amostra-bl.pdf,INVOICE,values.discountsOrAdditions,,,,,discountsOrAdditions,,nao
938,amostra-bl.pdf,INVOICE,values.otherCharges,,,,,otherCharges,,nao
939,amostra-bl.pdf,INVOICE,observations,,,,,observations,DEL. NO 157137 of 10/02/25 Our ref. 2819872 B | Your ref. order 22/11/24 101J/24 Our ref. order 4 24764 2C003 | GOODS OF ITALIAN ORIGIN DESTINED TO EXPORT | COMMODITY: SPARE PARTS FOR PUMPS | CUSTOMS TARIFF: 8413.9100 | NO. 1 CASE DIM CMS 102x37x36,sim
940,amostra-bl.pdf,INVOICE,isSigned,,,,,isSigned,false,sim
941,amostra-bl.pdf,INVOICE,additionalFields.Código do Cliente,,,,,Código do Cliente,0503SU20000,sim
942,amostra-bl.pdf,INVOICE,additionalFields.Ordem de Trabalho,,,,,Ordem de Trabalho,4O764,sim
943,amostra-bl.pdf,INVOICE,items[].descriptions.english,descricao_completa_item_en,PedidoItem,alta,,english,HYDRAULIC PLUNGER,sim
944,amostra-bl.pdf,INVOICE,items[].descriptions.portuguese,descricao_completa_item_pt,PedidoItem,alta,,portuguese,,nao
945,amostra-bl.pdf,INVOICE,items[].weights.unit,,,,,unit,PZ,sim
946,amostra-bl.pdf,INVOICE,items[].weights.net,,,,,net,,nao
947,amostra-bl.pdf,INVOICE,items[].weights.gross,,,,,gross,,nao
948,amostra-bl.pdf,INVOICE,items[].volume.packageType,,,,,packageType,,nao
949,amostra-bl.pdf,INVOICE,items[].volume.dimensions,,,,,dimensions,,nao
950,amostra-bl.pdf,INVOICE,items[].volume.size,,,,,size,,nao
951,amostra-bl.pdf,INVOICE,items[].volume.quantity,,,,,quantity,,nao
952,amostra-bl.pdf,INVOICE,items[].partNumber,part_number_item,PedidoItem,alta,,partNumber,3940G1020000K70,sim
953,amostra-bl.pdf,INVOICE,items[].poNumber,,,,,poNumber,4513857046,sim
954,amostra-bl.pdf,INVOICE,items[].itemQuantity,,,,,itemQuantity,"1,00",sim
955,amostra-bl.pdf,INVOICE,items[].itemCurrency,,,,,itemCurrency,Eur,sim
956,amostra-bl.pdf,INVOICE,items[].itemUnitPriceWithCurrency,,,,,itemUnitPriceWithCurrency,"14.549,000",sim
957,amostra-bl.pdf,INVOICE,items[].itemTotalPriceWithCurrency,,,,,itemTotalPriceWithCurrency,"14.549,00",sim
958,amostra-bl.pdf,INVOICE,items[].ncm,,,,,ncm,,nao
959,amostra-bl.pdf,INVOICE,items[].hsCode,,,,,hsCode,,nao
960,amostra-bl.pdf,INVOICE,items[].originCountry,,,,,originCountry,,nao
961,amostra-bl.pdf,INVOICE,items[].manufacturer,,,,,manufacturer,,nao
962,amostra-bl.pdf,INVOICE,document.documentNumber,numero_invoice_item,PedidoItem,alta,,documentNumber,2250138,sim
963,amostra-bl.pdf,INVOICE,document.documentType,,,,,documentType,Invoice,sim
964,amostra-bl.pdf,INVOICE,document.documentDate,,,,,documentDate,2025-01-30,sim
965,amostra-bl.pdf,INVOICE,document.incoterm,incoterm_item,PedidoItem,sugestao,Alternativas: incoterm_processo (LogisticaInternacionalProcesso),incoterm,EXW,sim
966,amostra-bl.pdf,INVOICE,document.incotermLocation,,,,,incotermLocation,EX WORKS,sim
967,amostra-bl.pdf,INVOICE,document.originCountry,,,,,originCountry,ITALY,sim
968,amostra-bl.pdf,INVOICE,document.countryOfAcquisition,,,,,countryOfAcquisition,,nao
969,amostra-bl.pdf,INVOICE,document.countryOfProvenance,,,,,countryOfProvenance,,nao
970,amostra-bl.pdf,INVOICE,document.shippedOnBoardDate,,,,,shippedOnBoardDate,,nao
971,amostra-bl.pdf,INVOICE,exporter.name,nome_exportador_item,PedidoItem,sugestao,Alternativas: nome_fornecedor (Fornecedor),name,PERONI POMPE SpA,sim
972,amostra-bl.pdf,INVOICE,exporter.address,endereco_fornecedor,Fornecedor,alta,,address,"Via Tacito, 4 - 20094 Corsico (MI) Italia",sim
973,amostra-bl.pdf,INVOICE,exporter.country,pais_fornecedor,Fornecedor,alta,,country,Italy,sim
974,amostra-bl.pdf,INVOICE,exporter.state,estado_provincia_fornecedor,Fornecedor,alta,,state,,nao
975,amostra-bl.pdf,INVOICE,exporter.city,cidade_fornecedor,Fornecedor,alta,,city,Corsico,sim
976,amostra-bl.pdf,INVOICE,exporter.zipCode,cep_zipcode_fornecedor,Fornecedor,alta,,zipCode,20094,sim
977,amostra-bl.pdf,INVOICE,exporter.taxId,tin_fornecedor,Fornecedor,alta,,taxId,IT 00745820159,sim
978,amostra-bl.pdf,INVOICE,exporter.phone,telefone_fornecedor,Fornecedor,alta,,phone,+39 02 489 40.1,sim
979,amostra-bl.pdf,INVOICE,exporter.email,email_fornecedor,Fornecedor,alta,,email,,nao
980,amostra-bl.pdf,INVOICE,importer.name,nome_importador_item,PedidoItem,sugestao,Alternativas: nome_fornecedor (Fornecedor),name,SUPERQUIP SERVICOS E EQUIPAMENTOS TECNICOS LTDA,sim
981,amostra-bl.pdf,INVOICE,importer.address,endereco_fornecedor,Fornecedor,alta,,address,RUA MEXICO 3-18° ANDAR CENTRO 20031-144 RIO DE JANEIRO RJ BRASILEIRA,sim
982,amostra-bl.pdf,INVOICE,importer.country,pais_fornecedor,Fornecedor,alta,,country,BRASIL,sim
983,amostra-bl.pdf,INVOICE,importer.state,estado_provincia_fornecedor,Fornecedor,alta,,state,RJ,sim
984,amostra-bl.pdf,INVOICE,importer.city,cidade_fornecedor,Fornecedor,alta,,city,RIO DE JANEIRO,sim
985,amostra-bl.pdf,INVOICE,importer.zipCode,cep_zipcode_fornecedor,Fornecedor,alta,,zipCode,20031-144,sim
986,amostra-bl.pdf,INVOICE,importer.taxId,cnpj_fornecedor,Fornecedor,alta,,taxId,CNPJ30712061/0001-42,sim
987,amostra-bl.pdf,INVOICE,importer.phone,telefone_fornecedor,Fornecedor,alta,,phone,+55.21.22625355,sim
988,amostra-bl.pdf,INVOICE,importer.email,email_fornecedor,Fornecedor,alta,,email,,nao
989,amostra-bl.pdf,INVOICE,shipment.modal,modal_frete_internacional_processo,LogisticaInternacionalProcesso,alta,,modal,,nao
990,amostra-bl.pdf,INVOICE,shipment.carrier,,,,,carrier,,nao
991,amostra-bl.pdf,INVOICE,shipment.vesselName,,,,,vesselName,,nao
992,amostra-bl.pdf,INVOICE,shipment.airports.origin,,,,,origin,,nao
993,amostra-bl.pdf,INVOICE,shipment.airports.destination,,,,,destination,,nao
994,amostra-bl.pdf,INVOICE,shipment.ports.origin,porto_origem_processo,LogisticaInternacionalProcesso,alta,,origin,,nao
995,amostra-bl.pdf,INVOICE,shipment.ports.loading,porto_origem_processo,LogisticaInternacionalProcesso,alta,,loading,,nao
996,amostra-bl.pdf,INVOICE,shipment.ports.destination,porto_destino_processo,LogisticaInternacionalProcesso,alta,,destination,,nao
997,amostra-bl.pdf,INVOICE,shipment.ports.discharge,porto_destino_processo,LogisticaInternacionalProcesso,alta,,discharge,,nao
998,amostra-bl.pdf,INVOICE,shipment.costs.freight,,,,,freight,,nao
999,amostra-bl.pdf,INVOICE,shipment.costs.insurance,,,,,insurance,,nao
1000,amostra-bl.pdf,INVOICE,containerNumbers,container_numero_processo_container,ContainerProcesso,alta,,containerNumbers,,nao
1001,amostra-bl.pdf,INVOICE,payment.method,,,,,method,,nao
1002,amostra-bl.pdf,INVOICE,payment.terms,condicao_pagamento_item,PedidoItem,alta,,terms,60 DAYS INVOICE DATE,sim
1003,amostra-bl.pdf,INVOICE,bankingDetails.bankName,,,,,bankName,BANCO BPM S.P.A.,sim
1004,amostra-bl.pdf,INVOICE,bankingDetails.iban,,,,,iban,IT88H0503420100000000001975,sim
1005,amostra-bl.pdf,INVOICE,bankingDetails.swift,,,,,swift,BAPPIT21AI6,sim
1006,amostra-bl.pdf,INVOICE,bankingDetails.accountNumber,,,,,accountNumber,,nao
1007,amostra-bl.pdf,INVOICE,bankingDetails.beneficiary,,,,,beneficiary,,nao
1008,amostra-bl.pdf,INVOICE,bankingDetails.branchCode,,,,,branchCode,,nao
1009,amostra-bl.pdf,INVOICE,bankingDetails.fullText,,,,,fullText,"BANCO BPM S.P.A. SWIFT BAPPIT21AI6 VICOLO CONCORDIA, 7-9 BOLLATE MI IBAN:IT88H0503420100000000001975",sim
1010,amostra-bl.pdf,INVOICE,packageSummary.totalGrossWeight,,,,,totalGrossWeight,"130,00 KG",sim
1011,amostra-bl.pdf,INVOICE,packageSummary.totalNetWeight,,,,,totalNetWeight,"102,75 KG",sim
1012,amostra-bl.pdf,INVOICE,packageSummary.commercialUnit,,,,,commercialUnit,Cases,sim
1013,amostra-bl.pdf,INVOICE,packageSummary.totalTareWeight,,,,,totalTareWeight,,nao
1014,amostra-bl.pdf,INVOICE,packageSummary.totalCubicMeasurement,,,,,totalCubicMeasurement,"0,30 MC",sim
1015,amostra-bl.pdf,INVOICE,packageSummary.totalPackages,,,,,totalPackages,"1,00",sim
1016,amostra-bl.pdf,INVOICE,currency.type,moeda_item,PedidoItem,alta,,type,Eur,sim
1017,amostra-bl.pdf,INVOICE,currency.exchangeRate,,,,,exchangeRate,,nao
1018,amostra-bl.pdf,INVOICE,items_quantity,,,,,items_quantity,2,sim
1019,amostra-bl.pdf,INVOICE,values.totalDocumentValue,,,,,totalDocumentValue,59273.00,sim
1020,amostra-bl.pdf,INVOICE,values.discountsOrAdditions,,,,,discountsOrAdditions,,nao
1021,amostra-bl.pdf,INVOICE,values.otherCharges,,,,,otherCharges,,nao
1022,amostra-bl.pdf,INVOICE,observations,,,,,observations,DEL. NO 157114 of 29/01/25 Our ref. 2819837 B | Your ref. order 12/12/24 003AG/24 Our ref. order 4 24816 NI | GOODS OF ITALIAN ORIGIN DESTINED TO EXPORT | COMMODITY: SPARE PARTS FOR PUMPS | CUSTOMS TARIFF: 8413.9100 | NO. 1 CASE DIM CMS 87x57x56,sim
1023,amostra-bl.pdf,INVOICE,isSigned,,,,,isSigned,false,sim
1024,amostra-bl.pdf,INVOICE,additionalFields.Código do Cliente,,,,,Código do Cliente,0503SU20000,sim
1025,amostra-bl.pdf,INVOICE,additionalFields.Ordem de Trabalho,,,,,Ordem de Trabalho,4O816,sim
1026,amostra-bl.pdf,INVOICE,items[].descriptions.english,descricao_completa_item_en,PedidoItem,alta,,english,MAIN BUSHING,sim
1027,amostra-bl.pdf,INVOICE,items[].descriptions.portuguese,descricao_completa_item_pt,PedidoItem,alta,,portuguese,,nao
1028,amostra-bl.pdf,INVOICE,items[].weights.unit,,,,,unit,PZ,sim
1029,amostra-bl.pdf,INVOICE,items[].weights.net,,,,,net,,nao
1030,amostra-bl.pdf,INVOICE,items[].weights.gross,,,,,gross,,nao
1031,amostra-bl.pdf,INVOICE,items[].volume.packageType,,,,,packageType,,nao
1032,amostra-bl.pdf,INVOICE,items[].volume.dimensions,,,,,dimensions,,nao
1033,amostra-bl.pdf,INVOICE,items[].volume.size,,,,,size,,nao
1034,amostra-bl.pdf,INVOICE,items[].volume.quantity,,,,,quantity,,nao
1035,amostra-bl.pdf,INVOICE,items[].partNumber,part_number_item,PedidoItem,alta,,partNumber,3425R0154000U42,sim
1036,amostra-bl.pdf,INVOICE,items[].poNumber,,,,,poNumber,4513920118,sim
1037,amostra-bl.pdf,INVOICE,items[].itemQuantity,,,,,itemQuantity,"6,00",sim
1038,amostra-bl.pdf,INVOICE,items[].itemCurrency,,,,,itemCurrency,Eur,sim
1039,amostra-bl.pdf,INVOICE,items[].itemUnitPriceWithCurrency,,,,,itemUnitPriceWithCurrency,"9.723,000",sim
1040,amostra-bl.pdf,INVOICE,items[].itemTotalPriceWithCurrency,,,,,itemTotalPriceWithCurrency,"58.338,00",sim
1041,amostra-bl.pdf,INVOICE,items[].ncm,,,,,ncm,,nao
1042,amostra-bl.pdf,INVOICE,items[].hsCode,,,,,hsCode,,nao
1043,amostra-bl.pdf,INVOICE,items[].originCountry,,,,,originCountry,,nao
1044,amostra-bl.pdf,INVOICE,items[].manufacturer,,,,,manufacturer,,nao
1045,amostra-bl.pdf,INVOICE,document.documentNumber,numero_invoice_item,PedidoItem,alta,,documentNumber,2250098,sim
1046,amostra-bl.pdf,INVOICE,document.documentType,,,,,documentType,Invoice,sim
1047,amostra-bl.pdf,INVOICE,document.documentDate,,,,,documentDate,2025-01-17,sim
1048,amostra-bl.pdf,INVOICE,document.incoterm,incoterm_item,PedidoItem,sugestao,Alternativas: incoterm_processo (LogisticaInternacionalProcesso),incoterm,EXW,sim
1049,amostra-bl.pdf,INVOICE,document.incotermLocation,,,,,incotermLocation,EX WORKS,sim
1050,amostra-bl.pdf,INVOICE,document.originCountry,,,,,originCountry,ITALY,sim
1051,amostra-bl.pdf,INVOICE,document.countryOfAcquisition,,,,,countryOfAcquisition,,nao
1052,amostra-bl.pdf,INVOICE,document.countryOfProvenance,,,,,countryOfProvenance,,nao
1053,amostra-bl.pdf,INVOICE,document.shippedOnBoardDate,,,,,shippedOnBoardDate,,nao
1054,amostra-bl.pdf,INVOICE,exporter.name,nome_exportador_item,PedidoItem,sugestao,Alternativas: nome_fornecedor (Fornecedor),name,PERONI POMPE SpA,sim
1055,amostra-bl.pdf,INVOICE,exporter.address,endereco_fornecedor,Fornecedor,alta,,address,"Via Tacito, 4 - 20094 Corsico (MI) Italia",sim
1056,amostra-bl.pdf,INVOICE,exporter.country,pais_fornecedor,Fornecedor,alta,,country,Italy,sim
1057,amostra-bl.pdf,INVOICE,exporter.state,estado_provincia_fornecedor,Fornecedor,alta,,state,,nao
1058,amostra-bl.pdf,INVOICE,exporter.city,cidade_fornecedor,Fornecedor,alta,,city,Corsico,sim
1059,amostra-bl.pdf,INVOICE,exporter.zipCode,cep_zipcode_fornecedor,Fornecedor,alta,,zipCode,20094,sim
1060,amostra-bl.pdf,INVOICE,exporter.taxId,tin_fornecedor,Fornecedor,alta,,taxId,IT 00745820159,sim
1061,amostra-bl.pdf,INVOICE,exporter.phone,telefone_fornecedor,Fornecedor,alta,,phone,+39 02 489 40.1,sim
1062,amostra-bl.pdf,INVOICE,exporter.email,email_fornecedor,Fornecedor,alta,,email,,nao
1063,amostra-bl.pdf,INVOICE,importer.name,nome_importador_item,PedidoItem,sugestao,Alternativas: nome_fornecedor (Fornecedor),name,SUPERQUIP SERVICOS E EQUIPAMENTOS TECNICOS LTDA,sim
1064,amostra-bl.pdf,INVOICE,importer.address,endereco_fornecedor,Fornecedor,alta,,address,RUA MEXICO 3-18° ANDAR CENTRO 20031-144 RIO DE JANEIRO RJ BRASILEIRA,sim
1065,amostra-bl.pdf,INVOICE,importer.country,pais_fornecedor,Fornecedor,alta,,country,BRASIL,sim
1066,amostra-bl.pdf,INVOICE,importer.state,estado_provincia_fornecedor,Fornecedor,alta,,state,RJ,sim
1067,amostra-bl.pdf,INVOICE,importer.city,cidade_fornecedor,Fornecedor,alta,,city,RIO DE JANEIRO,sim
1068,amostra-bl.pdf,INVOICE,importer.zipCode,cep_zipcode_fornecedor,Fornecedor,alta,,zipCode,20031-144,sim
1069,amostra-bl.pdf,INVOICE,importer.taxId,cnpj_fornecedor,Fornecedor,alta,,taxId,CNPJ30712061/0001-42,sim
1070,amostra-bl.pdf,INVOICE,importer.phone,telefone_fornecedor,Fornecedor,alta,,phone,+55.21.22625355,sim
1071,amostra-bl.pdf,INVOICE,importer.email,email_fornecedor,Fornecedor,alta,,email,,nao
1072,amostra-bl.pdf,INVOICE,shipment.modal,modal_frete_internacional_processo,LogisticaInternacionalProcesso,alta,,modal,,nao
1073,amostra-bl.pdf,INVOICE,shipment.carrier,,,,,carrier,,nao
1074,amostra-bl.pdf,INVOICE,shipment.vesselName,,,,,vesselName,,nao
1075,amostra-bl.pdf,INVOICE,shipment.airports.origin,,,,,origin,,nao
1076,amostra-bl.pdf,INVOICE,shipment.airports.destination,,,,,destination,,nao
1077,amostra-bl.pdf,INVOICE,shipment.ports.origin,porto_origem_processo,LogisticaInternacionalProcesso,alta,,origin,,nao
1078,amostra-bl.pdf,INVOICE,shipment.ports.loading,porto_origem_processo,LogisticaInternacionalProcesso,alta,,loading,,nao
1079,amostra-bl.pdf,INVOICE,shipment.ports.destination,porto_destino_processo,LogisticaInternacionalProcesso,alta,,destination,,nao
1080,amostra-bl.pdf,INVOICE,shipment.ports.discharge,porto_destino_processo,LogisticaInternacionalProcesso,alta,,discharge,,nao
1081,amostra-bl.pdf,INVOICE,shipment.costs.freight,,,,,freight,,nao
1082,amostra-bl.pdf,INVOICE,shipment.costs.insurance,,,,,insurance,,nao
1083,amostra-bl.pdf,INVOICE,containerNumbers,container_numero_processo_container,ContainerProcesso,alta,,containerNumbers,,nao
1084,amostra-bl.pdf,INVOICE,payment.method,,,,,method,,nao
1085,amostra-bl.pdf,INVOICE,payment.terms,condicao_pagamento_item,PedidoItem,alta,,terms,60 DAYS INVOICE DATE,sim
1086,amostra-bl.pdf,INVOICE,bankingDetails.bankName,,,,,bankName,BANCO BPM S.P.A.,sim
1087,amostra-bl.pdf,INVOICE,bankingDetails.iban,,,,,iban,IT88H0503420100000000001975,sim
1088,amostra-bl.pdf,INVOICE,bankingDetails.swift,,,,,swift,BAPPIT21AI6,sim
1089,amostra-bl.pdf,INVOICE,bankingDetails.accountNumber,,,,,accountNumber,,nao
1090,amostra-bl.pdf,INVOICE,bankingDetails.beneficiary,,,,,beneficiary,,nao
1091,amostra-bl.pdf,INVOICE,bankingDetails.branchCode,,,,,branchCode,,nao
1092,amostra-bl.pdf,INVOICE,bankingDetails.fullText,,,,,fullText,"BANCO BPM S.P.A. SWIFT BAPPIT21AI6 VICOLO CONCORDIA, 7-9 BOLLATE MI IBAN:IT88H0503420100000000001975",sim
1093,amostra-bl.pdf,INVOICE,packageSummary.totalGrossWeight,,,,,totalGrossWeight,"5,00 KG",sim
1094,amostra-bl.pdf,INVOICE,packageSummary.totalNetWeight,,,,,totalNetWeight,"4,48 KG",sim
1095,amostra-bl.pdf,INVOICE,packageSummary.commercialUnit,,,,,commercialUnit,Boxes,sim
1096,amostra-bl.pdf,INVOICE,packageSummary.totalTareWeight,,,,,totalTareWeight,,nao
1097,amostra-bl.pdf,INVOICE,packageSummary.totalCubicMeasurement,,,,,totalCubicMeasurement,"0,04 MC",sim
1098,amostra-bl.pdf,INVOICE,packageSummary.totalPackages,,,,,totalPackages,"1,00",sim
1099,amostra-bl.pdf,INVOICE,currency.type,moeda_item,PedidoItem,alta,,type,Eur,sim
1100,amostra-bl.pdf,INVOICE,currency.exchangeRate,,,,,exchangeRate,,nao
1101,amostra-bl.pdf,INVOICE,items_quantity,,,,,items_quantity,5,sim
1102,amostra-bl.pdf,INVOICE,values.totalDocumentValue,,,,,totalDocumentValue,9825.00,sim
1103,amostra-bl.pdf,INVOICE,values.discountsOrAdditions,,,,,discountsOrAdditions,,nao
1104,amostra-bl.pdf,INVOICE,values.otherCharges,,,,,otherCharges,,nao
1105,amostra-bl.pdf,INVOICE,observations,,,,,observations,DEL. NO 157075 of 17/01/25 Our ref. 2819788 B | Your ref. order 28/10/24 101D/24 Our ref. order 4 24689 27003 | GOODS OF ITALIAN ORIGIN DESTINED TO EXPORT | COMMODITY: SPARE PARTS FOR PUMPS | CUSTOMS TARIFF: 8413.9100 | NO. 1 CARTON BOX DIM CMS 40x30x30,sim
1106,amostra-bl.pdf,INVOICE,isSigned,,,,,isSigned,false,sim
1107,amostra-bl.pdf,INVOICE,additionalFields.Código do Cliente,,,,,Código do Cliente,0503SU20000,sim
1108,amostra-bl.pdf,INVOICE,additionalFields.Ordem de Trabalho,,,,,Ordem de Trabalho,4O689,sim
1109,amostra-bl.pdf,INVOICE,items[].descriptions.english,descricao_completa_item_en,PedidoItem,alta,,english,DISCHARGE VALVE SEAT ø32,sim
1110,amostra-bl.pdf,INVOICE,items[].descriptions.portuguese,descricao_completa_item_pt,PedidoItem,alta,,portuguese,,nao
1111,amostra-bl.pdf,INVOICE,items[].weights.unit,,,,,unit,PZ,sim
1112,amostra-bl.pdf,INVOICE,items[].weights.net,,,,,net,,nao
1113,amostra-bl.pdf,INVOICE,items[].weights.gross,,,,,gross,,nao
1114,amostra-bl.pdf,INVOICE,items[].volume.packageType,,,,,packageType,,nao
1115,amostra-bl.pdf,INVOICE,items[].volume.dimensions,,,,,dimensions,,nao
1116,amostra-bl.pdf,INVOICE,items[].volume.size,,,,,size,,nao
1117,amostra-bl.pdf,INVOICE,items[].volume.quantity,,,,,quantity,,nao
1118,amostra-bl.pdf,INVOICE,items[].partNumber,part_number_item,PedidoItem,alta,,partNumber,3100N0002E00K39,sim
1119,amostra-bl.pdf,INVOICE,items[].poNumber,,,,,poNumber,4513769032,sim
1120,amostra-bl.pdf,INVOICE,items[].itemQuantity,,,,,itemQuantity,"3,00",sim
1121,amostra-bl.pdf,INVOICE,items[].itemCurrency,,,,,itemCurrency,Eur,sim
1122,amostra-bl.pdf,INVOICE,items[].itemUnitPriceWithCurrency,,,,,itemUnitPriceWithCurrency,"1.103,000",sim
1123,amostra-bl.pdf,INVOICE,items[].itemTotalPriceWithCurrency,,,,,itemTotalPriceWithCurrency,"3.309,00",sim
1124,amostra-bl.pdf,INVOICE,items[].ncm,,,,,ncm,,nao
1125,amostra-bl.pdf,INVOICE,items[].hsCode,,,,,hsCode,,nao
1126,amostra-bl.pdf,INVOICE,items[].originCountry,,,,,originCountry,,nao
1127,amostra-bl.pdf,INVOICE,items[].manufacturer,,,,,manufacturer,,nao
1128,amostra-bl.pdf,INVOICE,document.documentNumber,numero_invoice_item,PedidoItem,alta,,documentNumber,2250136,sim
1129,amostra-bl.pdf,INVOICE,document.documentType,,,,,documentType,Invoice,sim
1130,amostra-bl.pdf,INVOICE,document.documentDate,,,,,documentDate,2025-01-30,sim
1131,amostra-bl.pdf,INVOICE,document.incoterm,incoterm_item,PedidoItem,sugestao,Alternativas: incoterm_processo (LogisticaInternacionalProcesso),incoterm,EXW,sim
1132,amostra-bl.pdf,INVOICE,document.incotermLocation,,,,,incotermLocation,EX WORKS,sim
1133,amostra-bl.pdf,INVOICE,document.originCountry,,,,,originCountry,ITALY,sim
1134,amostra-bl.pdf,INVOICE,document.countryOfAcquisition,,,,,countryOfAcquisition,,nao
1135,amostra-bl.pdf,INVOICE,document.countryOfProvenance,,,,,countryOfProvenance,,nao
1136,amostra-bl.pdf,INVOICE,document.shippedOnBoardDate,,,,,shippedOnBoardDate,,nao
1137,amostra-bl.pdf,INVOICE,exporter.name,nome_exportador_item,PedidoItem,sugestao,Alternativas: nome_fornecedor (Fornecedor),name,PERONI POMPE SpA,sim
1138,amostra-bl.pdf,INVOICE,exporter.address,endereco_fornecedor,Fornecedor,alta,,address,"Via Tacito, 4 - 20094 Corsico (MI) Italia",sim
1139,amostra-bl.pdf,INVOICE,exporter.country,pais_fornecedor,Fornecedor,alta,,country,Italy,sim
1140,amostra-bl.pdf,INVOICE,exporter.state,estado_provincia_fornecedor,Fornecedor,alta,,state,,nao
1141,amostra-bl.pdf,INVOICE,exporter.city,cidade_fornecedor,Fornecedor,alta,,city,Corsico,sim
1142,amostra-bl.pdf,INVOICE,exporter.zipCode,cep_zipcode_fornecedor,Fornecedor,alta,,zipCode,20094,sim
1143,amostra-bl.pdf,INVOICE,exporter.taxId,tin_fornecedor,Fornecedor,alta,,taxId,IT 00745820159,sim
1144,amostra-bl.pdf,INVOICE,exporter.phone,telefone_fornecedor,Fornecedor,alta,,phone,+39 02 489 40.1,sim
1145,amostra-bl.pdf,INVOICE,exporter.email,email_fornecedor,Fornecedor,alta,,email,,nao
1146,amostra-bl.pdf,INVOICE,importer.name,nome_importador_item,PedidoItem,sugestao,Alternativas: nome_fornecedor (Fornecedor),name,SUPERQUIP SERVICOS E EQUIPAMENTOS TECNICOS LTDA,sim
1147,amostra-bl.pdf,INVOICE,importer.address,endereco_fornecedor,Fornecedor,alta,,address,RUA MEXICO 3-18° ANDAR CENTRO 20031-144 RIO DE JANEIRO RJ BRASILEIRA,sim
1148,amostra-bl.pdf,INVOICE,importer.country,pais_fornecedor,Fornecedor,alta,,country,BRASIL,sim
1149,amostra-bl.pdf,INVOICE,importer.state,estado_provincia_fornecedor,Fornecedor,alta,,state,RJ,sim
1150,amostra-bl.pdf,INVOICE,importer.city,cidade_fornecedor,Fornecedor,alta,,city,RIO DE JANEIRO,sim
1151,amostra-bl.pdf,INVOICE,importer.zipCode,cep_zipcode_fornecedor,Fornecedor,alta,,zipCode,20031-144,sim
1152,amostra-bl.pdf,INVOICE,importer.taxId,cnpj_fornecedor,Fornecedor,alta,,taxId,CNPJ30712061/0001-42,sim
1153,amostra-bl.pdf,INVOICE,importer.phone,telefone_fornecedor,Fornecedor,alta,,phone,+55.21.22625355,sim
1154,amostra-bl.pdf,INVOICE,importer.email,email_fornecedor,Fornecedor,alta,,email,,nao
1155,amostra-bl.pdf,INVOICE,shipment.modal,modal_frete_internacional_processo,LogisticaInternacionalProcesso,alta,,modal,,nao
1156,amostra-bl.pdf,INVOICE,shipment.carrier,,,,,carrier,,nao
1157,amostra-bl.pdf,INVOICE,shipment.vesselName,,,,,vesselName,,nao
1158,amostra-bl.pdf,INVOICE,shipment.airports.origin,,,,,origin,,nao
1159,amostra-bl.pdf,INVOICE,shipment.airports.destination,,,,,destination,,nao
1160,amostra-bl.pdf,INVOICE,shipment.ports.origin,porto_origem_processo,LogisticaInternacionalProcesso,alta,,origin,,nao
1161,amostra-bl.pdf,INVOICE,shipment.ports.loading,porto_origem_processo,LogisticaInternacionalProcesso,alta,,loading,,nao
1162,amostra-bl.pdf,INVOICE,shipment.ports.destination,porto_destino_processo,LogisticaInternacionalProcesso,alta,,destination,,nao
1163,amostra-bl.pdf,INVOICE,shipment.ports.discharge,porto_destino_processo,LogisticaInternacionalProcesso,alta,,discharge,,nao
1164,amostra-bl.pdf,INVOICE,shipment.costs.freight,,,,,freight,,nao
1165,amostra-bl.pdf,INVOICE,shipment.costs.insurance,,,,,insurance,,nao
1166,amostra-bl.pdf,INVOICE,containerNumbers,container_numero_processo_container,ContainerProcesso,alta,,containerNumbers,,nao
1167,amostra-bl.pdf,INVOICE,payment.method,,,,,method,,nao
1168,amostra-bl.pdf,INVOICE,payment.terms,condicao_pagamento_item,PedidoItem,alta,,terms,60 DAYS INVOICE DATE,sim
1169,amostra-bl.pdf,INVOICE,bankingDetails.bankName,,,,,bankName,BANCO BPM S.P.A.,sim
1170,amostra-bl.pdf,INVOICE,bankingDetails.iban,,,,,iban,IT88H0503420100000000001975,sim
1171,amostra-bl.pdf,INVOICE,bankingDetails.swift,,,,,swift,BAPPIT21AI6,sim
1172,amostra-bl.pdf,INVOICE,bankingDetails.accountNumber,,,,,accountNumber,,nao
1173,amostra-bl.pdf,INVOICE,bankingDetails.beneficiary,,,,,beneficiary,,nao
1174,amostra-bl.pdf,INVOICE,bankingDetails.branchCode,,,,,branchCode,,nao
1175,amostra-bl.pdf,INVOICE,bankingDetails.fullText,,,,,fullText,"BANCO BPM S.P.A. SWIFT BAPPIT21AI6 VICOLO CONCORDIA, 7-9 BOLLATE MI IBAN:IT88H0503420100000000001975",sim
1176,amostra-bl.pdf,INVOICE,packageSummary.totalGrossWeight,,,,,totalGrossWeight,"7,50 KG",sim
1177,amostra-bl.pdf,INVOICE,packageSummary.totalNetWeight,,,,,totalNetWeight,"5,00 KG",sim
1178,amostra-bl.pdf,INVOICE,packageSummary.commercialUnit,,,,,commercialUnit,Boxes,sim
1179,amostra-bl.pdf,INVOICE,packageSummary.totalTareWeight,,,,,totalTareWeight,,nao
1180,amostra-bl.pdf,INVOICE,packageSummary.totalCubicMeasurement,,,,,totalCubicMeasurement,"0,05 MC",sim
1181,amostra-bl.pdf,INVOICE,packageSummary.totalPackages,,,,,totalPackages,"1,00",sim
1182,amostra-bl.pdf,INVOICE,currency.type,moeda_item,PedidoItem,alta,,type,Eur,sim
1183,amostra-bl.pdf,INVOICE,currency.exchangeRate,,,,,exchangeRate,,nao
1184,amostra-bl.pdf,INVOICE,items_quantity,,,,,items_quantity,7,sim
1185,amostra-bl.pdf,INVOICE,values.totalDocumentValue,,,,,totalDocumentValue,4323.00,sim
1186,amostra-bl.pdf,INVOICE,values.discountsOrAdditions,,,,,discountsOrAdditions,,nao
1187,amostra-bl.pdf,INVOICE,values.otherCharges,,,,,otherCharges,,nao
1188,amostra-bl.pdf,INVOICE,observations,,,,,observations,DEL. NO 157112 of 29/01/25 Our ref. 2819563 B | Your ref. order 29/10/24 101H/24 Our ref. order 4 24690 2024/97 & 27003 | GOODS OF ITALIAN ORIGIN DESTINED TO EXPORT | COMMODITY: SPARE PARTS FOR PUMPS | CUSTOMS TARIFF: 8413.9100 | NO. 1 CARTON BOX DIM CMS 40x30x30,sim
1189,amostra-bl.pdf,INVOICE,isSigned,,,,,isSigned,false,sim
1190,amostra-bl.pdf,INVOICE,additionalFields.Código do Cliente,,,,,Código do Cliente,0503SU20000,sim
1191,amostra-bl.pdf,INVOICE,additionalFields.Ordem de Trabalho,,,,,Ordem de Trabalho,4O690,sim
1192,amostra-bl.pdf,INVOICE,items[].descriptions.english,descricao_completa_item_en,PedidoItem,alta,,english,SEEGER RING D 75,sim
1193,amostra-bl.pdf,INVOICE,items[].descriptions.portuguese,descricao_completa_item_pt,PedidoItem,alta,,portuguese,,nao
1194,amostra-bl.pdf,INVOICE,items[].weights.unit,,,,,unit,PZ,sim
1195,amostra-bl.pdf,INVOICE,items[].weights.net,,,,,net,,nao
1196,amostra-bl.pdf,INVOICE,items[].weights.gross,,,,,gross,,nao
1197,amostra-bl.pdf,INVOICE,items[].volume.packageType,,,,,packageType,,nao
1198,amostra-bl.pdf,INVOICE,items[].volume.dimensions,,,,,dimensions,,nao
1199,amostra-bl.pdf,INVOICE,items[].volume.size,,,,,size,,nao
1200,amostra-bl.pdf,INVOICE,items[].volume.quantity,,,,,quantity,,nao
1201,amostra-bl.pdf,INVOICE,items[].partNumber,part_number_item,PedidoItem,alta,,partNumber,EBF000002052H99,sim
1202,amostra-bl.pdf,INVOICE,items[].poNumber,,,,,poNumber,4513792426,sim
1203,amostra-bl.pdf,INVOICE,items[].itemQuantity,,,,,itemQuantity,"2,00",sim
1204,amostra-bl.pdf,INVOICE,items[].itemCurrency,,,,,itemCurrency,Eur,sim
1205,amostra-bl.pdf,INVOICE,items[].itemUnitPriceWithCurrency,,,,,itemUnitPriceWithCurrency,"35,000",sim
1206,amostra-bl.pdf,INVOICE,items[].itemTotalPriceWithCurrency,,,,,itemTotalPriceWithCurrency,"70,00",sim
1207,amostra-bl.pdf,INVOICE,items[].ncm,,,,,ncm,,nao
1208,amostra-bl.pdf,INVOICE,items[].hsCode,,,,,hsCode,,nao
1209,amostra-bl.pdf,INVOICE,items[].originCountry,,,,,originCountry,,nao
1210,amostra-bl.pdf,INVOICE,items[].manufacturer,,,,,manufacturer,,nao
1211,amostra-bl.pdf,INVOICE,document.documentNumber,numero_invoice_item,PedidoItem,alta,,documentNumber,2250126,sim
1212,amostra-bl.pdf,INVOICE,document.documentType,,,,,documentType,Invoice,sim
1213,amostra-bl.pdf,INVOICE,document.documentDate,,,,,documentDate,2025-01-24,sim
1214,amostra-bl.pdf,INVOICE,document.incoterm,incoterm_item,PedidoItem,sugestao,Alternativas: incoterm_processo (LogisticaInternacionalProcesso),incoterm,EXW,sim
1215,amostra-bl.pdf,INVOICE,document.incotermLocation,,,,,incotermLocation,EX WORKS,sim
1216,amostra-bl.pdf,INVOICE,document.originCountry,,,,,originCountry,ITALY,sim
1217,amostra-bl.pdf,INVOICE,document.countryOfAcquisition,,,,,countryOfAcquisition,,nao
1218,amostra-bl.pdf,INVOICE,document.countryOfProvenance,,,,,countryOfProvenance,,nao
1219,amostra-bl.pdf,INVOICE,document.shippedOnBoardDate,,,,,shippedOnBoardDate,,nao
1220,amostra-bl.pdf,INVOICE,exporter.name,nome_exportador_item,PedidoItem,sugestao,Alternativas: nome_fornecedor (Fornecedor),name,PERONI POMPE SpA,sim
1221,amostra-bl.pdf,INVOICE,exporter.address,endereco_fornecedor,Fornecedor,alta,,address,"Via Tacito, 4 - 20094 Corsico (MI) Italia",sim
1222,amostra-bl.pdf,INVOICE,exporter.country,pais_fornecedor,Fornecedor,alta,,country,Italy,sim
1223,amostra-bl.pdf,INVOICE,exporter.state,estado_provincia_fornecedor,Fornecedor,alta,,state,,nao
1224,amostra-bl.pdf,INVOICE,exporter.city,cidade_fornecedor,Fornecedor,alta,,city,Corsico,sim
1225,amostra-bl.pdf,INVOICE,exporter.zipCode,cep_zipcode_fornecedor,Fornecedor,alta,,zipCode,20094,sim
1226,amostra-bl.pdf,INVOICE,exporter.taxId,tin_fornecedor,Fornecedor,alta,,taxId,IT 00745820159,sim
1227,amostra-bl.pdf,INVOICE,exporter.phone,telefone_fornecedor,Fornecedor,alta,,phone,+39 02 489 40.1,sim
1228,amostra-bl.pdf,INVOICE,exporter.email,email_fornecedor,Fornecedor,alta,,email,,nao
1229,amostra-bl.pdf,INVOICE,importer.name,nome_importador_item,PedidoItem,sugestao,Alternativas: nome_fornecedor (Fornecedor),name,SUPERQUIP SERVICOS E EQUIPAMENTOS TECNICOS LTDA,sim
1230,amostra-bl.pdf,INVOICE,importer.address,endereco_fornecedor,Fornecedor,alta,,address,RUA MEXICO 3-18° ANDAR CENTRO 20031-144 RIO DE JANEIRO RJ BRASILEIRA,sim
1231,amostra-bl.pdf,INVOICE,importer.country,pais_fornecedor,Fornecedor,alta,,country,BRASIL,sim
1232,amostra-bl.pdf,INVOICE,importer.state,estado_provincia_fornecedor,Fornecedor,alta,,state,RJ,sim
1233,amostra-bl.pdf,INVOICE,importer.city,cidade_fornecedor,Fornecedor,alta,,city,RIO DE JANEIRO,sim
1234,amostra-bl.pdf,INVOICE,importer.zipCode,cep_zipcode_fornecedor,Fornecedor,alta,,zipCode,20031-144,sim
1235,amostra-bl.pdf,INVOICE,importer.taxId,cnpj_fornecedor,Fornecedor,alta,,taxId,CNPJ30712061/0001-42,sim
1236,amostra-bl.pdf,INVOICE,importer.phone,telefone_fornecedor,Fornecedor,alta,,phone,+55.21.22625355,sim
1237,amostra-bl.pdf,INVOICE,importer.email,email_fornecedor,Fornecedor,alta,,email,,nao
1238,amostra-bl.pdf,INVOICE,shipment.modal,modal_frete_internacional_processo,LogisticaInternacionalProcesso,alta,,modal,,nao
1239,amostra-bl.pdf,INVOICE,shipment.carrier,,,,,carrier,,nao
1240,amostra-bl.pdf,INVOICE,shipment.vesselName,,,,,vesselName,,nao
1241,amostra-bl.pdf,INVOICE,shipment.airports.origin,,,,,origin,,nao
1242,amostra-bl.pdf,INVOICE,shipment.airports.destination,,,,,destination,,nao
1243,amostra-bl.pdf,INVOICE,shipment.ports.origin,porto_origem_processo,LogisticaInternacionalProcesso,alta,,origin,,nao
1244,amostra-bl.pdf,INVOICE,shipment.ports.loading,porto_origem_processo,LogisticaInternacionalProcesso,alta,,loading,,nao
1245,amostra-bl.pdf,INVOICE,shipment.ports.destination,porto_destino_processo,LogisticaInternacionalProcesso,alta,,destination,,nao
1246,amostra-bl.pdf,INVOICE,shipment.ports.discharge,porto_destino_processo,LogisticaInternacionalProcesso,alta,,discharge,,nao
1247,amostra-bl.pdf,INVOICE,shipment.costs.freight,,,,,freight,,nao
1248,amostra-bl.pdf,INVOICE,shipment.costs.insurance,,,,,insurance,,nao
1249,amostra-bl.pdf,INVOICE,containerNumbers,container_numero_processo_container,ContainerProcesso,alta,,containerNumbers,,nao
1250,amostra-bl.pdf,INVOICE,payment.method,,,,,method,,nao
1251,amostra-bl.pdf,INVOICE,payment.terms,condicao_pagamento_item,PedidoItem,alta,,terms,60 DAYS INVOICE DATE,sim
1252,amostra-bl.pdf,INVOICE,bankingDetails.bankName,,,,,bankName,BANCO BPM S.P.A.,sim
1253,amostra-bl.pdf,INVOICE,bankingDetails.iban,,,,,iban,IT88H0503420100000000001975,sim
1254,amostra-bl.pdf,INVOICE,bankingDetails.swift,,,,,swift,BAPPIT21AI6,sim
1255,amostra-bl.pdf,INVOICE,bankingDetails.accountNumber,,,,,accountNumber,,nao
1256,amostra-bl.pdf,INVOICE,bankingDetails.beneficiary,,,,,beneficiary,,nao
1257,amostra-bl.pdf,INVOICE,bankingDetails.branchCode,,,,,branchCode,,nao
1258,amostra-bl.pdf,INVOICE,bankingDetails.fullText,,,,,fullText,"BANCO BPM S.P.A. SWIFT BAPPIT21AI6 VICOLO CONCORDIA, 7-9 BOLLATE MI IBAN:IT88H0503420100000000001975",sim
1259,amostra-bl.pdf,INVOICE,packageSummary.totalGrossWeight,,,,,totalGrossWeight,"13,00 KG",sim
1260,amostra-bl.pdf,INVOICE,packageSummary.totalNetWeight,,,,,totalNetWeight,"10,36 KG",sim
1261,amostra-bl.pdf,INVOICE,packageSummary.commercialUnit,,,,,commercialUnit,Boxes,sim
1262,amostra-bl.pdf,INVOICE,packageSummary.totalTareWeight,,,,,totalTareWeight,,nao
1263,amostra-bl.pdf,INVOICE,packageSummary.totalCubicMeasurement,,,,,totalCubicMeasurement,"0,05 MC",sim
1264,amostra-bl.pdf,INVOICE,packageSummary.totalPackages,,,,,totalPackages,"1,00",sim
1265,amostra-bl.pdf,INVOICE,currency.type,moeda_item,PedidoItem,alta,,type,Eur,sim
1266,amostra-bl.pdf,INVOICE,currency.exchangeRate,,,,,exchangeRate,,nao
1267,amostra-bl.pdf,INVOICE,items_quantity,,,,,items_quantity,11,sim
1268,amostra-bl.pdf,INVOICE,values.totalDocumentValue,,,,,totalDocumentValue,36299.00,sim
1269,amostra-bl.pdf,INVOICE,values.discountsOrAdditions,,,,,discountsOrAdditions,,nao
1270,amostra-bl.pdf,INVOICE,values.otherCharges,,,,,otherCharges,,nao
1271,amostra-bl.pdf,INVOICE,observations,,,,,observations,DEL. NO 157101 of 23/01/25 Our ref. 2819578 B | Your ref. order 29/10/24 003Y/24 Our ref. order 4 24691 2024/97 & 27003 | GOODS OF ITALIAN ORIGIN DESTINED TO EXPORT | COMMODITY: SPARE PARTS FOR PUMPS | CUSTOMS TARIFF: 8413.9100 | NO. 1 CARTON BOX DIM CMS 40x30x30,sim
1272,amostra-bl.pdf,INVOICE,isSigned,,,,,isSigned,false,sim
1273,amostra-bl.pdf,INVOICE,additionalFields.Código do Cliente,,,,,Código do Cliente,0503SU20000,sim
1274,amostra-bl.pdf,INVOICE,additionalFields.Ordem de Trabalho,,,,,Ordem de Trabalho,4O691,sim
1275,amostra-bl.pdf,INVOICE,items[].descriptions.english,descricao_completa_item_en,PedidoItem,alta,,english,GUIDE RING ø55,sim
1276,amostra-bl.pdf,INVOICE,items[].descriptions.portuguese,descricao_completa_item_pt,PedidoItem,alta,,portuguese,,nao
1277,amostra-bl.pdf,INVOICE,items[].weights.unit,,,,,unit,PZ,sim
1278,amostra-bl.pdf,INVOICE,items[].weights.net,,,,,net,,nao
1279,amostra-bl.pdf,INVOICE,items[].weights.gross,,,,,gross,,nao
1280,amostra-bl.pdf,INVOICE,items[].volume.packageType,,,,,packageType,,nao
1281,amostra-bl.pdf,INVOICE,items[].volume.dimensions,,,,,dimensions,,nao
1282,amostra-bl.pdf,INVOICE,items[].volume.size,,,,,size,,nao
1283,amostra-bl.pdf,INVOICE,items[].volume.quantity,,,,,quantity,,nao
1284,amostra-bl.pdf,INVOICE,items[].partNumber,part_number_item,PedidoItem,alta,,partNumber,3110N0138M00X11,sim
1285,amostra-bl.pdf,INVOICE,items[].poNumber,,,,,poNumber,4513794585,sim
1286,amostra-bl.pdf,INVOICE,items[].itemQuantity,,,,,itemQuantity,"12,00",sim
1287,amostra-bl.pdf,INVOICE,items[].itemCurrency,,,,,itemCurrency,Eur,sim
1288,amostra-bl.pdf,INVOICE,items[].itemUnitPriceWithCurrency,,,,,itemUnitPriceWithCurrency,"46,000",sim
1289,amostra-bl.pdf,INVOICE,items[].itemTotalPriceWithCurrency,,,,,itemTotalPriceWithCurrency,"552,00",sim
1290,amostra-bl.pdf,INVOICE,items[].ncm,,,,,ncm,,nao
1291,amostra-bl.pdf,INVOICE,items[].hsCode,,,,,hsCode,,nao
1292,amostra-bl.pdf,INVOICE,items[].originCountry,,,,,originCountry,,nao
1293,amostra-bl.pdf,INVOICE,items[].manufacturer,,,,,manufacturer,,nao
1294,amostra-bl.pdf,INVOICE,document.documentNumber,numero_invoice_item,PedidoItem,alta,,documentNumber,2250076,sim
1295,amostra-bl.pdf,INVOICE,document.documentType,,,,,documentType,Invoice,sim
1296,amostra-bl.pdf,INVOICE,document.documentDate,,,,,documentDate,2025-01-13,sim
1297,amostra-bl.pdf,INVOICE,document.incoterm,incoterm_item,PedidoItem,sugestao,Alternativas: incoterm_processo (LogisticaInternacionalProcesso),incoterm,EXW,sim
1298,amostra-bl.pdf,INVOICE,document.incotermLocation,,,,,incotermLocation,EX WORKS,sim
1299,amostra-bl.pdf,INVOICE,document.originCountry,,,,,originCountry,ITALY,sim
1300,amostra-bl.pdf,INVOICE,document.countryOfAcquisition,,,,,countryOfAcquisition,,nao
1301,amostra-bl.pdf,INVOICE,document.countryOfProvenance,,,,,countryOfProvenance,,nao
1302,amostra-bl.pdf,INVOICE,document.shippedOnBoardDate,,,,,shippedOnBoardDate,,nao
1303,amostra-bl.pdf,INVOICE,exporter.name,nome_exportador_item,PedidoItem,sugestao,Alternativas: nome_fornecedor (Fornecedor),name,PERONI POMPE SpA,sim
1304,amostra-bl.pdf,INVOICE,exporter.address,endereco_fornecedor,Fornecedor,alta,,address,"Via Tacito, 4 - 20094 Corsico (MI) Italia",sim
1305,amostra-bl.pdf,INVOICE,exporter.country,pais_fornecedor,Fornecedor,alta,,country,Italy,sim
1306,amostra-bl.pdf,INVOICE,exporter.state,estado_provincia_fornecedor,Fornecedor,alta,,state,,nao
1307,amostra-bl.pdf,INVOICE,exporter.city,cidade_fornecedor,Fornecedor,alta,,city,Corsico,sim
1308,amostra-bl.pdf,INVOICE,exporter.zipCode,cep_zipcode_fornecedor,Fornecedor,alta,,zipCode,20094,sim
1309,amostra-bl.pdf,INVOICE,exporter.taxId,tin_fornecedor,Fornecedor,alta,,taxId,IT 00745820159,sim
1310,amostra-bl.pdf,INVOICE,exporter.phone,telefone_fornecedor,Fornecedor,alta,,phone,+39 02 489 40.1,sim
1311,amostra-bl.pdf,INVOICE,exporter.email,email_fornecedor,Fornecedor,alta,,email,,nao
1312,amostra-bl.pdf,INVOICE,importer.name,nome_importador_item,PedidoItem,sugestao,Alternativas: nome_fornecedor (Fornecedor),name,SUPERQUIP SERVICOS E EQUIPAMENTOS TECNICOS LTDA,sim
1313,amostra-bl.pdf,INVOICE,importer.address,endereco_fornecedor,Fornecedor,alta,,address,RUA MEXICO 3-18° ANDAR CENTRO 20031-144 RIO DE JANEIRO RJ BRASILEIRA,sim
1314,amostra-bl.pdf,INVOICE,importer.country,pais_fornecedor,Fornecedor,alta,,country,BRASIL,sim
1315,amostra-bl.pdf,INVOICE,importer.state,estado_provincia_fornecedor,Fornecedor,alta,,state,RJ,sim
1316,amostra-bl.pdf,INVOICE,importer.city,cidade_fornecedor,Fornecedor,alta,,city,RIO DE JANEIRO,sim
1317,amostra-bl.pdf,INVOICE,importer.zipCode,cep_zipcode_fornecedor,Fornecedor,alta,,zipCode,20031-144,sim
1318,amostra-bl.pdf,INVOICE,importer.taxId,cnpj_fornecedor,Fornecedor,alta,,taxId,CNPJ30712061/0001-42,sim
1319,amostra-bl.pdf,INVOICE,importer.phone,telefone_fornecedor,Fornecedor,alta,,phone,+55.21.22625355,sim
1320,amostra-bl.pdf,INVOICE,importer.email,email_fornecedor,Fornecedor,alta,,email,,nao
1321,amostra-bl.pdf,INVOICE,shipment.modal,modal_frete_internacional_processo,LogisticaInternacionalProcesso,alta,,modal,,nao
1322,amostra-bl.pdf,INVOICE,shipment.carrier,,,,,carrier,,nao
1323,amostra-bl.pdf,INVOICE,shipment.vesselName,,,,,vesselName,,nao
1324,amostra-bl.pdf,INVOICE,shipment.airports.origin,,,,,origin,,nao
1325,amostra-bl.pdf,INVOICE,shipment.airports.destination,,,,,destination,,nao
1326,amostra-bl.pdf,INVOICE,shipment.ports.origin,porto_origem_processo,LogisticaInternacionalProcesso,alta,,origin,,nao
1327,amostra-bl.pdf,INVOICE,shipment.ports.loading,porto_origem_processo,LogisticaInternacionalProcesso,alta,,loading,,nao
1328,amostra-bl.pdf,INVOICE,shipment.ports.destination,porto_destino_processo,LogisticaInternacionalProcesso,alta,,destination,,nao
1329,amostra-bl.pdf,INVOICE,shipment.ports.discharge,porto_destino_processo,LogisticaInternacionalProcesso,alta,,discharge,,nao
1330,amostra-bl.pdf,INVOICE,shipment.costs.freight,,,,,freight,,nao
1331,amostra-bl.pdf,INVOICE,shipment.costs.insurance,,,,,insurance,,nao
1332,amostra-bl.pdf,INVOICE,containerNumbers,container_numero_processo_container,ContainerProcesso,alta,,containerNumbers,,nao
1333,amostra-bl.pdf,INVOICE,payment.method,,,,,method,,nao
1334,amostra-bl.pdf,INVOICE,payment.terms,condicao_pagamento_item,PedidoItem,alta,,terms,60 DAYS INVOICE DATE,sim
1335,amostra-bl.pdf,INVOICE,bankingDetails.bankName,,,,,bankName,BANCO BPM S.P.A.,sim
1336,amostra-bl.pdf,INVOICE,bankingDetails.iban,,,,,iban,IT88H0503420100000000001975,sim
1337,amostra-bl.pdf,INVOICE,bankingDetails.swift,,,,,swift,BAPPIT21AI6,sim
1338,amostra-bl.pdf,INVOICE,bankingDetails.accountNumber,,,,,accountNumber,,nao
1339,amostra-bl.pdf,INVOICE,bankingDetails.beneficiary,,,,,beneficiary,,nao
1340,amostra-bl.pdf,INVOICE,bankingDetails.branchCode,,,,,branchCode,,nao
1341,amostra-bl.pdf,INVOICE,bankingDetails.fullText,,,,,fullText,"BANCO BPM S.P.A. SWIFT BAPPIT21AI6 VICOLO CONCORDIA, 7-9 BOLLATE MI IBAN:IT88H0503420100000000001975",sim
1342,amostra-bl.pdf,INVOICE,packageSummary.totalGrossWeight,,,,,totalGrossWeight,"11,00 KG",sim
1343,amostra-bl.pdf,INVOICE,packageSummary.totalNetWeight,,,,,totalNetWeight,"8,72 KG",sim
1344,amostra-bl.pdf,INVOICE,packageSummary.commercialUnit,,,,,commercialUnit,Boxes,sim
1345,amostra-bl.pdf,INVOICE,packageSummary.totalTareWeight,,,,,totalTareWeight,,nao
1346,amostra-bl.pdf,INVOICE,packageSummary.totalCubicMeasurement,,,,,totalCubicMeasurement,"0,04 MC",sim
1347,amostra-bl.pdf,INVOICE,packageSummary.totalPackages,,,,,totalPackages,"1,00",sim
1348,amostra-bl.pdf,INVOICE,currency.type,moeda_item,PedidoItem,alta,,type,Eur,sim
1349,amostra-bl.pdf,INVOICE,currency.exchangeRate,,,,,exchangeRate,,nao
1350,amostra-bl.pdf,INVOICE,items_quantity,,,,,items_quantity,7,sim
1351,amostra-bl.pdf,INVOICE,values.totalDocumentValue,,,,,totalDocumentValue,6276.00,sim
1352,amostra-bl.pdf,INVOICE,values.discountsOrAdditions,,,,,discountsOrAdditions,,nao
1353,amostra-bl.pdf,INVOICE,values.otherCharges,,,,,otherCharges,,nao
1354,amostra-bl.pdf,INVOICE,observations,,,,,observations,DEL. NO 157048 of 13/01/25 Our ref. 2819732 B | Your ref. order 06/12/24 003AF/24 Our ref. order 4 24796 27001 & 27010 | GOODS OF ITALIAN ORIGIN DESTINED TO EXPORT | COMMODITY: SPARE PARTS FOR PUMPS | CUSTOMS TARIFF: 8413.9100 | NO. 1 CARTON BOX DIM CMS 40x30x30,sim
1355,amostra-bl.pdf,INVOICE,isSigned,,,,,isSigned,false,sim
1356,amostra-bl.pdf,INVOICE,additionalFields.Código do Cliente,,,,,Código do Cliente,0503SU20000,sim
1357,amostra-bl.pdf,INVOICE,additionalFields.Ordem de Trabalho,,,,,Ordem de Trabalho,4O796,sim
1358,amostra-bl.pdf,INVOICE,items[].descriptions.english,descricao_completa_item_en,PedidoItem,alta,,english,MIM GASKET 85-126-12,sim
1359,amostra-bl.pdf,INVOICE,items[].descriptions.portuguese,descricao_completa_item_pt,PedidoItem,alta,,portuguese,,nao
1360,amostra-bl.pdf,INVOICE,items[].weights.unit,,,,,unit,PZ,sim
1361,amostra-bl.pdf,INVOICE,items[].weights.net,,,,,net,,nao
1362,amostra-bl.pdf,INVOICE,items[].weights.gross,,,,,gross,,nao
1363,amostra-bl.pdf,INVOICE,items[].volume.packageType,,,,,packageType,,nao
1364,amostra-bl.pdf,INVOICE,items[].volume.dimensions,,,,,dimensions,,nao
1365,amostra-bl.pdf,INVOICE,items[].volume.size,,,,,size,,nao
1366,amostra-bl.pdf,INVOICE,items[].volume.quantity,,,,,quantity,,nao
1367,amostra-bl.pdf,INVOICE,items[].partNumber,part_number_item,PedidoItem,alta,,partNumber,VBF000010646X64,sim
1368,amostra-bl.pdf,INVOICE,items[].poNumber,,,,,poNumber,4513899428,sim
1369,amostra-bl.pdf,INVOICE,items[].itemQuantity,,,,,itemQuantity,"6,00",sim
1370,amostra-bl.pdf,INVOICE,items[].itemCurrency,,,,,itemCurrency,Eur,sim
1371,amostra-bl.pdf,INVOICE,items[].itemUnitPriceWithCurrency,,,,,itemUnitPriceWithCurrency,"78,000",sim
1372,amostra-bl.pdf,INVOICE,items[].itemTotalPriceWithCurrency,,,,,itemTotalPriceWithCurrency,"468,00",sim
1373,amostra-bl.pdf,INVOICE,items[].ncm,,,,,ncm,,nao
1374,amostra-bl.pdf,INVOICE,items[].hsCode,,,,,hsCode,,nao
1375,amostra-bl.pdf,INVOICE,items[].originCountry,,,,,originCountry,,nao
1376,amostra-bl.pdf,INVOICE,items[].manufacturer,,,,,manufacturer,,nao
1377,amostra-bl.pdf,INVOICE,document.documentNumber,numero_invoice_item,PedidoItem,alta,,documentNumber,2250177,sim
1378,amostra-bl.pdf,INVOICE,document.documentType,,,,,documentType,Invoice,sim
1379,amostra-bl.pdf,INVOICE,document.documentDate,,,,,documentDate,2025-02-12,sim
1380,amostra-bl.pdf,INVOICE,document.incoterm,incoterm_item,PedidoItem,sugestao,Alternativas: incoterm_processo (LogisticaInternacionalProcesso),incoterm,EXW,sim
1381,amostra-bl.pdf,INVOICE,document.incotermLocation,,,,,incotermLocation,EX WORKS,sim
1382,amostra-bl.pdf,INVOICE,document.originCountry,,,,,originCountry,ITALY,sim
1383,amostra-bl.pdf,INVOICE,document.countryOfAcquisition,,,,,countryOfAcquisition,,nao
1384,amostra-bl.pdf,INVOICE,document.countryOfProvenance,,,,,countryOfProvenance,,nao
1385,amostra-bl.pdf,INVOICE,document.shippedOnBoardDate,,,,,shippedOnBoardDate,,nao
1386,amostra-bl.pdf,INVOICE,exporter.name,nome_exportador_item,PedidoItem,sugestao,Alternativas: nome_fornecedor (Fornecedor),name,PERONI POMPE SpA,sim
1387,amostra-bl.pdf,INVOICE,exporter.address,endereco_fornecedor,Fornecedor,alta,,address,"Via Tacito, 4 - 20094 Corsico (MI) Italia",sim
1388,amostra-bl.pdf,INVOICE,exporter.country,pais_fornecedor,Fornecedor,alta,,country,Italy,sim
1389,amostra-bl.pdf,INVOICE,exporter.state,estado_provincia_fornecedor,Fornecedor,alta,,state,,nao
1390,amostra-bl.pdf,INVOICE,exporter.city,cidade_fornecedor,Fornecedor,alta,,city,Corsico,sim
1391,amostra-bl.pdf,INVOICE,exporter.zipCode,cep_zipcode_fornecedor,Fornecedor,alta,,zipCode,20094,sim
1392,amostra-bl.pdf,INVOICE,exporter.taxId,tin_fornecedor,Fornecedor,alta,,taxId,IT 00745820159,sim
1393,amostra-bl.pdf,INVOICE,exporter.phone,telefone_fornecedor,Fornecedor,alta,,phone,+39 02 489 40.1,sim
1394,amostra-bl.pdf,INVOICE,exporter.email,email_fornecedor,Fornecedor,alta,,email,,nao
1395,amostra-bl.pdf,INVOICE,importer.name,nome_importador_item,PedidoItem,sugestao,Alternativas: nome_fornecedor (Fornecedor),name,SUPERQUIP SERVICOS E EQUIPAMENTOS TECNICOS LTDA,sim
1396,amostra-bl.pdf,INVOICE,importer.address,endereco_fornecedor,Fornecedor,alta,,address,RUA MEXICO 3-18° ANDAR CENTRO 20031-144 RIO DE JANEIRO RJ BRASILEIRA,sim
1397,amostra-bl.pdf,INVOICE,importer.country,pais_fornecedor,Fornecedor,alta,,country,BRASIL,sim
1398,amostra-bl.pdf,INVOICE,importer.state,estado_provincia_fornecedor,Fornecedor,alta,,state,RJ,sim
1399,amostra-bl.pdf,INVOICE,importer.city,cidade_fornecedor,Fornecedor,alta,,city,RIO DE JANEIRO,sim
1400,amostra-bl.pdf,INVOICE,importer.zipCode,cep_zipcode_fornecedor,Fornecedor,alta,,zipCode,20031-144,sim
1401,amostra-bl.pdf,INVOICE,importer.taxId,cnpj_fornecedor,Fornecedor,alta,,taxId,CNPJ30712061/0001-42,sim
1402,amostra-bl.pdf,INVOICE,importer.phone,telefone_fornecedor,Fornecedor,alta,,phone,+55.21.22625355,sim
1403,amostra-bl.pdf,INVOICE,importer.email,email_fornecedor,Fornecedor,alta,,email,,nao
1404,amostra-bl.pdf,INVOICE,shipment.modal,modal_frete_internacional_processo,LogisticaInternacionalProcesso,alta,,modal,,nao
1405,amostra-bl.pdf,INVOICE,shipment.carrier,,,,,carrier,,nao
1406,amostra-bl.pdf,INVOICE,shipment.vesselName,,,,,vesselName,,nao
1407,amostra-bl.pdf,INVOICE,shipment.airports.origin,,,,,origin,,nao
1408,amostra-bl.pdf,INVOICE,shipment.airports.destination,,,,,destination,,nao
1409,amostra-bl.pdf,INVOICE,shipment.ports.origin,porto_origem_processo,LogisticaInternacionalProcesso,alta,,origin,,nao
1410,amostra-bl.pdf,INVOICE,shipment.ports.loading,porto_origem_processo,LogisticaInternacionalProcesso,alta,,loading,,nao
1411,amostra-bl.pdf,INVOICE,shipment.ports.destination,porto_destino_processo,LogisticaInternacionalProcesso,alta,,destination,,nao
1412,amostra-bl.pdf,INVOICE,shipment.ports.discharge,porto_destino_processo,LogisticaInternacionalProcesso,alta,,discharge,,nao
1413,amostra-bl.pdf,INVOICE,shipment.costs.freight,,,,,freight,,nao
1414,amostra-bl.pdf,INVOICE,shipment.costs.insurance,,,,,insurance,,nao
1415,amostra-bl.pdf,INVOICE,containerNumbers,container_numero_processo_container,ContainerProcesso,alta,,containerNumbers,,nao
1416,amostra-bl.pdf,INVOICE,payment.method,,,,,method,,nao
1417,amostra-bl.pdf,INVOICE,payment.terms,condicao_pagamento_item,PedidoItem,alta,,terms,60 DAYS INVOICE DATE,sim
1418,amostra-bl.pdf,INVOICE,bankingDetails.bankName,,,,,bankName,BANCO BPM S.P.A.,sim
1419,amostra-bl.pdf,INVOICE,bankingDetails.iban,,,,,iban,IT88H0503420100000000001975,sim
1420,amostra-bl.pdf,INVOICE,bankingDetails.swift,,,,,swift,BAPPIT21AI6,sim
1421,amostra-bl.pdf,INVOICE,bankingDetails.accountNumber,,,,,accountNumber,,nao
1422,amostra-bl.pdf,INVOICE,bankingDetails.beneficiary,,,,,beneficiary,,nao
1423,amostra-bl.pdf,INVOICE,bankingDetails.branchCode,,,,,branchCode,,nao
1424,amostra-bl.pdf,INVOICE,bankingDetails.fullText,,,,,fullText,"BANCO BPM S.P.A. SWIFT BAPPIT22 VICOLO CONCORDIA, 7-9 BOLLATE MI IBAN:IT88H0503420100000000001975",sim
1425,amostra-bl.pdf,INVOICE,packageSummary.totalGrossWeight,,,,,totalGrossWeight,"1,24 KG",sim
1426,amostra-bl.pdf,INVOICE,packageSummary.totalNetWeight,,,,,totalNetWeight,"0,77 KG",sim
1427,amostra-bl.pdf,INVOICE,packageSummary.commercialUnit,,,,,commercialUnit,Boxes,sim
1428,amostra-bl.pdf,INVOICE,packageSummary.totalTareWeight,,,,,totalTareWeight,,nao
1429,amostra-bl.pdf,INVOICE,packageSummary.totalCubicMeasurement,,,,,totalCubicMeasurement,"0,01 MC",sim
1430,amostra-bl.pdf,INVOICE,packageSummary.totalPackages,,,,,totalPackages,"1,00",sim
1431,amostra-bl.pdf,INVOICE,currency.type,moeda_item,PedidoItem,alta,,type,Eur,sim
1432,amostra-bl.pdf,INVOICE,currency.exchangeRate,,,,,exchangeRate,,nao
1433,amostra-bl.pdf,INVOICE,items_quantity,,,,,items_quantity,2,sim
1434,amostra-bl.pdf,INVOICE,values.totalDocumentValue,,,,,totalDocumentValue,8322.00,sim
1435,amostra-bl.pdf,INVOICE,values.discountsOrAdditions,,,,,discountsOrAdditions,,nao
1436,amostra-bl.pdf,INVOICE,values.otherCharges,,,,,otherCharges,,nao
1437,amostra-bl.pdf,INVOICE,observations,,,,,observations,DEL. NO 157151 of 12/02/25 Our ref. 2819887 B | Your ref. order 28/10/24 003V/24 Our ref. order 4 24683 24022 | GOODS OF ITALIAN ORIGIN DESTINED TO EXPORT | COMMODITY: SPARE PARTS FOR PUMPS | CUSTOMS TARIFF: 8413.9100 | NO. 1 CARTON BOX DIM CMS 30x20x20,sim
1438,amostra-bl.pdf,INVOICE,isSigned,,,,,isSigned,false,sim
1439,amostra-bl.pdf,INVOICE,additionalFields.Código do Cliente,,,,,Código do Cliente,0503SU20000,sim
1440,amostra-bl.pdf,INVOICE,additionalFields.Ordem de Trabalho,,,,,Ordem de Trabalho,4O683,sim
1441,amostra-bl.pdf,INVOICE,items[].descriptions.english,descricao_completa_item_en,PedidoItem,alta,,english,VALVE ø40,sim
1442,amostra-bl.pdf,INVOICE,items[].descriptions.portuguese,descricao_completa_item_pt,PedidoItem,alta,,portuguese,,nao
1443,amostra-bl.pdf,INVOICE,items[].weights.unit,,,,,unit,PZ,sim
1444,amostra-bl.pdf,INVOICE,items[].weights.net,,,,,net,,nao
1445,amostra-bl.pdf,INVOICE,items[].weights.gross,,,,,gross,,nao
1446,amostra-bl.pdf,INVOICE,items[].volume.packageType,,,,,packageType,,nao
1447,amostra-bl.pdf,INVOICE,items[].volume.dimensions,,,,,dimensions,,nao
1448,amostra-bl.pdf,INVOICE,items[].volume.size,,,,,size,,nao
1449,amostra-bl.pdf,INVOICE,items[].volume.quantity,,,,,quantity,,nao
1450,amostra-bl.pdf,INVOICE,items[].partNumber,part_number_item,PedidoItem,alta,,partNumber,3100N0001F00K39,sim
1451,amostra-bl.pdf,INVOICE,items[].poNumber,,,,,poNumber,4513772299,sim
1452,amostra-bl.pdf,INVOICE,items[].itemQuantity,,,,,itemQuantity,"3,00",sim
1453,amostra-bl.pdf,INVOICE,items[].itemCurrency,,,,,itemCurrency,Eur,sim
1454,amostra-bl.pdf,INVOICE,items[].itemUnitPriceWithCurrency,,,,,itemUnitPriceWithCurrency,"1.445,000",sim
1455,amostra-bl.pdf,INVOICE,items[].itemTotalPriceWithCurrency,,,,,itemTotalPriceWithCurrency,"4.335,00",sim
1456,amostra-bl.pdf,INVOICE,items[].ncm,,,,,ncm,,nao
1457,amostra-bl.pdf,INVOICE,items[].hsCode,,,,,hsCode,,nao
1458,amostra-bl.pdf,INVOICE,items[].originCountry,,,,,originCountry,,nao
1459,amostra-bl.pdf,INVOICE,items[].manufacturer,,,,,manufacturer,,nao
1460,amostra-bl.pdf,INVOICE,document.documentNumber,numero_invoice_item,PedidoItem,alta,,documentNumber,2250176,sim
1461,amostra-bl.pdf,INVOICE,document.documentType,,,,,documentType,Invoice,sim
1462,amostra-bl.pdf,INVOICE,document.documentDate,,,,,documentDate,2025-02-12,sim
1463,amostra-bl.pdf,INVOICE,document.incoterm,incoterm_item,PedidoItem,sugestao,Alternativas: incoterm_processo (LogisticaInternacionalProcesso),incoterm,EXW,sim
1464,amostra-bl.pdf,INVOICE,document.incotermLocation,,,,,incotermLocation,EX WORKS,sim
1465,amostra-bl.pdf,INVOICE,document.originCountry,,,,,originCountry,ITALY,sim
1466,amostra-bl.pdf,INVOICE,document.countryOfAcquisition,,,,,countryOfAcquisition,,nao
1467,amostra-bl.pdf,INVOICE,document.countryOfProvenance,,,,,countryOfProvenance,,nao
1468,amostra-bl.pdf,INVOICE,document.shippedOnBoardDate,,,,,shippedOnBoardDate,,nao
1469,amostra-bl.pdf,INVOICE,exporter.name,nome_exportador_item,PedidoItem,sugestao,Alternativas: nome_fornecedor (Fornecedor),name,PERONI POMPE SpA,sim
1470,amostra-bl.pdf,INVOICE,exporter.address,endereco_fornecedor,Fornecedor,alta,,address,"Via Tacito, 4 - 20094 Corsico (MI) Italia",sim
1471,amostra-bl.pdf,INVOICE,exporter.country,pais_fornecedor,Fornecedor,alta,,country,Italy,sim
1472,amostra-bl.pdf,INVOICE,exporter.state,estado_provincia_fornecedor,Fornecedor,alta,,state,,nao
1473,amostra-bl.pdf,INVOICE,exporter.city,cidade_fornecedor,Fornecedor,alta,,city,Corsico,sim
1474,amostra-bl.pdf,INVOICE,exporter.zipCode,cep_zipcode_fornecedor,Fornecedor,alta,,zipCode,20094,sim
1475,amostra-bl.pdf,INVOICE,exporter.taxId,tin_fornecedor,Fornecedor,alta,,taxId,IT 00745820159,sim
1476,amostra-bl.pdf,INVOICE,exporter.phone,telefone_fornecedor,Fornecedor,alta,,phone,+39 02 489 40.1,sim
1477,amostra-bl.pdf,INVOICE,exporter.email,email_fornecedor,Fornecedor,alta,,email,,nao
1478,amostra-bl.pdf,INVOICE,importer.name,nome_importador_item,PedidoItem,sugestao,Alternativas: nome_fornecedor (Fornecedor),name,SUPERQUIP SERVICOS E EQUIPAMENTOS TECNICOS LTDA,sim
1479,amostra-bl.pdf,INVOICE,importer.address,endereco_fornecedor,Fornecedor,alta,,address,RUA MEXICO 3-18° ANDAR CENTRO 20031-144 RIO DE JANEIRO RJ BRASILEIRA,sim
1480,amostra-bl.pdf,INVOICE,importer.country,pais_fornecedor,Fornecedor,alta,,country,BRASIL,sim
1481,amostra-bl.pdf,INVOICE,importer.state,estado_provincia_fornecedor,Fornecedor,alta,,state,RJ,sim
1482,amostra-bl.pdf,INVOICE,importer.city,cidade_fornecedor,Fornecedor,alta,,city,RIO DE JANEIRO,sim
1483,amostra-bl.pdf,INVOICE,importer.zipCode,cep_zipcode_fornecedor,Fornecedor,alta,,zipCode,20031-144,sim
1484,amostra-bl.pdf,INVOICE,importer.taxId,cnpj_fornecedor,Fornecedor,alta,,taxId,CNPJ30712061/0001-42,sim
1485,amostra-bl.pdf,INVOICE,importer.phone,telefone_fornecedor,Fornecedor,alta,,phone,+55.21.22625355,sim
1486,amostra-bl.pdf,INVOICE,importer.email,email_fornecedor,Fornecedor,alta,,email,,nao
1487,amostra-bl.pdf,INVOICE,shipment.modal,modal_frete_internacional_processo,LogisticaInternacionalProcesso,alta,,modal,,nao
1488,amostra-bl.pdf,INVOICE,shipment.carrier,,,,,carrier,,nao
1489,amostra-bl.pdf,INVOICE,shipment.vesselName,,,,,vesselName,,nao
1490,amostra-bl.pdf,INVOICE,shipment.airports.origin,,,,,origin,,nao
1491,amostra-bl.pdf,INVOICE,shipment.airports.destination,,,,,destination,,nao
1492,amostra-bl.pdf,INVOICE,shipment.ports.origin,porto_origem_processo,LogisticaInternacionalProcesso,alta,,origin,,nao
1493,amostra-bl.pdf,INVOICE,shipment.ports.loading,porto_origem_processo,LogisticaInternacionalProcesso,alta,,loading,,nao
1494,amostra-bl.pdf,INVOICE,shipment.ports.destination,porto_destino_processo,LogisticaInternacionalProcesso,alta,,destination,,nao
1495,amostra-bl.pdf,INVOICE,shipment.ports.discharge,porto_destino_processo,LogisticaInternacionalProcesso,alta,,discharge,,nao
1496,amostra-bl.pdf,INVOICE,shipment.costs.freight,,,,,freight,,nao
1497,amostra-bl.pdf,INVOICE,shipment.costs.insurance,,,,,insurance,,nao
1498,amostra-bl.pdf,INVOICE,containerNumbers,container_numero_processo_container,ContainerProcesso,alta,,containerNumbers,,nao
1499,amostra-bl.pdf,INVOICE,payment.method,,,,,method,,nao
1500,amostra-bl.pdf,INVOICE,payment.terms,condicao_pagamento_item,PedidoItem,alta,,terms,60 DAYS INVOICE DATE,sim
1501,amostra-bl.pdf,INVOICE,bankingDetails.bankName,,,,,bankName,BANCO BPM S.P.A.,sim
1502,amostra-bl.pdf,INVOICE,bankingDetails.iban,,,,,iban,IT88H0503420100000000001975,sim
1503,amostra-bl.pdf,INVOICE,bankingDetails.swift,,,,,swift,BAPPIT21AI6,sim
1504,amostra-bl.pdf,INVOICE,bankingDetails.accountNumber,,,,,accountNumber,,nao
1505,amostra-bl.pdf,INVOICE,bankingDetails.beneficiary,,,,,beneficiary,,nao
1506,amostra-bl.pdf,INVOICE,bankingDetails.branchCode,,,,,branchCode,,nao
1507,amostra-bl.pdf,INVOICE,bankingDetails.fullText,,,,,fullText,"BANCO BPM S.P.A. SWIFT BAPPIT22 VICOLO CONCORDIA, 7-9 BOLLATE MI IBAN:IT88H0503420100000000001975",sim
1508,amostra-bl.pdf,INVOICE,packageSummary.totalGrossWeight,,,,,totalGrossWeight,"3,38 KG",sim
1509,amostra-bl.pdf,INVOICE,packageSummary.totalNetWeight,,,,,totalNetWeight,"2,71 KG",sim
1510,amostra-bl.pdf,INVOICE,packageSummary.commercialUnit,,,,,commercialUnit,Boxes,sim
1511,amostra-bl.pdf,INVOICE,packageSummary.totalTareWeight,,,,,totalTareWeight,,nao
1512,amostra-bl.pdf,INVOICE,packageSummary.totalCubicMeasurement,,,,,totalCubicMeasurement,"0,01 MC",sim
1513,amostra-bl.pdf,INVOICE,packageSummary.totalPackages,,,,,totalPackages,"1,00",sim
1514,amostra-bl.pdf,INVOICE,currency.type,moeda_item,PedidoItem,alta,,type,Eur,sim
1515,amostra-bl.pdf,INVOICE,currency.exchangeRate,,,,,exchangeRate,,nao
1516,amostra-bl.pdf,INVOICE,items_quantity,,,,,items_quantity,7,sim
1517,amostra-bl.pdf,INVOICE,values.totalDocumentValue,,,,,totalDocumentValue,13432.00,sim
1518,amostra-bl.pdf,INVOICE,values.discountsOrAdditions,,,,,discountsOrAdditions,,nao
1519,amostra-bl.pdf,INVOICE,values.otherCharges,,,,,otherCharges,,nao
1520,amostra-bl.pdf,INVOICE,observations,,,,,observations,DEL. NO 157150 of 12/02/25 Our ref. 2819886 B | Your ref. order 28/10/24 003U/24 Our ref. order 4 24682 24022 & 2A020 | GOODS OF ITALIAN ORIGIN DESTINED TO EXPORT | COMMODITY: SPARE PARTS FOR PUMPS | CUSTOMS TARIFF: 8413.9100 | NO. 1 CARTON BOX DIM CMS 30x20x20,sim
1521,amostra-bl.pdf,INVOICE,isSigned,,,,,isSigned,false,sim
1522,amostra-bl.pdf,INVOICE,additionalFields.Código do Cliente,,,,,Código do Cliente,0503SU20000,sim
1523,amostra-bl.pdf,INVOICE,additionalFields.Ordem de Trabalho,,,,,Ordem de Trabalho,4O682,sim
1524,amostra-bl.pdf,INVOICE,items[].descriptions.english,descricao_completa_item_en,PedidoItem,alta,,english,VALVE ø40,sim
1525,amostra-bl.pdf,INVOICE,items[].descriptions.portuguese,descricao_completa_item_pt,PedidoItem,alta,,portuguese,,nao
1526,amostra-bl.pdf,INVOICE,items[].weights.unit,,,,,unit,PZ,sim
1527,amostra-bl.pdf,INVOICE,items[].weights.net,,,,,net,,nao
1528,amostra-bl.pdf,INVOICE,items[].weights.gross,,,,,gross,,nao
1529,amostra-bl.pdf,INVOICE,items[].volume.packageType,,,,,packageType,,nao
1530,amostra-bl.pdf,INVOICE,items[].volume.dimensions,,,,,dimensions,,nao
1531,amostra-bl.pdf,INVOICE,items[].volume.size,,,,,size,,nao
1532,amostra-bl.pdf,INVOICE,items[].volume.quantity,,,,,quantity,,nao
1533,amostra-bl.pdf,INVOICE,items[].partNumber,part_number_item,PedidoItem,alta,,partNumber,3100N0001F00K39,sim
1534,amostra-bl.pdf,INVOICE,items[].poNumber,,,,,poNumber,4513769059,sim
1535,amostra-bl.pdf,INVOICE,items[].itemQuantity,,,,,itemQuantity,"3,00",sim
1536,amostra-bl.pdf,INVOICE,items[].itemCurrency,,,,,itemCurrency,Eur,sim
1537,amostra-bl.pdf,INVOICE,items[].itemUnitPriceWithCurrency,,,,,itemUnitPriceWithCurrency,"1.445,000",sim
1538,amostra-bl.pdf,INVOICE,items[].itemTotalPriceWithCurrency,,,,,itemTotalPriceWithCurrency,"4.335,00",sim
1539,amostra-bl.pdf,INVOICE,items[].ncm,,,,,ncm,,nao
1540,amostra-bl.pdf,INVOICE,items[].hsCode,,,,,hsCode,,nao
1541,amostra-bl.pdf,INVOICE,items[].originCountry,,,,,originCountry,,nao
1542,amostra-bl.pdf,INVOICE,items[].manufacturer,,,,,manufacturer,,nao
1543,amostra-bl.pdf,INVOICE,document.documentNumber,numero_invoice_item,PedidoItem,alta,,documentNumber,2250035,sim
1544,amostra-bl.pdf,INVOICE,document.documentType,,,,,documentType,Invoice,sim
1545,amostra-bl.pdf,INVOICE,document.documentDate,,,,,documentDate,2025-01-09,sim
1546,amostra-bl.pdf,INVOICE,document.incoterm,incoterm_item,PedidoItem,sugestao,Alternativas: incoterm_processo (LogisticaInternacionalProcesso),incoterm,EXW,sim
1547,amostra-bl.pdf,INVOICE,document.incotermLocation,,,,,incotermLocation,EX WORKS,sim
1548,amostra-bl.pdf,INVOICE,document.originCountry,,,,,originCountry,ITALY,sim
1549,amostra-bl.pdf,INVOICE,document.countryOfAcquisition,,,,,countryOfAcquisition,,nao
1550,amostra-bl.pdf,INVOICE,document.countryOfProvenance,,,,,countryOfProvenance,,nao
1551,amostra-bl.pdf,INVOICE,document.shippedOnBoardDate,,,,,shippedOnBoardDate,,nao
1552,amostra-bl.pdf,INVOICE,exporter.name,nome_exportador_item,PedidoItem,sugestao,Alternativas: nome_fornecedor (Fornecedor),name,PERONI POMPE SpA,sim
1553,amostra-bl.pdf,INVOICE,exporter.address,endereco_fornecedor,Fornecedor,alta,,address,"Via Tacito, 4 - 20094 Corsico (MI) Italia",sim
1554,amostra-bl.pdf,INVOICE,exporter.country,pais_fornecedor,Fornecedor,alta,,country,Italy,sim
1555,amostra-bl.pdf,INVOICE,exporter.state,estado_provincia_fornecedor,Fornecedor,alta,,state,,nao
1556,amostra-bl.pdf,INVOICE,exporter.city,cidade_fornecedor,Fornecedor,alta,,city,Corsico,sim
1557,amostra-bl.pdf,INVOICE,exporter.zipCode,cep_zipcode_fornecedor,Fornecedor,alta,,zipCode,20094,sim
1558,amostra-bl.pdf,INVOICE,exporter.taxId,tin_fornecedor,Fornecedor,alta,,taxId,IT 00745820159,sim
1559,amostra-bl.pdf,INVOICE,exporter.phone,telefone_fornecedor,Fornecedor,alta,,phone,+39 02 489 40.1,sim
1560,amostra-bl.pdf,INVOICE,exporter.email,email_fornecedor,Fornecedor,alta,,email,,nao
1561,amostra-bl.pdf,INVOICE,importer.name,nome_importador_item,PedidoItem,sugestao,Alternativas: nome_fornecedor (Fornecedor),name,SUPERQUIP SERVICOS E EQUIPAMENTOS TECNICOS LTDA,sim
1562,amostra-bl.pdf,INVOICE,importer.address,endereco_fornecedor,Fornecedor,alta,,address,RUA MEXICO 3-18° ANDAR CENTRO 20031-144 RIO DE JANEIRO RJ BRASILEIRA,sim
1563,amostra-bl.pdf,INVOICE,importer.country,pais_fornecedor,Fornecedor,alta,,country,BRASIL,sim
1564,amostra-bl.pdf,INVOICE,importer.state,estado_provincia_fornecedor,Fornecedor,alta,,state,RJ,sim
1565,amostra-bl.pdf,INVOICE,importer.city,cidade_fornecedor,Fornecedor,alta,,city,RIO DE JANEIRO,sim
1566,amostra-bl.pdf,INVOICE,importer.zipCode,cep_zipcode_fornecedor,Fornecedor,alta,,zipCode,20031-144,sim
1567,amostra-bl.pdf,INVOICE,importer.taxId,cnpj_fornecedor,Fornecedor,alta,,taxId,CNPJ30712061/0001-42,sim
1568,amostra-bl.pdf,INVOICE,importer.phone,telefone_fornecedor,Fornecedor,alta,,phone,+55.21.22625355,sim
1569,amostra-bl.pdf,INVOICE,importer.email,email_fornecedor,Fornecedor,alta,,email,,nao
1570,amostra-bl.pdf,INVOICE,shipment.modal,modal_frete_internacional_processo,LogisticaInternacionalProcesso,alta,,modal,,nao
1571,amostra-bl.pdf,INVOICE,shipment.carrier,,,,,carrier,,nao
1572,amostra-bl.pdf,INVOICE,shipment.vesselName,,,,,vesselName,,nao
1573,amostra-bl.pdf,INVOICE,shipment.airports.origin,,,,,origin,,nao
1574,amostra-bl.pdf,INVOICE,shipment.airports.destination,,,,,destination,,nao
1575,amostra-bl.pdf,INVOICE,shipment.ports.origin,porto_origem_processo,LogisticaInternacionalProcesso,alta,,origin,,nao
1576,amostra-bl.pdf,INVOICE,shipment.ports.loading,porto_origem_processo,LogisticaInternacionalProcesso,alta,,loading,,nao
1577,amostra-bl.pdf,INVOICE,shipment.ports.destination,porto_destino_processo,LogisticaInternacionalProcesso,alta,,destination,,nao
1578,amostra-bl.pdf,INVOICE,shipment.ports.discharge,porto_destino_processo,LogisticaInternacionalProcesso,alta,,discharge,,nao
1579,amostra-bl.pdf,INVOICE,shipment.costs.freight,,,,,freight,,nao
1580,amostra-bl.pdf,INVOICE,shipment.costs.insurance,,,,,insurance,,nao
1581,amostra-bl.pdf,INVOICE,containerNumbers,container_numero_processo_container,ContainerProcesso,alta,,containerNumbers,,nao
1582,amostra-bl.pdf,INVOICE,payment.method,,,,,method,,nao
1583,amostra-bl.pdf,INVOICE,payment.terms,condicao_pagamento_item,PedidoItem,alta,,terms,60 DAYS INVOICE DATE,sim
1584,amostra-bl.pdf,INVOICE,bankingDetails.bankName,,,,,bankName,BANCO BPM S.P.A.,sim
1585,amostra-bl.pdf,INVOICE,bankingDetails.iban,,,,,iban,IT88H0503420100000000001975,sim
1586,amostra-bl.pdf,INVOICE,bankingDetails.swift,,,,,swift,BAPPIT21AI6,sim
1587,amostra-bl.pdf,INVOICE,bankingDetails.accountNumber,,,,,accountNumber,,nao
1588,amostra-bl.pdf,INVOICE,bankingDetails.beneficiary,,,,,beneficiary,,nao
1589,amostra-bl.pdf,INVOICE,bankingDetails.branchCode,,,,,branchCode,,nao
1590,amostra-bl.pdf,INVOICE,bankingDetails.fullText,,,,,fullText,"BANCO BPM S.P.A. SWIFT BAPPIT21AI6 VICOLO CONCORDIA, 7-9 BOLLATE MI IBAN:IT88H0503420100000000001975",sim
1591,amostra-bl.pdf,INVOICE,packageSummary.totalGrossWeight,,,,,totalGrossWeight,"1,04 KG",sim
1592,amostra-bl.pdf,INVOICE,packageSummary.totalNetWeight,,,,,totalNetWeight,"0,53 KG",sim
1593,amostra-bl.pdf,INVOICE,packageSummary.commercialUnit,,,,,commercialUnit,Boxes,sim
1594,amostra-bl.pdf,INVOICE,packageSummary.totalTareWeight,,,,,totalTareWeight,,nao
1595,amostra-bl.pdf,INVOICE,packageSummary.totalCubicMeasurement,,,,,totalCubicMeasurement,"0,01 MC",sim
1596,amostra-bl.pdf,INVOICE,packageSummary.totalPackages,,,,,totalPackages,"1,00",sim
1597,amostra-bl.pdf,INVOICE,currency.type,moeda_item,PedidoItem,alta,,type,Eur,sim
1598,amostra-bl.pdf,INVOICE,currency.exchangeRate,,,,,exchangeRate,,nao
1599,amostra-bl.pdf,INVOICE,items_quantity,,,,,items_quantity,2,sim
1600,amostra-bl.pdf,INVOICE,values.totalDocumentValue,,,,,totalDocumentValue,1488.00,sim
1601,amostra-bl.pdf,INVOICE,values.discountsOrAdditions,,,,,discountsOrAdditions,,nao
1602,amostra-bl.pdf,INVOICE,values.otherCharges,,,,,otherCharges,,nao
1603,amostra-bl.pdf,INVOICE,observations,,,,,observations,DEL. NO 157030 of 09/01/25 Our ref. 2819731 B | Your ref. order 05/11/24 003AA/24 Our ref. order 4 24729 2024/97 & 28017 | GOODS OF ITALIAN ORIGIN DESTINED TO EXPORT | COMMODITY: SPARE PARTS FOR PUMPS | CUSTOMS TARIFF: 8413.9100 | NO. 1 CARTON BOX DIM CMS 30x20x20,sim
1604,amostra-bl.pdf,INVOICE,isSigned,,,,,isSigned,false,sim
1605,amostra-bl.pdf,INVOICE,additionalFields.Código do Cliente,,,,,Código do Cliente,0503SU20000,sim
1606,amostra-bl.pdf,INVOICE,additionalFields.Ordem de Trabalho,,,,,Ordem de Trabalho,4O729,sim
1607,amostra-bl.pdf,INVOICE,items[].descriptions.english,descricao_completa_item_en,PedidoItem,alta,,english,TERMINAL RING D35,sim
1608,amostra-bl.pdf,INVOICE,items[].descriptions.portuguese,descricao_completa_item_pt,PedidoItem,alta,,portuguese,,nao
1609,amostra-bl.pdf,INVOICE,items[].weights.unit,,,,,unit,PZ,sim
1610,amostra-bl.pdf,INVOICE,items[].weights.net,,,,,net,,nao
1611,amostra-bl.pdf,INVOICE,items[].weights.gross,,,,,gross,,nao
1612,amostra-bl.pdf,INVOICE,items[].volume.packageType,,,,,packageType,,nao
1613,amostra-bl.pdf,INVOICE,items[].volume.dimensions,,,,,dimensions,,nao
1614,amostra-bl.pdf,INVOICE,items[].volume.size,,,,,size,,nao
1615,amostra-bl.pdf,INVOICE,items[].volume.quantity,,,,,quantity,,nao
1616,amostra-bl.pdf,INVOICE,items[].partNumber,part_number_item,PedidoItem,alta,,partNumber,3110N0141G00K19,sim
1617,amostra-bl.pdf,INVOICE,items[].poNumber,,,,,poNumber,4513823741,sim
1618,amostra-bl.pdf,INVOICE,items[].itemQuantity,,,,,itemQuantity,"2,00",sim
1619,amostra-bl.pdf,INVOICE,items[].itemCurrency,,,,,itemCurrency,Eur,sim
1620,amostra-bl.pdf,INVOICE,items[].itemUnitPriceWithCurrency,,,,,itemUnitPriceWithCurrency,"168,000",sim
1621,amostra-bl.pdf,INVOICE,items[].itemTotalPriceWithCurrency,,,,,itemTotalPriceWithCurrency,"336,00",sim
1622,amostra-bl.pdf,INVOICE,items[].ncm,,,,,ncm,,nao
1623,amostra-bl.pdf,INVOICE,items[].hsCode,,,,,hsCode,,nao
1624,amostra-bl.pdf,INVOICE,items[].originCountry,,,,,originCountry,,nao
1625,amostra-bl.pdf,INVOICE,items[].manufacturer,,,,,manufacturer,,nao
1626,amostra-bl.pdf,INVOICE,document.documentNumber,numero_invoice_item,PedidoItem,alta,,documentNumber,2250031,sim
1627,amostra-bl.pdf,INVOICE,document.documentType,,,,,documentType,Invoice,sim
1628,amostra-bl.pdf,INVOICE,document.documentDate,,,,,documentDate,2025-01-08,sim
1629,amostra-bl.pdf,INVOICE,document.incoterm,incoterm_item,PedidoItem,sugestao,Alternativas: incoterm_processo (LogisticaInternacionalProcesso),incoterm,EXW,sim
1630,amostra-bl.pdf,INVOICE,document.incotermLocation,,,,,incotermLocation,EX WORKS,sim
1631,amostra-bl.pdf,INVOICE,document.originCountry,,,,,originCountry,ITALY,sim
1632,amostra-bl.pdf,INVOICE,document.countryOfAcquisition,,,,,countryOfAcquisition,,nao
1633,amostra-bl.pdf,INVOICE,document.countryOfProvenance,,,,,countryOfProvenance,,nao
1634,amostra-bl.pdf,INVOICE,document.shippedOnBoardDate,,,,,shippedOnBoardDate,,nao
1635,amostra-bl.pdf,INVOICE,exporter.name,nome_exportador_item,PedidoItem,sugestao,Alternativas: nome_fornecedor (Fornecedor),name,PERONI POMPE SpA,sim
1636,amostra-bl.pdf,INVOICE,exporter.address,endereco_fornecedor,Fornecedor,alta,,address,"Via Tacito, 4 - 20094 Corsico (MI) Italia",sim
1637,amostra-bl.pdf,INVOICE,exporter.country,pais_fornecedor,Fornecedor,alta,,country,Italy,sim
1638,amostra-bl.pdf,INVOICE,exporter.state,estado_provincia_fornecedor,Fornecedor,alta,,state,,nao
1639,amostra-bl.pdf,INVOICE,exporter.city,cidade_fornecedor,Fornecedor,alta,,city,Corsico,sim
1640,amostra-bl.pdf,INVOICE,exporter.zipCode,cep_zipcode_fornecedor,Fornecedor,alta,,zipCode,20094,sim
1641,amostra-bl.pdf,INVOICE,exporter.taxId,tin_fornecedor,Fornecedor,alta,,taxId,IT 00745820159,sim
1642,amostra-bl.pdf,INVOICE,exporter.phone,telefone_fornecedor,Fornecedor,alta,,phone,+39 02 489 40.1,sim
1643,amostra-bl.pdf,INVOICE,exporter.email,email_fornecedor,Fornecedor,alta,,email,,nao
1644,amostra-bl.pdf,INVOICE,importer.name,nome_importador_item,PedidoItem,sugestao,Alternativas: nome_fornecedor (Fornecedor),name,SUPERQUIP SERVICOS E EQUIPAMENTOS TECNICOS LTDA,sim
1645,amostra-bl.pdf,INVOICE,importer.address,endereco_fornecedor,Fornecedor,alta,,address,RUA MEXICO 3-18° ANDAR CENTRO 20031-144 RIO DE JANEIRO RJ BRASILEIRA,sim
1646,amostra-bl.pdf,INVOICE,importer.country,pais_fornecedor,Fornecedor,alta,,country,BRASIL,sim
1647,amostra-bl.pdf,INVOICE,importer.state,estado_provincia_fornecedor,Fornecedor,alta,,state,RJ,sim
1648,amostra-bl.pdf,INVOICE,importer.city,cidade_fornecedor,Fornecedor,alta,,city,RIO DE JANEIRO,sim
1649,amostra-bl.pdf,INVOICE,importer.zipCode,cep_zipcode_fornecedor,Fornecedor,alta,,zipCode,20031-144,sim
1650,amostra-bl.pdf,INVOICE,importer.taxId,cnpj_fornecedor,Fornecedor,alta,,taxId,CNPJ30712061/0001-42,sim
1651,amostra-bl.pdf,INVOICE,importer.phone,telefone_fornecedor,Fornecedor,alta,,phone,+55.21.22625355,sim
1652,amostra-bl.pdf,INVOICE,importer.email,email_fornecedor,Fornecedor,alta,,email,,nao
1653,amostra-bl.pdf,INVOICE,shipment.modal,modal_frete_internacional_processo,LogisticaInternacionalProcesso,alta,,modal,,nao
1654,amostra-bl.pdf,INVOICE,shipment.carrier,,,,,carrier,,nao
1655,amostra-bl.pdf,INVOICE,shipment.vesselName,,,,,vesselName,,nao
1656,amostra-bl.pdf,INVOICE,shipment.airports.origin,,,,,origin,,nao
1657,amostra-bl.pdf,INVOICE,shipment.airports.destination,,,,,destination,,nao
1658,amostra-bl.pdf,INVOICE,shipment.ports.origin,porto_origem_processo,LogisticaInternacionalProcesso,alta,,origin,,nao
1659,amostra-bl.pdf,INVOICE,shipment.ports.loading,porto_origem_processo,LogisticaInternacionalProcesso,alta,,loading,,nao
1660,amostra-bl.pdf,INVOICE,shipment.ports.destination,porto_destino_processo,LogisticaInternacionalProcesso,alta,,destination,,nao
1661,amostra-bl.pdf,INVOICE,shipment.ports.discharge,porto_destino_processo,LogisticaInternacionalProcesso,alta,,discharge,,nao
1662,amostra-bl.pdf,INVOICE,shipment.costs.freight,,,,,freight,,nao
1663,amostra-bl.pdf,INVOICE,shipment.costs.insurance,,,,,insurance,,nao
1664,amostra-bl.pdf,INVOICE,containerNumbers,container_numero_processo_container,ContainerProcesso,alta,,containerNumbers,,nao
1665,amostra-bl.pdf,INVOICE,payment.method,,,,,method,,nao
1666,amostra-bl.pdf,INVOICE,payment.terms,condicao_pagamento_item,PedidoItem,alta,,terms,60 DAYS INVOICE DATE,sim
1667,amostra-bl.pdf,INVOICE,bankingDetails.bankName,,,,,bankName,BANCO BPM S.P.A.,sim
1668,amostra-bl.pdf,INVOICE,bankingDetails.iban,,,,,iban,IT88H0503420100000000001975,sim
1669,amostra-bl.pdf,INVOICE,bankingDetails.swift,,,,,swift,BAPPIT21AI6,sim
1670,amostra-bl.pdf,INVOICE,bankingDetails.accountNumber,,,,,accountNumber,,nao
1671,amostra-bl.pdf,INVOICE,bankingDetails.beneficiary,,,,,beneficiary,,nao
1672,amostra-bl.pdf,INVOICE,bankingDetails.branchCode,,,,,branchCode,,nao
1673,amostra-bl.pdf,INVOICE,bankingDetails.fullText,,,,,fullText,"BANCO BPM S.P.A. SWIFT BAPPIT21AI6 VICOLO CONCORDIA, 7-9 BOLLATE MI IBAN:IT88H0503420100000000001975",sim
1674,amostra-bl.pdf,INVOICE,packageSummary.totalGrossWeight,,,,,totalGrossWeight,"0,93 KG",sim
1675,amostra-bl.pdf,INVOICE,packageSummary.totalNetWeight,,,,,totalNetWeight,"0,37 KG",sim
1676,amostra-bl.pdf,INVOICE,packageSummary.commercialUnit,,,,,commercialUnit,Boxes,sim
1677,amostra-bl.pdf,INVOICE,packageSummary.totalTareWeight,,,,,totalTareWeight,,nao
1678,amostra-bl.pdf,INVOICE,packageSummary.totalCubicMeasurement,,,,,totalCubicMeasurement,"0,01 MC",sim
1679,amostra-bl.pdf,INVOICE,packageSummary.totalPackages,,,,,totalPackages,"1,00",sim
1680,amostra-bl.pdf,INVOICE,currency.type,moeda_item,PedidoItem,alta,,type,Eur,sim
1681,amostra-bl.pdf,INVOICE,currency.exchangeRate,,,,,exchangeRate,,nao
1682,amostra-bl.pdf,INVOICE,items_quantity,,,,,items_quantity,4,sim
1683,amostra-bl.pdf,INVOICE,values.totalDocumentValue,,,,,totalDocumentValue,2874.00,sim
1684,amostra-bl.pdf,INVOICE,values.discountsOrAdditions,,,,,discountsOrAdditions,,nao
1685,amostra-bl.pdf,INVOICE,values.otherCharges,,,,,otherCharges,,nao
1686,amostra-bl.pdf,INVOICE,observations,,,,,observations,DEL. NO 156306 of 07/01/25 Our ref. 2819714 B | Your ref. order 03/12/24 003AE/24 Our ref. order 4 24785 2024/97 & 27003 | GOODS OF ITALIAN ORIGIN DESTINED TO EXPORT | COMMODITY: SPARE PARTS FOR PUMPS | CUSTOMS TARIFF: 8413.9100 | NO. 1 CARTON BOX DIM CMS 30x20x20,sim
1687,amostra-bl.pdf,INVOICE,isSigned,,,,,isSigned,false,sim
1688,amostra-bl.pdf,INVOICE,additionalFields.Código do Cliente,,,,,Código do Cliente,0503SU20000,sim
1689,amostra-bl.pdf,INVOICE,additionalFields.Ordem de Trabalho,,,,,Ordem de Trabalho,4O785,sim
1690,amostra-bl.pdf,INVOICE,items[].descriptions.english,descricao_completa_item_en,PedidoItem,alta,,english,CRANK BUSHING,sim
1691,amostra-bl.pdf,INVOICE,items[].descriptions.portuguese,descricao_completa_item_pt,PedidoItem,alta,,portuguese,,nao
1692,amostra-bl.pdf,INVOICE,items[].weights.unit,,,,,unit,PZ,sim
1693,amostra-bl.pdf,INVOICE,items[].weights.net,,,,,net,,nao
1694,amostra-bl.pdf,INVOICE,items[].weights.gross,,,,,gross,,nao
1695,amostra-bl.pdf,INVOICE,items[].volume.packageType,,,,,packageType,,nao
1696,amostra-bl.pdf,INVOICE,items[].volume.dimensions,,,,,dimensions,,nao
1697,amostra-bl.pdf,INVOICE,items[].volume.size,,,,,size,,nao
1698,amostra-bl.pdf,INVOICE,items[].volume.quantity,,,,,quantity,,nao
1699,amostra-bl.pdf,INVOICE,items[].partNumber,part_number_item,PedidoItem,alta,,partNumber,311000025000U41,sim
1700,amostra-bl.pdf,INVOICE,items[].poNumber,,,,,poNumber,4513892557,sim
1701,amostra-bl.pdf,INVOICE,items[].itemQuantity,,,,,itemQuantity,"6,00",sim
1702,amostra-bl.pdf,INVOICE,items[].itemCurrency,,,,,itemCurrency,Eur,sim
1703,amostra-bl.pdf,INVOICE,items[].itemUnitPriceWithCurrency,,,,,itemUnitPriceWithCurrency,"367,000",sim
1704,amostra-bl.pdf,INVOICE,items[].itemTotalPriceWithCurrency,,,,,itemTotalPriceWithCurrency,"2.202,00",sim
1705,amostra-bl.pdf,INVOICE,items[].ncm,,,,,ncm,,nao
1706,amostra-bl.pdf,INVOICE,items[].hsCode,,,,,hsCode,,nao
1707,amostra-bl.pdf,INVOICE,items[].originCountry,,,,,originCountry,,nao
1708,amostra-bl.pdf,INVOICE,items[].manufacturer,,,,,manufacturer,,nao
1709,awb.pdf,AWB,awbInfo.mawbNumber,,,,,mawbNumber,047-03379563,sim
1710,awb.pdf,AWB,awbInfo.hawbNumber,,,,,hawbNumber,,nao
1711,awb.pdf,AWB,awbInfo.awbDate,,,,,awbDate,2018-06-29,sim
1712,awb.pdf,AWB,awbInfo.shippedOnBoardDate,,,,,shippedOnBoardDate,,nao
1713,awb.pdf,AWB,awbInfo.flight.flightNumber,,,,,flightNumber,TP 561,sim
1714,awb.pdf,AWB,awbInfo.flight.flightDate,,,,,flightDate,2018-06-30,sim
1715,awb.pdf,AWB,exporter.name,nome_exportador_item,PedidoItem,sugestao,Alternativas: nome_fornecedor (Fornecedor),name,DURAG GMBH,sim
1716,awb.pdf,AWB,exporter.address,endereco_fornecedor,Fornecedor,alta,,address,KOLLAUSTRASSE 105,sim
1717,awb.pdf,AWB,exporter.country,pais_fornecedor,Fornecedor,alta,,country,GERMANY,sim
1718,awb.pdf,AWB,exporter.state,estado_provincia_fornecedor,Fornecedor,alta,,state,,nao
1719,awb.pdf,AWB,exporter.city,cidade_fornecedor,Fornecedor,alta,,city,HAMBURG,sim
1720,awb.pdf,AWB,exporter.zipCode,cep_zipcode_fornecedor,Fornecedor,alta,,zipCode,22453,sim
1721,awb.pdf,AWB,exporter.phone,telefone_fornecedor,Fornecedor,alta,,phone,,nao
1722,awb.pdf,AWB,exporter.email,email_fornecedor,Fornecedor,alta,,email,,nao
1723,awb.pdf,AWB,importer.name,nome_importador_item,PedidoItem,sugestao,Alternativas: nome_fornecedor (Fornecedor),name,DURAG SIENA DO BRASIL LTDA,sim
1724,awb.pdf,AWB,importer.address,endereco_fornecedor,Fornecedor,alta,,address,"RUA VINTE E DOIS DE AGOSTO, 66",sim
1725,awb.pdf,AWB,importer.country,pais_fornecedor,Fornecedor,alta,,country,BRAZIL,sim
1726,awb.pdf,AWB,importer.state,estado_provincia_fornecedor,Fornecedor,alta,,state,SP,sim
1727,awb.pdf,AWB,importer.city,cidade_fornecedor,Fornecedor,alta,,city,DIADEMA,sim
1728,awb.pdf,AWB,importer.zipCode,cep_zipcode_fornecedor,Fornecedor,alta,,zipCode,09941-530,sim
1729,awb.pdf,AWB,importer.cnpj,cnpj_fornecedor,Fornecedor,alta,,cnpj,02.403.413/0001-42,sim
1730,awb.pdf,AWB,importer.phone,telefone_fornecedor,Fornecedor,alta,,phone,,nao
1731,awb.pdf,AWB,importer.email,email_fornecedor,Fornecedor,alta,,email,,nao
1732,awb.pdf,AWB,cargoAgent.name,,,,,name,HELLMANN WORLDWIDE LOGISTICS,sim
1733,awb.pdf,AWB,cargoAgent.iataCode,,,,,iataCode,DE/RA/00068-10,sim
1734,awb.pdf,AWB,cargoAgent.accountingInfo,,,,,accountingInfo,PLEASE INFORM CONSIGNEE IMMEDIATELY UPON ARRIVAL BY PHONE OR FAX,sim
1735,awb.pdf,AWB,route.originAirport,,,,,originAirport,HAMBURG,sim
1736,awb.pdf,AWB,route.destinationAirport,,,,,destinationAirport,GUARULHOS,sim
1737,awb.pdf,AWB,declaredValues.transportValue,,,,,transportValue,NVD,sim
1738,awb.pdf,AWB,declaredValues.customsValue,,,,,customsValue,NCV,sim
1739,awb.pdf,AWB,handlingInformation,,,,,handlingInformation,"1 (ONE) COLLI(S) SPX by KC DE/KC/01231-01 accepted by DE/RA/00068-10 MARKS: AS ADDRESSED, AS MENTIONED BELOW ATTACHED: INVOICE E.C.D.: 18DE615686358417E7",sim
1740,awb.pdf,AWB,shipmentDetails.totalPackages,,,,,totalPackages,1,sim
1741,awb.pdf,AWB,shipmentDetails.totalGrossWeight,,,,,totalGrossWeight,34.000,sim
1742,awb.pdf,AWB,shipmentDetails.totalCubedWeight,,,,,totalCubedWeight,34.000,sim
1743,awb.pdf,AWB,shipmentDetails.cargoDescription,,,,,cargoDescription,1X D-LX 721 COMPACT FLAME MONITOR 350X BROCHURES NOT RESTRICTED 60x40x53xCMSx1 WOODEN PACKAGE: 1X NOT APPLICABLE,sim
1744,awb.pdf,AWB,shipmentDetails.tariffClass,,,,,tariffClass,M,sim
1745,awb.pdf,AWB,charges.internationalFreight.paymentType,,,,,paymentType,Collect,sim
1746,awb.pdf,AWB,charges.internationalFreight.currency,,,,,currency,EUR,sim
1747,awb.pdf,AWB,charges.internationalFreight.rate,,,,,rate,0.000,sim
1748,awb.pdf,AWB,charges.internationalFreight.basicFreightAmount,,,,,basicFreightAmount,200.00,sim
1749,awb.pdf,AWB,charges.internationalFreight.declaredValueFee,,,,,declaredValueFee,,nao
1750,awb.pdf,AWB,charges.internationalFreight.freightTax,,,,,freightTax,,nao
1751,awb.pdf,AWB,charges.internationalFreight.agentOtherCharges,,,,,agentOtherCharges,193.00,sim
1752,awb.pdf,AWB,charges.internationalFreight.airlineOtherCharges,,,,,airlineOtherCharges,,nao
1753,awb.pdf,AWB,charges.internationalFreight.totalFreightAmount,,,,,totalFreightAmount,200.00,sim
1754,awb.pdf,AWB,charges.internationalFreight.currencyConversionRates,,,,,currencyConversionRates,,nao
1755,awb.pdf,AWB,charges.internationalFreight.destinationCharges,,,,,destinationCharges,,nao
1756,awb.pdf,AWB,charges.internationalFreight.totalAmountToCollect,,,,,totalAmountToCollect,393.00,sim
1757,awb.pdf,AWB,observations,,,,,observations,"INVOICE NO: 3104043786, 20180628 PO-01037/PD0548, DGT0037550 REF: 3102015999 HAM-2145 6304",sim
1758,awb.pdf,AWB,isSigned,,,,,isSigned,true,sim
1759,awb.pdf,AWB,additionalFields.Outras Taxas,,,,,Outras Taxas,"PICK UP 40,00 HANDLING ORI 35,00 COMPLIANCE F 12,50 FUEL-SURCHAR 15,00 AUTOMATED MA 10,50 SECURITY SUR 15,00 TERMINAL HAN 20,00 SCREENING FE 45,00",sim
1760,awb.pdf,AWB,additionalFields.Número de Referência,,,,,Número de Referência,HAM-177682-AFE,sim
1761,awb.pdf,AWB,additionalFields.Assinado por,,,,,Assinado por,SASKIA PÖSCHL,sim
1762,INVOICE77.pdf,PACKING_LIST,document.number,numero_bl_processo,DocumentoProcesso,sugestao,Alternativas: numero_awb_processo (DocumentoProcesso),number,ISA-002036,sim
1763,INVOICE77.pdf,PACKING_LIST,document.type,,,,,type,PACKING LIST,sim
1764,INVOICE77.pdf,PACKING_LIST,document.date,,,,,date,2024-06-19,sim
1765,INVOICE77.pdf,PACKING_LIST,document.incoterm,incoterm_processo,LogisticaInternacionalProcesso,alta,,incoterm,EXW,sim
1766,INVOICE77.pdf,PACKING_LIST,document.incotermLocation,,,,,incotermLocation,HK,sim
1767,INVOICE77.pdf,PACKING_LIST,document.originCountry,,,,,originCountry,China,sim
1768,INVOICE77.pdf,PACKING_LIST,document.shippedOnBoardDate,,,,,shippedOnBoardDate,,nao
1769,INVOICE77.pdf,PACKING_LIST,exporter.name,nome_exportador_item,PedidoItem,sugestao,Alternativas: nome_fornecedor (Fornecedor),name,"LUEN TAI P.C.B. FACTORY CO., LTD.",sim
1770,INVOICE77.pdf,PACKING_LIST,exporter.address,endereco_fornecedor,Fornecedor,alta,,address,"Uint 5, 21/F., Midas Plaza, No.1 Tai Yau Street, San Po Kong, Kowloon",sim
1771,INVOICE77.pdf,PACKING_LIST,exporter.country,pais_fornecedor,Fornecedor,alta,,country,Hong Kong,sim
1772,INVOICE77.pdf,PACKING_LIST,exporter.state,estado_provincia_fornecedor,Fornecedor,alta,,state,,nao
1773,INVOICE77.pdf,PACKING_LIST,exporter.city,cidade_fornecedor,Fornecedor,alta,,city,Kowloon,sim
1774,INVOICE77.pdf,PACKING_LIST,exporter.zipCode,cep_zipcode_fornecedor,Fornecedor,alta,,zipCode,,nao
1775,INVOICE77.pdf,PACKING_LIST,exporter.taxId,tin_fornecedor,Fornecedor,alta,,taxId,,nao
1776,INVOICE77.pdf,PACKING_LIST,exporter.phone,telefone_fornecedor,Fornecedor,alta,,phone,852 - 2321 8391,sim
1777,INVOICE77.pdf,PACKING_LIST,exporter.email,email_fornecedor,Fornecedor,alta,,email,,nao
1778,INVOICE77.pdf,PACKING_LIST,importer.name,nome_importador_item,PedidoItem,sugestao,Alternativas: nome_fornecedor (Fornecedor),name,Intelbras S/A -Indústria de Telecomunicação Eletrônica Brasileira,sim
1779,INVOICE77.pdf,PACKING_LIST,importer.address,endereco_fornecedor,Fornecedor,alta,,address,"Av. Tefé, 3105 - Bairro Japiim",sim
1780,INVOICE77.pdf,PACKING_LIST,importer.country,pais_fornecedor,Fornecedor,alta,,country,Brazil,sim
1781,INVOICE77.pdf,PACKING_LIST,importer.state,estado_provincia_fornecedor,Fornecedor,alta,,state,,nao
1782,INVOICE77.pdf,PACKING_LIST,importer.city,cidade_fornecedor,Fornecedor,alta,,city,,nao
1783,INVOICE77.pdf,PACKING_LIST,importer.zipCode,cep_zipcode_fornecedor,Fornecedor,alta,,zipCode,,nao
1784,INVOICE77.pdf,PACKING_LIST,importer.cnpj,cnpj_fornecedor,Fornecedor,alta,,cnpj,82.901.000/0015-22,sim
1785,INVOICE77.pdf,PACKING_LIST,importer.phone,telefone_fornecedor,Fornecedor,alta,,phone,,nao
1786,INVOICE77.pdf,PACKING_LIST,importer.email,email_fornecedor,Fornecedor,alta,,email,,nao
1787,INVOICE77.pdf,PACKING_LIST,shipmentDetails.transportMode,modal_frete_internacional_processo,LogisticaInternacionalProcesso,alta,,transportMode,By sea,sim
1788,INVOICE77.pdf,PACKING_LIST,shipmentDetails.vesselName,,,,,vesselName,,nao
1789,INVOICE77.pdf,PACKING_LIST,shipmentDetails.origin.port,,,,,port,,nao
1790,INVOICE77.pdf,PACKING_LIST,shipmentDetails.origin.airport,,,,,airport,,nao
1791,INVOICE77.pdf,PACKING_LIST,shipmentDetails.origin.location,,,,,location,,nao
1792,INVOICE77.pdf,PACKING_LIST,shipmentDetails.origin.place,,,,,place,,nao
1793,INVOICE77.pdf,PACKING_LIST,shipmentDetails.destination.port,,,,,port,,nao
1794,INVOICE77.pdf,PACKING_LIST,shipmentDetails.destination.airport,,,,,airport,,nao
1795,INVOICE77.pdf,PACKING_LIST,shipmentDetails.destination.location,,,,,location,,nao
1796,INVOICE77.pdf,PACKING_LIST,shipmentDetails.destination.place,,,,,place,,nao
1797,INVOICE77.pdf,PACKING_LIST,containerNumbers,container_numero_processo_container,ContainerProcesso,alta,,containerNumbers,,nao
1798,INVOICE77.pdf,PACKING_LIST,packageSummary.totalGrossWeight,,,,,totalGrossWeight,177.470,sim
1799,INVOICE77.pdf,PACKING_LIST,packageSummary.totalNetWeight,,,,,totalNetWeight,153.670,sim
1800,INVOICE77.pdf,PACKING_LIST,packageSummary.commercialUnit,,,,,commercialUnit,kgs,sim
1801,INVOICE77.pdf,PACKING_LIST,packageSummary.totalTareWeight,,,,,totalTareWeight,23.800,sim
1802,INVOICE77.pdf,PACKING_LIST,packageSummary.totalCubicMeasurement,,,,,totalCubicMeasurement,0.432,sim
1803,INVOICE77.pdf,PACKING_LIST,packageSummary.totalPackages,,,,,totalPackages,550,sim
1804,INVOICE77.pdf,PACKING_LIST,items[].partNumber,part_number_item,PedidoItem,alta,,partNumber,1080936,sim
1805,INVOICE77.pdf,PACKING_LIST,items[].productDescription,descricao_item,PedidoItem,alta,,productDescription,,nao
1806,INVOICE77.pdf,PACKING_LIST,items[].package.unitQuantity,,,,,unitQuantity,450,sim
1807,INVOICE77.pdf,PACKING_LIST,items[].package.type,,,,,type,Carton,sim
1808,INVOICE77.pdf,PACKING_LIST,items[].package.unitGrossWeight,,,,,unitGrossWeight,,nao
1809,INVOICE77.pdf,PACKING_LIST,items[].package.unitNetWeight,,,,,unitNetWeight,,nao
1810,INVOICE77.pdf,PACKING_LIST,items[].package.totalCubicMeasurement,,,,,totalCubicMeasurement,,nao
1811,INVOICE77.pdf,PACKING_LIST,items[].package.totalTareWeight,,,,,totalTareWeight,,nao
1812,INVOICE77.pdf,PACKING_LIST,items[].totalProductQuantity,,,,,totalProductQuantity,9900,sim
1813,INVOICE77.pdf,PACKING_LIST,items[].ncm,,,,,ncm,,nao
1814,INVOICE77.pdf,PACKING_LIST,items[].hsCode,,,,,hsCode,,nao
1815,INVOICE77.pdf,PACKING_LIST,items[].additionalInformation,,,,,additionalInformation,,nao
1816,INVOICE77.pdf,PACKING_LIST,observations,,,,,observations,ATTN : Samantha Scheidt | Shipment does not contain solid wooden packing material | Freight cost AS PER AWB/HBL,sim
1817,INVOICE77.pdf,PACKING_LIST,isSigned,,,,,isSigned,false,sim
1818,INVOICE77.pdf,PACKING_LIST,additionalFields.País de Aquisição,,,,,País de Aquisição,Hong Kong,sim
1819,INVOICE77.pdf,PACKING_LIST,additionalFields.País de Procedência,,,,,País de Procedência,Hong Kong,sim
1820,INVOICE77.pdf,PACKING_LIST,additionalFields.Total de Paletes,,,,,Total de Paletes,1,sim
1821,INVOICE77.pdf,PACKING_LIST,additionalFields.Dimensões,,,,,Dimensões,120*80*45cm(1),sim
1822,INVOICE77.pdf,PACKING_LIST,additionalFields.Nota de Entrega,,,,,Nota de Entrega,PH10021643,sim
1823,INVOICE77.pdf,INVOICE,document.documentNumber,numero_invoice_item,PedidoItem,alta,,documentNumber,ISA-002036,sim
1824,INVOICE77.pdf,INVOICE,document.documentType,,,,,documentType,COMMERCIAL INVOICE,sim
1825,INVOICE77.pdf,INVOICE,document.documentDate,,,,,documentDate,2024-06-19,sim
1826,INVOICE77.pdf,INVOICE,document.incoterm,incoterm_item,PedidoItem,sugestao,Alternativas: incoterm_processo (LogisticaInternacionalProcesso),incoterm,EXW,sim
1827,INVOICE77.pdf,INVOICE,document.incotermLocation,,,,,incotermLocation,HK,sim
1828,INVOICE77.pdf,INVOICE,document.originCountry,,,,,originCountry,China,sim
1829,INVOICE77.pdf,INVOICE,document.countryOfAcquisition,,,,,countryOfAcquisition,Hong Kong,sim
1830,INVOICE77.pdf,INVOICE,document.countryOfProvenance,,,,,countryOfProvenance,Hong Kong,sim
1831,INVOICE77.pdf,INVOICE,document.shippedOnBoardDate,,,,,shippedOnBoardDate,,nao
1832,INVOICE77.pdf,INVOICE,exporter.name,nome_exportador_item,PedidoItem,sugestao,Alternativas: nome_fornecedor (Fornecedor),name,"LUEN TAI P.C.B. FACTORY CO., LTD.",sim
1833,INVOICE77.pdf,INVOICE,exporter.address,endereco_fornecedor,Fornecedor,alta,,address,"Uint 5, 21/F., Midas Plaza, No.1 Tai Yau Street, San Po Kong, Kowloon",sim
1834,INVOICE77.pdf,INVOICE,exporter.country,pais_fornecedor,Fornecedor,alta,,country,Hong Kong,sim
1835,INVOICE77.pdf,INVOICE,exporter.state,estado_provincia_fornecedor,Fornecedor,alta,,state,,nao
1836,INVOICE77.pdf,INVOICE,exporter.city,cidade_fornecedor,Fornecedor,alta,,city,Kowloon,sim
1837,INVOICE77.pdf,INVOICE,exporter.zipCode,cep_zipcode_fornecedor,Fornecedor,alta,,zipCode,,nao
1838,INVOICE77.pdf,INVOICE,exporter.taxId,tin_fornecedor,Fornecedor,alta,,taxId,,nao
1839,INVOICE77.pdf,INVOICE,exporter.phone,telefone_fornecedor,Fornecedor,alta,,phone,,nao
1840,INVOICE77.pdf,INVOICE,exporter.email,email_fornecedor,Fornecedor,alta,,email,,nao
1841,INVOICE77.pdf,INVOICE,importer.name,nome_importador_item,PedidoItem,sugestao,Alternativas: nome_fornecedor (Fornecedor),name,Intelbras S/A -Indústria de Telecomunicação Eletrônica Brasileira,sim
1842,INVOICE77.pdf,INVOICE,importer.address,endereco_fornecedor,Fornecedor,alta,,address,"Av. Tefé, 3105 - Bairro Japiim Zip code: 69078000 Manaus, AM",sim
1843,INVOICE77.pdf,INVOICE,importer.country,pais_fornecedor,Fornecedor,alta,,country,Brazil,sim
1844,INVOICE77.pdf,INVOICE,importer.state,estado_provincia_fornecedor,Fornecedor,alta,,state,AM,sim
1845,INVOICE77.pdf,INVOICE,importer.city,cidade_fornecedor,Fornecedor,alta,,city,Manaus,sim
1846,INVOICE77.pdf,INVOICE,importer.zipCode,cep_zipcode_fornecedor,Fornecedor,alta,,zipCode,69078000,sim
1847,INVOICE77.pdf,INVOICE,importer.taxId,cnpj_fornecedor,Fornecedor,alta,,taxId,82.901.000/0015-22,sim
1848,INVOICE77.pdf,INVOICE,importer.phone,telefone_fornecedor,Fornecedor,alta,,phone,,nao
1849,INVOICE77.pdf,INVOICE,importer.email,email_fornecedor,Fornecedor,alta,,email,,nao
1850,INVOICE77.pdf,INVOICE,shipment.modal,modal_frete_internacional_processo,LogisticaInternacionalProcesso,alta,,modal,,nao
1851,INVOICE77.pdf,INVOICE,shipment.carrier,,,,,carrier,,nao
1852,INVOICE77.pdf,INVOICE,shipment.vesselName,,,,,vesselName,,nao
1853,INVOICE77.pdf,INVOICE,shipment.airports.origin,,,,,origin,,nao
1854,INVOICE77.pdf,INVOICE,shipment.airports.destination,,,,,destination,,nao
1855,INVOICE77.pdf,INVOICE,shipment.ports.origin,porto_origem_processo,LogisticaInternacionalProcesso,alta,,origin,,nao
1856,INVOICE77.pdf,INVOICE,shipment.ports.loading,porto_origem_processo,LogisticaInternacionalProcesso,alta,,loading,,nao
1857,INVOICE77.pdf,INVOICE,shipment.ports.destination,porto_destino_processo,LogisticaInternacionalProcesso,alta,,destination,,nao
1858,INVOICE77.pdf,INVOICE,shipment.ports.discharge,porto_destino_processo,LogisticaInternacionalProcesso,alta,,discharge,,nao
1859,INVOICE77.pdf,INVOICE,shipment.costs.freight,,,,,freight,AS PER AWB/HBL,sim
1860,INVOICE77.pdf,INVOICE,shipment.costs.insurance,,,,,insurance,,nao
1861,INVOICE77.pdf,INVOICE,containerNumbers,container_numero_processo_container,ContainerProcesso,alta,,containerNumbers,,nao
1862,INVOICE77.pdf,INVOICE,payment.method,,,,,method,,nao
1863,INVOICE77.pdf,INVOICE,payment.terms,condicao_pagamento_item,PedidoItem,alta,,terms,T / T 90 days from BL / AWB,sim
1864,INVOICE77.pdf,INVOICE,bankingDetails.bankName,,,,,bankName,,nao
1865,INVOICE77.pdf,INVOICE,bankingDetails.iban,,,,,iban,,nao
1866,INVOICE77.pdf,INVOICE,bankingDetails.swift,,,,,swift,,nao
1867,INVOICE77.pdf,INVOICE,bankingDetails.accountNumber,,,,,accountNumber,,nao
1868,INVOICE77.pdf,INVOICE,bankingDetails.beneficiary,,,,,beneficiary,,nao
1869,INVOICE77.pdf,INVOICE,bankingDetails.branchCode,,,,,branchCode,,nao
1870,INVOICE77.pdf,INVOICE,bankingDetails.fullText,,,,,fullText,,nao
1871,INVOICE77.pdf,INVOICE,packageSummary.totalGrossWeight,,,,,totalGrossWeight,177.470,sim
1872,INVOICE77.pdf,INVOICE,packageSummary.totalNetWeight,,,,,totalNetWeight,153.670,sim
1873,INVOICE77.pdf,INVOICE,packageSummary.commercialUnit,,,,,commercialUnit,Kgs,sim
1874,INVOICE77.pdf,INVOICE,packageSummary.totalTareWeight,,,,,totalTareWeight,,nao
1875,INVOICE77.pdf,INVOICE,packageSummary.totalCubicMeasurement,,,,,totalCubicMeasurement,,nao
1876,INVOICE77.pdf,INVOICE,packageSummary.totalPackages,,,,,totalPackages,23,sim
1877,INVOICE77.pdf,INVOICE,currency.type,moeda_item,PedidoItem,alta,,type,USD,sim
1878,INVOICE77.pdf,INVOICE,currency.exchangeRate,,,,,exchangeRate,,nao
1879,INVOICE77.pdf,INVOICE,items_quantity,,,,,items_quantity,1,sim
1880,INVOICE77.pdf,INVOICE,values.totalDocumentValue,,,,,totalDocumentValue,1600.00,sim
1881,INVOICE77.pdf,INVOICE,values.discountsOrAdditions,,,,,discountsOrAdditions,,nao
1882,INVOICE77.pdf,INVOICE,values.otherCharges,,,,,otherCharges,,nao
1883,INVOICE77.pdf,INVOICE,observations,,,,,observations,MEASUREMENT : 120*80*45cm(1),sim
1884,INVOICE77.pdf,INVOICE,isSigned,,,,,isSigned,true,sim
1885,INVOICE77.pdf,INVOICE,additionalFields.Total de Paletes,,,,,Total de Paletes,1,sim
1886,INVOICE77.pdf,INVOICE,items[].descriptions.english,descricao_completa_item_en,PedidoItem,alta,,english,PCI FN OSP 1L PORTEIRO IPR1010MI 4610135/5,sim
1887,INVOICE77.pdf,INVOICE,items[].descriptions.portuguese,descricao_completa_item_pt,PedidoItem,alta,,portuguese,,nao
1888,INVOICE77.pdf,INVOICE,items[].weights.unit,,,,,unit,Kgs,sim
1889,INVOICE77.pdf,INVOICE,items[].weights.net,,,,,net,153.67,sim
1890,INVOICE77.pdf,INVOICE,items[].weights.gross,,,,,gross,,nao
1891,INVOICE77.pdf,INVOICE,items[].volume.packageType,,,,,packageType,,nao
1892,INVOICE77.pdf,INVOICE,items[].volume.dimensions,,,,,dimensions,,nao
1893,INVOICE77.pdf,INVOICE,items[].volume.size,,,,,size,,nao
1894,INVOICE77.pdf,INVOICE,items[].volume.quantity,,,,,quantity,,nao
1895,INVOICE77.pdf,INVOICE,items[].partNumber,part_number_item,PedidoItem,alta,,partNumber,1080936,sim
1896,INVOICE77.pdf,INVOICE,items[].poNumber,,,,,poNumber,682.446,sim
1897,INVOICE77.pdf,INVOICE,items[].itemQuantity,,,,,itemQuantity,10000,sim
1898,INVOICE77.pdf,INVOICE,items[].itemCurrency,,,,,itemCurrency,USD,sim
1899,INVOICE77.pdf,INVOICE,items[].itemUnitPriceWithCurrency,,,,,itemUnitPriceWithCurrency,0.16,sim
1900,INVOICE77.pdf,INVOICE,items[].itemTotalPriceWithCurrency,,,,,itemTotalPriceWithCurrency,1600.00,sim
1901,INVOICE77.pdf,INVOICE,items[].ncm,,,,,ncm,,nao
1902,INVOICE77.pdf,INVOICE,items[].hsCode,,,,,hsCode,,nao
1903,INVOICE77.pdf,INVOICE,items[].originCountry,,,,,originCountry,,nao
1904,INVOICE77.pdf,INVOICE,items[].manufacturer,,,,,manufacturer,,nao
1905,Invoice-A443FF43-0011.pdf,INVOICE,document.documentNumber,numero_invoice_item,PedidoItem,alta,,documentNumber,A443FF43-0011,sim
1906,Invoice-A443FF43-0011.pdf,INVOICE,document.documentType,,,,,documentType,Invoice,sim
1907,Invoice-A443FF43-0011.pdf,INVOICE,document.documentDate,,,,,documentDate,2026-03-22,sim
1908,Invoice-A443FF43-0011.pdf,INVOICE,document.incoterm,incoterm_item,PedidoItem,sugestao,Alternativas: incoterm_processo (LogisticaInternacionalProcesso),incoterm,,nao
1909,Invoice-A443FF43-0011.pdf,INVOICE,document.incotermLocation,,,,,incotermLocation,,nao
1910,Invoice-A443FF43-0011.pdf,INVOICE,document.originCountry,,,,,originCountry,,nao
1911,Invoice-A443FF43-0011.pdf,INVOICE,document.countryOfAcquisition,,,,,countryOfAcquisition,,nao
1912,Invoice-A443FF43-0011.pdf,INVOICE,document.countryOfProvenance,,,,,countryOfProvenance,,nao
1913,Invoice-A443FF43-0011.pdf,INVOICE,document.shippedOnBoardDate,,,,,shippedOnBoardDate,,nao
1914,Invoice-A443FF43-0011.pdf,INVOICE,exporter.name,nome_exportador_item,PedidoItem,sugestao,Alternativas: nome_fornecedor (Fornecedor),name,"Anthropic, PBC",sim
1915,Invoice-A443FF43-0011.pdf,INVOICE,exporter.address,endereco_fornecedor,Fornecedor,alta,,address,"548 Market Street PMB 90375 San Francisco, California 94104",sim
1916,Invoice-A443FF43-0011.pdf,INVOICE,exporter.country,pais_fornecedor,Fornecedor,alta,,country,United States,sim
1917,Invoice-A443FF43-0011.pdf,INVOICE,exporter.state,estado_provincia_fornecedor,Fornecedor,alta,,state,California,sim
1918,Invoice-A443FF43-0011.pdf,INVOICE,exporter.city,cidade_fornecedor,Fornecedor,alta,,city,San Francisco,sim
1919,Invoice-A443FF43-0011.pdf,INVOICE,exporter.zipCode,cep_zipcode_fornecedor,Fornecedor,alta,,zipCode,94104,sim
1920,Invoice-A443FF43-0011.pdf,INVOICE,exporter.taxId,tin_fornecedor,Fornecedor,alta,,taxId,,nao
1921,Invoice-A443FF43-0011.pdf,INVOICE,exporter.phone,telefone_fornecedor,Fornecedor,alta,,phone,,nao
1922,Invoice-A443FF43-0011.pdf,INVOICE,exporter.email,email_fornecedor,Fornecedor,alta,,email,support@anthropic.com,sim
1923,Invoice-A443FF43-0011.pdf,INVOICE,importer.name,nome_importador_item,PedidoItem,sugestao,Alternativas: nome_fornecedor (Fornecedor),name,dmmltda@gmail.com's Organization,sim
1924,Invoice-A443FF43-0011.pdf,INVOICE,importer.address,endereco_fornecedor,Fornecedor,alta,,address,Rua dos Araças 33 Florianópolis-Santa Catarina 88062292,sim
1925,Invoice-A443FF43-0011.pdf,INVOICE,importer.country,pais_fornecedor,Fornecedor,alta,,country,Brazil,sim
1926,Invoice-A443FF43-0011.pdf,INVOICE,importer.state,estado_provincia_fornecedor,Fornecedor,alta,,state,Santa Catarina,sim
1927,Invoice-A443FF43-0011.pdf,INVOICE,importer.city,cidade_fornecedor,Fornecedor,alta,,city,Florianópolis,sim
1928,Invoice-A443FF43-0011.pdf,INVOICE,importer.zipCode,cep_zipcode_fornecedor,Fornecedor,alta,,zipCode,88062292,sim
1929,Invoice-A443FF43-0011.pdf,INVOICE,importer.taxId,cnpj_fornecedor,Fornecedor,alta,,taxId,,nao
1930,Invoice-A443FF43-0011.pdf,INVOICE,importer.phone,telefone_fornecedor,Fornecedor,alta,,phone,,nao
1931,Invoice-A443FF43-0011.pdf,INVOICE,importer.email,email_fornecedor,Fornecedor,alta,,email,dmmltda@gmail.com,sim
1932,Invoice-A443FF43-0011.pdf,INVOICE,shipment.modal,modal_frete_internacional_processo,LogisticaInternacionalProcesso,alta,,modal,,nao
1933,Invoice-A443FF43-0011.pdf,INVOICE,shipment.carrier,,,,,carrier,,nao
1934,Invoice-A443FF43-0011.pdf,INVOICE,shipment.vesselName,,,,,vesselName,,nao
1935,Invoice-A443FF43-0011.pdf,INVOICE,shipment.airports.origin,,,,,origin,,nao
1936,Invoice-A443FF43-0011.pdf,INVOICE,shipment.airports.destination,,,,,destination,,nao
1937,Invoice-A443FF43-0011.pdf,INVOICE,shipment.ports.origin,porto_origem_processo,LogisticaInternacionalProcesso,alta,,origin,,nao
1938,Invoice-A443FF43-0011.pdf,INVOICE,shipment.ports.loading,porto_origem_processo,LogisticaInternacionalProcesso,alta,,loading,,nao
1939,Invoice-A443FF43-0011.pdf,INVOICE,shipment.ports.destination,porto_destino_processo,LogisticaInternacionalProcesso,alta,,destination,,nao
1940,Invoice-A443FF43-0011.pdf,INVOICE,shipment.ports.discharge,porto_destino_processo,LogisticaInternacionalProcesso,alta,,discharge,,nao
1941,Invoice-A443FF43-0011.pdf,INVOICE,shipment.costs.freight,,,,,freight,,nao
1942,Invoice-A443FF43-0011.pdf,INVOICE,shipment.costs.insurance,,,,,insurance,,nao
1943,Invoice-A443FF43-0011.pdf,INVOICE,containerNumbers,container_numero_processo_container,ContainerProcesso,alta,,containerNumbers,,nao
1944,Invoice-A443FF43-0011.pdf,INVOICE,payment.method,,,,,method,,nao
1945,Invoice-A443FF43-0011.pdf,INVOICE,payment.terms,condicao_pagamento_item,PedidoItem,alta,,terms,,nao
1946,Invoice-A443FF43-0011.pdf,INVOICE,bankingDetails.bankName,,,,,bankName,,nao
1947,Invoice-A443FF43-0011.pdf,INVOICE,bankingDetails.iban,,,,,iban,,nao
1948,Invoice-A443FF43-0011.pdf,INVOICE,bankingDetails.swift,,,,,swift,,nao
1949,Invoice-A443FF43-0011.pdf,INVOICE,bankingDetails.accountNumber,,,,,accountNumber,,nao
1950,Invoice-A443FF43-0011.pdf,INVOICE,bankingDetails.beneficiary,,,,,beneficiary,,nao
1951,Invoice-A443FF43-0011.pdf,INVOICE,bankingDetails.branchCode,,,,,branchCode,,nao
1952,Invoice-A443FF43-0011.pdf,INVOICE,bankingDetails.fullText,,,,,fullText,,nao
1953,Invoice-A443FF43-0011.pdf,INVOICE,packageSummary.totalGrossWeight,,,,,totalGrossWeight,,nao
1954,Invoice-A443FF43-0011.pdf,INVOICE,packageSummary.totalNetWeight,,,,,totalNetWeight,,nao
1955,Invoice-A443FF43-0011.pdf,INVOICE,packageSummary.commercialUnit,,,,,commercialUnit,,nao
1956,Invoice-A443FF43-0011.pdf,INVOICE,packageSummary.totalTareWeight,,,,,totalTareWeight,,nao
1957,Invoice-A443FF43-0011.pdf,INVOICE,packageSummary.totalCubicMeasurement,,,,,totalCubicMeasurement,,nao
1958,Invoice-A443FF43-0011.pdf,INVOICE,packageSummary.totalPackages,,,,,totalPackages,,nao
1959,Invoice-A443FF43-0011.pdf,INVOICE,currency.type,moeda_item,PedidoItem,alta,,type,BRL,sim
1960,Invoice-A443FF43-0011.pdf,INVOICE,currency.exchangeRate,,,,,exchangeRate,,nao
1961,Invoice-A443FF43-0011.pdf,INVOICE,items_quantity,,,,,items_quantity,2,sim
1962,Invoice-A443FF43-0011.pdf,INVOICE,values.totalDocumentValue,,,,,totalDocumentValue,696.43,sim
1963,Invoice-A443FF43-0011.pdf,INVOICE,values.discountsOrAdditions,,,,,discountsOrAdditions,,nao
1964,Invoice-A443FF43-0011.pdf,INVOICE,values.otherCharges,,,,,otherCharges,,nao
1965,Invoice-A443FF43-0011.pdf,INVOICE,observations,,,,,observations,"While we prefer electronic payment methods, any checks must be sent to the address below, NOT to our San Francisco office. | PAYMENT ADDRESS: Anthropic, PBC P.O. Box 104477 Pasadena, CA 91189-4477",sim
1966,Invoice-A443FF43-0011.pdf,INVOICE,isSigned,,,,,isSigned,false,sim
1967,Invoice-A443FF43-0011.pdf,INVOICE,additionalFields.Data de Vencimento,,,,,Data de Vencimento,2026-03-22,sim
1968,Invoice-A443FF43-0011.pdf,INVOICE,additionalFields.Subtotal,,,,,Subtotal,696.43,sim
1969,Invoice-A443FF43-0011.pdf,INVOICE,items[].descriptions.english,descricao_completa_item_en,PedidoItem,alta,,english,"Max plan - 20x Mar 22–Apr 22, 2026",sim
1970,Invoice-A443FF43-0011.pdf,INVOICE,items[].descriptions.portuguese,descricao_completa_item_pt,PedidoItem,alta,,portuguese,,nao
1971,Invoice-A443FF43-0011.pdf,INVOICE,items[].weights.unit,,,,,unit,,nao
1972,Invoice-A443FF43-0011.pdf,INVOICE,items[].weights.net,,,,,net,,nao
1973,Invoice-A443FF43-0011.pdf,INVOICE,items[].weights.gross,,,,,gross,,nao
1974,Invoice-A443FF43-0011.pdf,INVOICE,items[].volume.packageType,,,,,packageType,,nao
1975,Invoice-A443FF43-0011.pdf,INVOICE,items[].volume.dimensions,,,,,dimensions,,nao
1976,Invoice-A443FF43-0011.pdf,INVOICE,items[].volume.size,,,,,size,,nao
1977,Invoice-A443FF43-0011.pdf,INVOICE,items[].volume.quantity,,,,,quantity,,nao
1978,Invoice-A443FF43-0011.pdf,INVOICE,items[].partNumber,part_number_item,PedidoItem,alta,,partNumber,,nao
1979,Invoice-A443FF43-0011.pdf,INVOICE,items[].poNumber,,,,,poNumber,,nao
1980,Invoice-A443FF43-0011.pdf,INVOICE,items[].itemQuantity,,,,,itemQuantity,1,sim
1981,Invoice-A443FF43-0011.pdf,INVOICE,items[].itemCurrency,,,,,itemCurrency,BRL,sim
1982,Invoice-A443FF43-0011.pdf,INVOICE,items[].itemUnitPriceWithCurrency,,,,,itemUnitPriceWithCurrency,1100.00,sim
1983,Invoice-A443FF43-0011.pdf,INVOICE,items[].itemTotalPriceWithCurrency,,,,,itemTotalPriceWithCurrency,1100.00,sim
1984,Invoice-A443FF43-0011.pdf,INVOICE,items[].ncm,,,,,ncm,,nao
1985,Invoice-A443FF43-0011.pdf,INVOICE,items[].hsCode,,,,,hsCode,,nao
1986,Invoice-A443FF43-0011.pdf,INVOICE,items[].originCountry,,,,,originCountry,,nao
1987,Invoice-A443FF43-0011.pdf,INVOICE,items[].manufacturer,,,,,manufacturer,,nao
1988,Invoice excel para PDF dRZkfypVUmQx9Agjq1u2cpZTnOAaxEhHvqB55Apq (2).pdf,INVOICE,document.documentNumber,numero_invoice_item,PedidoItem,alta,,documentNumber,88788,sim
1989,Invoice excel para PDF dRZkfypVUmQx9Agjq1u2cpZTnOAaxEhHvqB55Apq (2).pdf,INVOICE,document.documentType,,,,,documentType,COMMERCIAL INVOICE,sim
1990,Invoice excel para PDF dRZkfypVUmQx9Agjq1u2cpZTnOAaxEhHvqB55Apq (2).pdf,INVOICE,document.documentDate,,,,,documentDate,2023-09-27,sim
1991,Invoice excel para PDF dRZkfypVUmQx9Agjq1u2cpZTnOAaxEhHvqB55Apq (2).pdf,INVOICE,document.incoterm,incoterm_item,PedidoItem,sugestao,Alternativas: incoterm_processo (LogisticaInternacionalProcesso),incoterm,FOB,sim
1992,Invoice excel para PDF dRZkfypVUmQx9Agjq1u2cpZTnOAaxEhHvqB55Apq (2).pdf,INVOICE,document.incotermLocation,,,,,incotermLocation,SHANGHAI,sim
1993,Invoice excel para PDF dRZkfypVUmQx9Agjq1u2cpZTnOAaxEhHvqB55Apq (2).pdf,INVOICE,document.originCountry,,,,,originCountry,,nao
1994,Invoice excel para PDF dRZkfypVUmQx9Agjq1u2cpZTnOAaxEhHvqB55Apq (2).pdf,INVOICE,document.countryOfAcquisition,,,,,countryOfAcquisition,,nao
1995,Invoice excel para PDF dRZkfypVUmQx9Agjq1u2cpZTnOAaxEhHvqB55Apq (2).pdf,INVOICE,document.countryOfProvenance,,,,,countryOfProvenance,,nao
1996,Invoice excel para PDF dRZkfypVUmQx9Agjq1u2cpZTnOAaxEhHvqB55Apq (2).pdf,INVOICE,document.shippedOnBoardDate,,,,,shippedOnBoardDate,,nao
1997,Invoice excel para PDF dRZkfypVUmQx9Agjq1u2cpZTnOAaxEhHvqB55Apq (2).pdf,INVOICE,exporter.name,nome_exportador_item,PedidoItem,sugestao,Alternativas: nome_fornecedor (Fornecedor),name,"TAIZHOU OUNIC IMPORT & EXPORT CO., LTD.",sim
1998,Invoice excel para PDF dRZkfypVUmQx9Agjq1u2cpZTnOAaxEhHvqB55Apq (2).pdf,INVOICE,exporter.address,endereco_fornecedor,Fornecedor,alta,,address,"3 FLOOR,4 BUILDING,NO.2880,DEVELOPMENT AVENUE, SANJIA STREET, TAIZHOU BAY NEW DISTRICT,TAIZHOU CITY, ZHEJIANG PROVINCE",sim
1999,Invoice excel para PDF dRZkfypVUmQx9Agjq1u2cpZTnOAaxEhHvqB55Apq (2).pdf,INVOICE,exporter.country,pais_fornecedor,Fornecedor,alta,,country,CHINA,sim
2000,Invoice excel para PDF dRZkfypVUmQx9Agjq1u2cpZTnOAaxEhHvqB55Apq (2).pdf,INVOICE,exporter.state,estado_provincia_fornecedor,Fornecedor,alta,,state,ZHEJIANG PROVINCE,sim
2001,Invoice excel para PDF dRZkfypVUmQx9Agjq1u2cpZTnOAaxEhHvqB55Apq (2).pdf,INVOICE,exporter.city,cidade_fornecedor,Fornecedor,alta,,city,TAIZHOU CITY,sim
2002,Invoice excel para PDF dRZkfypVUmQx9Agjq1u2cpZTnOAaxEhHvqB55Apq (2).pdf,INVOICE,exporter.zipCode,cep_zipcode_fornecedor,Fornecedor,alta,,zipCode,,nao
2003,Invoice excel para PDF dRZkfypVUmQx9Agjq1u2cpZTnOAaxEhHvqB55Apq (2).pdf,INVOICE,exporter.taxId,tin_fornecedor,Fornecedor,alta,,taxId,,nao
2004,Invoice excel para PDF dRZkfypVUmQx9Agjq1u2cpZTnOAaxEhHvqB55Apq (2).pdf,INVOICE,exporter.phone,telefone_fornecedor,Fornecedor,alta,,phone,,nao
2005,Invoice excel para PDF dRZkfypVUmQx9Agjq1u2cpZTnOAaxEhHvqB55Apq (2).pdf,INVOICE,exporter.email,email_fornecedor,Fornecedor,alta,,email,,nao
2006,Invoice excel para PDF dRZkfypVUmQx9Agjq1u2cpZTnOAaxEhHvqB55Apq (2).pdf,INVOICE,importer.name,nome_importador_item,PedidoItem,sugestao,Alternativas: nome_fornecedor (Fornecedor),name,MENEGOTTI INDUSTRIAS METALURGICAS LTDA.,sim
2007,Invoice excel para PDF dRZkfypVUmQx9Agjq1u2cpZTnOAaxEhHvqB55Apq (2).pdf,INVOICE,importer.address,endereco_fornecedor,Fornecedor,alta,,address,"R JOSE THEODORO RIBEIRO, 2399, GALPAO01 - ILHA DA FIGUEIRA",sim
2008,Invoice excel para PDF dRZkfypVUmQx9Agjq1u2cpZTnOAaxEhHvqB55Apq (2).pdf,INVOICE,importer.country,pais_fornecedor,Fornecedor,alta,,country,BRASIL,sim
2009,Invoice excel para PDF dRZkfypVUmQx9Agjq1u2cpZTnOAaxEhHvqB55Apq (2).pdf,INVOICE,importer.state,estado_provincia_fornecedor,Fornecedor,alta,,state,SC,sim
2010,Invoice excel para PDF dRZkfypVUmQx9Agjq1u2cpZTnOAaxEhHvqB55Apq (2).pdf,INVOICE,importer.city,cidade_fornecedor,Fornecedor,alta,,city,JARAGUA DO SUL,sim
2011,Invoice excel para PDF dRZkfypVUmQx9Agjq1u2cpZTnOAaxEhHvqB55Apq (2).pdf,INVOICE,importer.zipCode,cep_zipcode_fornecedor,Fornecedor,alta,,zipCode,CEP 89258-468,sim
2012,Invoice excel para PDF dRZkfypVUmQx9Agjq1u2cpZTnOAaxEhHvqB55Apq (2).pdf,INVOICE,importer.taxId,cnpj_fornecedor,Fornecedor,alta,,taxId,CNPJ 84.431.154/0006-32,sim
2013,Invoice excel para PDF dRZkfypVUmQx9Agjq1u2cpZTnOAaxEhHvqB55Apq (2).pdf,INVOICE,importer.phone,telefone_fornecedor,Fornecedor,alta,,phone,,nao
2014,Invoice excel para PDF dRZkfypVUmQx9Agjq1u2cpZTnOAaxEhHvqB55Apq (2).pdf,INVOICE,importer.email,email_fornecedor,Fornecedor,alta,,email,,nao
2015,Invoice excel para PDF dRZkfypVUmQx9Agjq1u2cpZTnOAaxEhHvqB55Apq (2).pdf,INVOICE,shipment.modal,modal_frete_internacional_processo,LogisticaInternacionalProcesso,alta,,modal,,nao
2016,Invoice excel para PDF dRZkfypVUmQx9Agjq1u2cpZTnOAaxEhHvqB55Apq (2).pdf,INVOICE,shipment.carrier,,,,,carrier,,nao
2017,Invoice excel para PDF dRZkfypVUmQx9Agjq1u2cpZTnOAaxEhHvqB55Apq (2).pdf,INVOICE,shipment.vesselName,,,,,vesselName,,nao
2018,Invoice excel para PDF dRZkfypVUmQx9Agjq1u2cpZTnOAaxEhHvqB55Apq (2).pdf,INVOICE,shipment.airports.origin,,,,,origin,,nao
2019,Invoice excel para PDF dRZkfypVUmQx9Agjq1u2cpZTnOAaxEhHvqB55Apq (2).pdf,INVOICE,shipment.airports.destination,,,,,destination,,nao
2020,Invoice excel para PDF dRZkfypVUmQx9Agjq1u2cpZTnOAaxEhHvqB55Apq (2).pdf,INVOICE,shipment.ports.origin,porto_origem_processo,LogisticaInternacionalProcesso,alta,,origin,,nao
2021,Invoice excel para PDF dRZkfypVUmQx9Agjq1u2cpZTnOAaxEhHvqB55Apq (2).pdf,INVOICE,shipment.ports.loading,porto_origem_processo,LogisticaInternacionalProcesso,alta,,loading,"SHANGHAI,CHINA",sim
2022,Invoice excel para PDF dRZkfypVUmQx9Agjq1u2cpZTnOAaxEhHvqB55Apq (2).pdf,INVOICE,shipment.ports.destination,porto_destino_processo,LogisticaInternacionalProcesso,alta,,destination,,nao
2023,Invoice excel para PDF dRZkfypVUmQx9Agjq1u2cpZTnOAaxEhHvqB55Apq (2).pdf,INVOICE,shipment.ports.discharge,porto_destino_processo,LogisticaInternacionalProcesso,alta,,discharge,"NAVEGANTES, BRAZIL",sim
2024,Invoice excel para PDF dRZkfypVUmQx9Agjq1u2cpZTnOAaxEhHvqB55Apq (2).pdf,INVOICE,shipment.costs.freight,,,,,freight,,nao
2025,Invoice excel para PDF dRZkfypVUmQx9Agjq1u2cpZTnOAaxEhHvqB55Apq (2).pdf,INVOICE,shipment.costs.insurance,,,,,insurance,,nao
2026,Invoice excel para PDF dRZkfypVUmQx9Agjq1u2cpZTnOAaxEhHvqB55Apq (2).pdf,INVOICE,containerNumbers,container_numero_processo_container,ContainerProcesso,alta,,containerNumbers,,nao
2027,Invoice excel para PDF dRZkfypVUmQx9Agjq1u2cpZTnOAaxEhHvqB55Apq (2).pdf,INVOICE,payment.method,,,,,method,,nao
2028,Invoice excel para PDF dRZkfypVUmQx9Agjq1u2cpZTnOAaxEhHvqB55Apq (2).pdf,INVOICE,payment.terms,condicao_pagamento_item,PedidoItem,alta,,terms,100% AGAINST BL COPY,sim
2029,Invoice excel para PDF dRZkfypVUmQx9Agjq1u2cpZTnOAaxEhHvqB55Apq (2).pdf,INVOICE,bankingDetails.bankName,,,,,bankName,,nao
2030,Invoice excel para PDF dRZkfypVUmQx9Agjq1u2cpZTnOAaxEhHvqB55Apq (2).pdf,INVOICE,bankingDetails.iban,,,,,iban,,nao
2031,Invoice excel para PDF dRZkfypVUmQx9Agjq1u2cpZTnOAaxEhHvqB55Apq (2).pdf,INVOICE,bankingDetails.swift,,,,,swift,,nao
2032,Invoice excel para PDF dRZkfypVUmQx9Agjq1u2cpZTnOAaxEhHvqB55Apq (2).pdf,INVOICE,bankingDetails.accountNumber,,,,,accountNumber,,nao
2033,Invoice excel para PDF dRZkfypVUmQx9Agjq1u2cpZTnOAaxEhHvqB55Apq (2).pdf,INVOICE,bankingDetails.beneficiary,,,,,beneficiary,,nao
2034,Invoice excel para PDF dRZkfypVUmQx9Agjq1u2cpZTnOAaxEhHvqB55Apq (2).pdf,INVOICE,bankingDetails.branchCode,,,,,branchCode,,nao
2035,Invoice excel para PDF dRZkfypVUmQx9Agjq1u2cpZTnOAaxEhHvqB55Apq (2).pdf,INVOICE,bankingDetails.fullText,,,,,fullText,,nao
2036,Invoice excel para PDF dRZkfypVUmQx9Agjq1u2cpZTnOAaxEhHvqB55Apq (2).pdf,INVOICE,packageSummary.totalGrossWeight,,,,,totalGrossWeight,24820.00KGS,sim
2037,Invoice excel para PDF dRZkfypVUmQx9Agjq1u2cpZTnOAaxEhHvqB55Apq (2).pdf,INVOICE,packageSummary.totalNetWeight,,,,,totalNetWeight,23623.00KGS,sim
2038,Invoice excel para PDF dRZkfypVUmQx9Agjq1u2cpZTnOAaxEhHvqB55Apq (2).pdf,INVOICE,packageSummary.commercialUnit,,,,,commercialUnit,,nao
2039,Invoice excel para PDF dRZkfypVUmQx9Agjq1u2cpZTnOAaxEhHvqB55Apq (2).pdf,INVOICE,packageSummary.totalTareWeight,,,,,totalTareWeight,,nao
2040,Invoice excel para PDF dRZkfypVUmQx9Agjq1u2cpZTnOAaxEhHvqB55Apq (2).pdf,INVOICE,packageSummary.totalCubicMeasurement,,,,,totalCubicMeasurement,,nao
2041,Invoice excel para PDF dRZkfypVUmQx9Agjq1u2cpZTnOAaxEhHvqB55Apq (2).pdf,INVOICE,packageSummary.totalPackages,,,,,totalPackages,28 PLYWOOD PALLETS,sim
2042,Invoice excel para PDF dRZkfypVUmQx9Agjq1u2cpZTnOAaxEhHvqB55Apq (2).pdf,INVOICE,currency.type,moeda_item,PedidoItem,alta,,type,USD,sim
2043,Invoice excel para PDF dRZkfypVUmQx9Agjq1u2cpZTnOAaxEhHvqB55Apq (2).pdf,INVOICE,currency.exchangeRate,,,,,exchangeRate,,nao
2044,Invoice excel para PDF dRZkfypVUmQx9Agjq1u2cpZTnOAaxEhHvqB55Apq (2).pdf,INVOICE,items_quantity,,,,,items_quantity,11,sim
2045,Invoice excel para PDF dRZkfypVUmQx9Agjq1u2cpZTnOAaxEhHvqB55Apq (2).pdf,INVOICE,values.totalDocumentValue,,,,,totalDocumentValue,58675.64,sim
2046,Invoice excel para PDF dRZkfypVUmQx9Agjq1u2cpZTnOAaxEhHvqB55Apq (2).pdf,INVOICE,values.discountsOrAdditions,,,,,discountsOrAdditions,,nao
2047,Invoice excel para PDF dRZkfypVUmQx9Agjq1u2cpZTnOAaxEhHvqB55Apq (2).pdf,INVOICE,values.otherCharges,,,,,otherCharges,,nao
2048,Invoice excel para PDF dRZkfypVUmQx9Agjq1u2cpZTnOAaxEhHvqB55Apq (2).pdf,INVOICE,observations,,,,,observations,,nao
2049,Invoice excel para PDF dRZkfypVUmQx9Agjq1u2cpZTnOAaxEhHvqB55Apq (2).pdf,INVOICE,isSigned,,,,,isSigned,false,sim
2050,Invoice excel para PDF dRZkfypVUmQx9Agjq1u2cpZTnOAaxEhHvqB55Apq (2).pdf,INVOICE,additionalFields.Fabricante,,,,,Fabricante,"ZHEJIANG OURONG MACHINERY CO., LTD.",sim
2051,Invoice excel para PDF dRZkfypVUmQx9Agjq1u2cpZTnOAaxEhHvqB55Apq (2).pdf,INVOICE,additionalFields.Porto de Entrega,,,,,Porto de Entrega,"NAVEGANTES, BRAZIL",sim
2052,Invoice excel para PDF dRZkfypVUmQx9Agjq1u2cpZTnOAaxEhHvqB55Apq (2).pdf,INVOICE,items[].descriptions.english,descricao_completa_item_en,PedidoItem,alta,,english,ELECTRIC HOIST 500Kg / 1000Kg(220V),sim
2053,Invoice excel para PDF dRZkfypVUmQx9Agjq1u2cpZTnOAaxEhHvqB55Apq (2).pdf,INVOICE,items[].descriptions.portuguese,descricao_completa_item_pt,PedidoItem,alta,,portuguese,,nao
2054,Invoice excel para PDF dRZkfypVUmQx9Agjq1u2cpZTnOAaxEhHvqB55Apq (2).pdf,INVOICE,items[].weights.unit,,,,,unit,PCS,sim
2055,Invoice excel para PDF dRZkfypVUmQx9Agjq1u2cpZTnOAaxEhHvqB55Apq (2).pdf,INVOICE,items[].weights.net,,,,,net,,nao
2056,Invoice excel para PDF dRZkfypVUmQx9Agjq1u2cpZTnOAaxEhHvqB55Apq (2).pdf,INVOICE,items[].weights.gross,,,,,gross,,nao
2057,Invoice excel para PDF dRZkfypVUmQx9Agjq1u2cpZTnOAaxEhHvqB55Apq (2).pdf,INVOICE,items[].volume.packageType,,,,,packageType,,nao
2058,Invoice excel para PDF dRZkfypVUmQx9Agjq1u2cpZTnOAaxEhHvqB55Apq (2).pdf,INVOICE,items[].volume.dimensions,,,,,dimensions,,nao
2059,Invoice excel para PDF dRZkfypVUmQx9Agjq1u2cpZTnOAaxEhHvqB55Apq (2).pdf,INVOICE,items[].volume.size,,,,,size,,nao
2060,Invoice excel para PDF dRZkfypVUmQx9Agjq1u2cpZTnOAaxEhHvqB55Apq (2).pdf,INVOICE,items[].volume.quantity,,,,,quantity,,nao
2061,Invoice excel para PDF dRZkfypVUmQx9Agjq1u2cpZTnOAaxEhHvqB55Apq (2).pdf,INVOICE,items[].partNumber,part_number_item,PedidoItem,alta,,partNumber,40231021,sim
2062,Invoice excel para PDF dRZkfypVUmQx9Agjq1u2cpZTnOAaxEhHvqB55Apq (2).pdf,INVOICE,items[].poNumber,,,,,poNumber,ORDER 88788,sim
2063,Invoice excel para PDF dRZkfypVUmQx9Agjq1u2cpZTnOAaxEhHvqB55Apq (2).pdf,INVOICE,items[].itemQuantity,,,,,itemQuantity,360,sim
2064,Invoice excel para PDF dRZkfypVUmQx9Agjq1u2cpZTnOAaxEhHvqB55Apq (2).pdf,INVOICE,items[].itemCurrency,,,,,itemCurrency,USD,sim
2065,Invoice excel para PDF dRZkfypVUmQx9Agjq1u2cpZTnOAaxEhHvqB55Apq (2).pdf,INVOICE,items[].itemUnitPriceWithCurrency,,,,,itemUnitPriceWithCurrency,76.50,sim
2066,Invoice excel para PDF dRZkfypVUmQx9Agjq1u2cpZTnOAaxEhHvqB55Apq (2).pdf,INVOICE,items[].itemTotalPriceWithCurrency,,,,,itemTotalPriceWithCurrency,27540.00,sim
2067,Invoice excel para PDF dRZkfypVUmQx9Agjq1u2cpZTnOAaxEhHvqB55Apq (2).pdf,INVOICE,items[].ncm,,,,,ncm,,nao
2068,Invoice excel para PDF dRZkfypVUmQx9Agjq1u2cpZTnOAaxEhHvqB55Apq (2).pdf,INVOICE,items[].hsCode,,,,,hsCode,,nao
2069,Invoice excel para PDF dRZkfypVUmQx9Agjq1u2cpZTnOAaxEhHvqB55Apq (2).pdf,INVOICE,items[].originCountry,,,,,originCountry,,nao
2070,Invoice excel para PDF dRZkfypVUmQx9Agjq1u2cpZTnOAaxEhHvqB55Apq (2).pdf,INVOICE,items[].manufacturer,,,,,manufacturer,,nao
2071,invoices.pdf,INVOICE,document.documentNumber,numero_invoice_item,PedidoItem,alta,,documentNumber,2250090,sim
2072,invoices.pdf,INVOICE,document.documentType,,,,,documentType,Invoice,sim
2073,invoices.pdf,INVOICE,document.documentDate,,,,,documentDate,2025-01-16,sim
2074,invoices.pdf,INVOICE,document.incoterm,incoterm_item,PedidoItem,sugestao,Alternativas: incoterm_processo (LogisticaInternacionalProcesso),incoterm,EXW,sim
2075,invoices.pdf,INVOICE,document.incotermLocation,,,,,incotermLocation,EX WORKS,sim
2076,invoices.pdf,INVOICE,document.originCountry,,,,,originCountry,ITALY,sim
2077,invoices.pdf,INVOICE,document.countryOfAcquisition,,,,,countryOfAcquisition,,nao
2078,invoices.pdf,INVOICE,document.countryOfProvenance,,,,,countryOfProvenance,,nao
2079,invoices.pdf,INVOICE,document.shippedOnBoardDate,,,,,shippedOnBoardDate,,nao
2080,invoices.pdf,INVOICE,exporter.name,nome_exportador_item,PedidoItem,sugestao,Alternativas: nome_fornecedor (Fornecedor),name,PERONI POMPE SpA,sim
2081,invoices.pdf,INVOICE,exporter.address,endereco_fornecedor,Fornecedor,alta,,address,"Via Tacito, 4 - 20094 Corsico (MI) Italia",sim
2082,invoices.pdf,INVOICE,exporter.country,pais_fornecedor,Fornecedor,alta,,country,Italy,sim
2083,invoices.pdf,INVOICE,exporter.state,estado_provincia_fornecedor,Fornecedor,alta,,state,,nao
2084,invoices.pdf,INVOICE,exporter.city,cidade_fornecedor,Fornecedor,alta,,city,Corsico,sim
2085,invoices.pdf,INVOICE,exporter.zipCode,cep_zipcode_fornecedor,Fornecedor,alta,,zipCode,20094,sim
2086,invoices.pdf,INVOICE,exporter.taxId,tin_fornecedor,Fornecedor,alta,,taxId,IT 00745820159,sim
2087,invoices.pdf,INVOICE,exporter.phone,telefone_fornecedor,Fornecedor,alta,,phone,+39 02 489 40.1,sim
2088,invoices.pdf,INVOICE,exporter.email,email_fornecedor,Fornecedor,alta,,email,,nao
2089,invoices.pdf,INVOICE,importer.name,nome_importador_item,PedidoItem,sugestao,Alternativas: nome_fornecedor (Fornecedor),name,SUPERQUIP SERVICOS E EQUIPAMENTOS TECNICOS LTDA,sim
2090,invoices.pdf,INVOICE,importer.address,endereco_fornecedor,Fornecedor,alta,,address,RUA MEXICO 3-18° ANDAR CENTRO 20031-144 RIO DE JANEIRO RJ BRASILEIRA,sim
2091,invoices.pdf,INVOICE,importer.country,pais_fornecedor,Fornecedor,alta,,country,BRASIL,sim
2092,invoices.pdf,INVOICE,importer.state,estado_provincia_fornecedor,Fornecedor,alta,,state,RJ,sim
2093,invoices.pdf,INVOICE,importer.city,cidade_fornecedor,Fornecedor,alta,,city,RIO DE JANEIRO,sim
2094,invoices.pdf,INVOICE,importer.zipCode,cep_zipcode_fornecedor,Fornecedor,alta,,zipCode,20031-144,sim
2095,invoices.pdf,INVOICE,importer.taxId,cnpj_fornecedor,Fornecedor,alta,,taxId,CNPJ30712061/0001-42,sim
2096,invoices.pdf,INVOICE,importer.phone,telefone_fornecedor,Fornecedor,alta,,phone,+55.21.22625355,sim
2097,invoices.pdf,INVOICE,importer.email,email_fornecedor,Fornecedor,alta,,email,,nao
2098,invoices.pdf,INVOICE,shipment.modal,modal_frete_internacional_processo,LogisticaInternacionalProcesso,alta,,modal,,nao
2099,invoices.pdf,INVOICE,shipment.carrier,,,,,carrier,,nao
2100,invoices.pdf,INVOICE,shipment.vesselName,,,,,vesselName,,nao
2101,invoices.pdf,INVOICE,shipment.airports.origin,,,,,origin,,nao
2102,invoices.pdf,INVOICE,shipment.airports.destination,,,,,destination,,nao
2103,invoices.pdf,INVOICE,shipment.ports.origin,porto_origem_processo,LogisticaInternacionalProcesso,alta,,origin,,nao
2104,invoices.pdf,INVOICE,shipment.ports.loading,porto_origem_processo,LogisticaInternacionalProcesso,alta,,loading,,nao
2105,invoices.pdf,INVOICE,shipment.ports.destination,porto_destino_processo,LogisticaInternacionalProcesso,alta,,destination,,nao
2106,invoices.pdf,INVOICE,shipment.ports.discharge,porto_destino_processo,LogisticaInternacionalProcesso,alta,,discharge,,nao
2107,invoices.pdf,INVOICE,shipment.costs.freight,,,,,freight,,nao
2108,invoices.pdf,INVOICE,shipment.costs.insurance,,,,,insurance,,nao
2109,invoices.pdf,INVOICE,containerNumbers,container_numero_processo_container,ContainerProcesso,alta,,containerNumbers,,nao
2110,invoices.pdf,INVOICE,payment.method,,,,,method,,nao
2111,invoices.pdf,INVOICE,payment.terms,condicao_pagamento_item,PedidoItem,alta,,terms,60 DAYS INVOICE DATE,sim
2112,invoices.pdf,INVOICE,bankingDetails.bankName,,,,,bankName,BANCO BPM S.P.A.,sim
2113,invoices.pdf,INVOICE,bankingDetails.iban,,,,,iban,IT88H0503420100000000001975,sim
2114,invoices.pdf,INVOICE,bankingDetails.swift,,,,,swift,BAPPIT21AI6,sim
2115,invoices.pdf,INVOICE,bankingDetails.accountNumber,,,,,accountNumber,,nao
2116,invoices.pdf,INVOICE,bankingDetails.beneficiary,,,,,beneficiary,,nao
2117,invoices.pdf,INVOICE,bankingDetails.branchCode,,,,,branchCode,,nao
2118,invoices.pdf,INVOICE,bankingDetails.fullText,,,,,fullText,"BANCO BPM S.P.A. SWIFT BAPPIT21AI6 VICOLO CONCORDIA, 7-9 BOLLATE MI IBAN:IT88H0503420100000000001975",sim
2119,invoices.pdf,INVOICE,packageSummary.totalGrossWeight,,,,,totalGrossWeight,"9,00 KG",sim
2120,invoices.pdf,INVOICE,packageSummary.totalNetWeight,,,,,totalNetWeight,"8,22 KG",sim
2121,invoices.pdf,INVOICE,packageSummary.commercialUnit,,,,,commercialUnit,Boxes,sim
2122,invoices.pdf,INVOICE,packageSummary.totalTareWeight,,,,,totalTareWeight,,nao
2123,invoices.pdf,INVOICE,packageSummary.totalCubicMeasurement,,,,,totalCubicMeasurement,"0,04 MC",sim
2124,invoices.pdf,INVOICE,packageSummary.totalPackages,,,,,totalPackages,"1,00",sim
2125,invoices.pdf,INVOICE,currency.type,moeda_item,PedidoItem,alta,,type,Eur,sim
2126,invoices.pdf,INVOICE,currency.exchangeRate,,,,,exchangeRate,,nao
2127,invoices.pdf,INVOICE,items_quantity,,,,,items_quantity,2,sim
2128,invoices.pdf,INVOICE,values.totalDocumentValue,,,,,totalDocumentValue,3179.00,sim
2129,invoices.pdf,INVOICE,values.discountsOrAdditions,,,,,discountsOrAdditions,,nao
2130,invoices.pdf,INVOICE,values.otherCharges,,,,,otherCharges,,nao
2131,invoices.pdf,INVOICE,observations,,,,,observations,DEL. NO 157068 of 16/01/25 Our ref. 2819567 B | Your ref. order 28/10/24 003W/24 Our ref. order 4 24684 NI | GOODS OF ITALIAN ORIGIN DESTINED TO EXPORT | COMMODITY: SPARE PARTS FOR PUMPS | CUSTOMS TARIFF: 8413.9100 | NO. 1 CARTON BOX DIM CMS 40x30x30,sim
2132,invoices.pdf,INVOICE,isSigned,,,,,isSigned,false,sim
2133,invoices.pdf,INVOICE,additionalFields.Código do Cliente,,,,,Código do Cliente,0503SU20000,sim
2134,invoices.pdf,INVOICE,additionalFields.Ordem de Trabalho,,,,,Ordem de Trabalho,4O684,sim
2135,invoices.pdf,INVOICE,items[].descriptions.english,descricao_completa_item_en,PedidoItem,alta,,english,EXTENSION,sim
2136,invoices.pdf,INVOICE,items[].descriptions.portuguese,descricao_completa_item_pt,PedidoItem,alta,,portuguese,,nao
2137,invoices.pdf,INVOICE,items[].weights.unit,,,,,unit,PZ,sim
2138,invoices.pdf,INVOICE,items[].weights.net,,,,,net,,nao
2139,invoices.pdf,INVOICE,items[].weights.gross,,,,,gross,,nao
2140,invoices.pdf,INVOICE,items[].volume.packageType,,,,,packageType,,nao
2141,invoices.pdf,INVOICE,items[].volume.dimensions,,,,,dimensions,,nao
2142,invoices.pdf,INVOICE,items[].volume.size,,,,,size,,nao
2143,invoices.pdf,INVOICE,items[].volume.quantity,,,,,quantity,,nao
2144,invoices.pdf,INVOICE,items[].partNumber,part_number_item,PedidoItem,alta,,partNumber,3100N025201DK19,sim
2145,invoices.pdf,INVOICE,items[].poNumber,,,,,poNumber,4513772304,sim
2146,invoices.pdf,INVOICE,items[].itemQuantity,,,,,itemQuantity,"3,00",sim
2147,invoices.pdf,INVOICE,items[].itemCurrency,,,,,itemCurrency,Eur,sim
2148,invoices.pdf,INVOICE,items[].itemUnitPriceWithCurrency,,,,,itemUnitPriceWithCurrency,"293,000",sim
2149,invoices.pdf,INVOICE,items[].itemTotalPriceWithCurrency,,,,,itemTotalPriceWithCurrency,"879,00",sim
2150,invoices.pdf,INVOICE,items[].ncm,,,,,ncm,,nao
2151,invoices.pdf,INVOICE,items[].hsCode,,,,,hsCode,,nao
2152,invoices.pdf,INVOICE,items[].originCountry,,,,,originCountry,,nao
2153,invoices.pdf,INVOICE,items[].manufacturer,,,,,manufacturer,,nao
2154,invoices.pdf,INVOICE,document.documentNumber,numero_invoice_item,PedidoItem,alta,,documentNumber,2250182,sim
2155,invoices.pdf,INVOICE,document.documentType,,,,,documentType,Invoice,sim
2156,invoices.pdf,INVOICE,document.documentDate,,,,,documentDate,2025-02-13,sim
2157,invoices.pdf,INVOICE,document.incoterm,incoterm_item,PedidoItem,sugestao,Alternativas: incoterm_processo (LogisticaInternacionalProcesso),incoterm,EXW,sim
2158,invoices.pdf,INVOICE,document.incotermLocation,,,,,incotermLocation,EX WORKS,sim
2159,invoices.pdf,INVOICE,document.originCountry,,,,,originCountry,ITALY,sim
2160,invoices.pdf,INVOICE,document.countryOfAcquisition,,,,,countryOfAcquisition,,nao
2161,invoices.pdf,INVOICE,document.countryOfProvenance,,,,,countryOfProvenance,,nao
2162,invoices.pdf,INVOICE,document.shippedOnBoardDate,,,,,shippedOnBoardDate,,nao
2163,invoices.pdf,INVOICE,exporter.name,nome_exportador_item,PedidoItem,sugestao,Alternativas: nome_fornecedor (Fornecedor),name,PERONI POMPE SpA,sim
2164,invoices.pdf,INVOICE,exporter.address,endereco_fornecedor,Fornecedor,alta,,address,"Via Tacito, 4 - 20094 Corsico (MI) Italia",sim
2165,invoices.pdf,INVOICE,exporter.country,pais_fornecedor,Fornecedor,alta,,country,Italy,sim
2166,invoices.pdf,INVOICE,exporter.state,estado_provincia_fornecedor,Fornecedor,alta,,state,,nao
2167,invoices.pdf,INVOICE,exporter.city,cidade_fornecedor,Fornecedor,alta,,city,Corsico,sim
2168,invoices.pdf,INVOICE,exporter.zipCode,cep_zipcode_fornecedor,Fornecedor,alta,,zipCode,20094,sim
2169,invoices.pdf,INVOICE,exporter.taxId,tin_fornecedor,Fornecedor,alta,,taxId,IT 00745820159,sim
2170,invoices.pdf,INVOICE,exporter.phone,telefone_fornecedor,Fornecedor,alta,,phone,+39 02 489 40.1,sim
2171,invoices.pdf,INVOICE,exporter.email,email_fornecedor,Fornecedor,alta,,email,,nao
2172,invoices.pdf,INVOICE,importer.name,nome_importador_item,PedidoItem,sugestao,Alternativas: nome_fornecedor (Fornecedor),name,SUPERQUIP SERVICOS E EQUIPAMENTOS TECNICOS LTDA,sim
2173,invoices.pdf,INVOICE,importer.address,endereco_fornecedor,Fornecedor,alta,,address,RUA MEXICO 3-18° ANDAR CENTRO 20031-144 RIO DE JANEIRO RJ BRASILEIRA,sim
2174,invoices.pdf,INVOICE,importer.country,pais_fornecedor,Fornecedor,alta,,country,BRASIL,sim
2175,invoices.pdf,INVOICE,importer.state,estado_provincia_fornecedor,Fornecedor,alta,,state,RJ,sim
2176,invoices.pdf,INVOICE,importer.city,cidade_fornecedor,Fornecedor,alta,,city,RIO DE JANEIRO,sim
2177,invoices.pdf,INVOICE,importer.zipCode,cep_zipcode_fornecedor,Fornecedor,alta,,zipCode,20031-144,sim
2178,invoices.pdf,INVOICE,importer.taxId,cnpj_fornecedor,Fornecedor,alta,,taxId,CNPJ30712061/0001-42,sim
2179,invoices.pdf,INVOICE,importer.phone,telefone_fornecedor,Fornecedor,alta,,phone,+55.21.22625355,sim
2180,invoices.pdf,INVOICE,importer.email,email_fornecedor,Fornecedor,alta,,email,,nao
2181,invoices.pdf,INVOICE,shipment.modal,modal_frete_internacional_processo,LogisticaInternacionalProcesso,alta,,modal,,nao
2182,invoices.pdf,INVOICE,shipment.carrier,,,,,carrier,,nao
2183,invoices.pdf,INVOICE,shipment.vesselName,,,,,vesselName,,nao
2184,invoices.pdf,INVOICE,shipment.airports.origin,,,,,origin,,nao
2185,invoices.pdf,INVOICE,shipment.airports.destination,,,,,destination,,nao
2186,invoices.pdf,INVOICE,shipment.ports.origin,porto_origem_processo,LogisticaInternacionalProcesso,alta,,origin,,nao
2187,invoices.pdf,INVOICE,shipment.ports.loading,porto_origem_processo,LogisticaInternacionalProcesso,alta,,loading,,nao
2188,invoices.pdf,INVOICE,shipment.ports.destination,porto_destino_processo,LogisticaInternacionalProcesso,alta,,destination,,nao
2189,invoices.pdf,INVOICE,shipment.ports.discharge,porto_destino_processo,LogisticaInternacionalProcesso,alta,,discharge,,nao
2190,invoices.pdf,INVOICE,shipment.costs.freight,,,,,freight,,nao
2191,invoices.pdf,INVOICE,shipment.costs.insurance,,,,,insurance,,nao
2192,invoices.pdf,INVOICE,containerNumbers,container_numero_processo_container,ContainerProcesso,alta,,containerNumbers,,nao
2193,invoices.pdf,INVOICE,payment.method,,,,,method,,nao
2194,invoices.pdf,INVOICE,payment.terms,condicao_pagamento_item,PedidoItem,alta,,terms,60 DAYS INVOICE DATE,sim
2195,invoices.pdf,INVOICE,bankingDetails.bankName,,,,,bankName,BANCO BPM S.P.A.,sim
2196,invoices.pdf,INVOICE,bankingDetails.iban,,,,,iban,IT88H0503420100000000001975,sim
2197,invoices.pdf,INVOICE,bankingDetails.swift,,,,,swift,BAPPIT21AI6,sim
2198,invoices.pdf,INVOICE,bankingDetails.accountNumber,,,,,accountNumber,,nao
2199,invoices.pdf,INVOICE,bankingDetails.beneficiary,,,,,beneficiary,,nao
2200,invoices.pdf,INVOICE,bankingDetails.branchCode,,,,,branchCode,,nao
2201,invoices.pdf,INVOICE,bankingDetails.fullText,,,,,fullText,"BANCO BPM S.P.A. SWIFT BAPPIT22 VICOLO CONCORDIA, 7-9 BOLLATE MI IBAN:IT88H0503420100000000001975",sim
2202,invoices.pdf,INVOICE,packageSummary.totalGrossWeight,,,,,totalGrossWeight,"0,95 KG",sim
2203,invoices.pdf,INVOICE,packageSummary.totalNetWeight,,,,,totalNetWeight,"0,65 KG",sim
2204,invoices.pdf,INVOICE,packageSummary.commercialUnit,,,,,commercialUnit,Boxes,sim
2205,invoices.pdf,INVOICE,packageSummary.totalTareWeight,,,,,totalTareWeight,,nao
2206,invoices.pdf,INVOICE,packageSummary.totalCubicMeasurement,,,,,totalCubicMeasurement,"0,01 MC",sim
2207,invoices.pdf,INVOICE,packageSummary.totalPackages,,,,,totalPackages,"1,00",sim
2208,invoices.pdf,INVOICE,currency.type,moeda_item,PedidoItem,alta,,type,Eur,sim
2209,invoices.pdf,INVOICE,currency.exchangeRate,,,,,exchangeRate,,nao
2210,invoices.pdf,INVOICE,items_quantity,,,,,items_quantity,1,sim
2211,invoices.pdf,INVOICE,values.totalDocumentValue,,,,,totalDocumentValue,1040.00,sim
2212,invoices.pdf,INVOICE,values.discountsOrAdditions,,,,,discountsOrAdditions,,nao
2213,invoices.pdf,INVOICE,values.otherCharges,,,,,otherCharges,,nao
2214,invoices.pdf,INVOICE,observations,,,,,observations,DEL. NO 157155 of 13/02/25 Our ref. 2819891 B | Your ref. order 20/12/24 003AH/24 Our ref. order 4 25017 2033/95 | GOODS OF ITALIAN ORIGIN DESTINED TO EXPORT | COMMODITY: SPARE PARTS FOR PUMPS | CUSTOMS TARIFF: 8413.9100 | NO. 1 CARTON BOX DIM CMS 30x20x20,sim
2215,invoices.pdf,INVOICE,isSigned,,,,,isSigned,false,sim
2216,invoices.pdf,INVOICE,additionalFields.Código do Cliente,,,,,Código do Cliente,0503SU20000,sim
2217,invoices.pdf,INVOICE,additionalFields.Ordem de Trabalho,,,,,Ordem de Trabalho,4P017,sim
2218,invoices.pdf,INVOICE,items[].descriptions.english,descricao_completa_item_en,PedidoItem,alta,,english,SUCTION VALVE SPRING,sim
2219,invoices.pdf,INVOICE,items[].descriptions.portuguese,descricao_completa_item_pt,PedidoItem,alta,,portuguese,,nao
2220,invoices.pdf,INVOICE,items[].weights.unit,,,,,unit,PZ,sim
2221,invoices.pdf,INVOICE,items[].weights.net,,,,,net,,nao
2222,invoices.pdf,INVOICE,items[].weights.gross,,,,,gross,,nao
2223,invoices.pdf,INVOICE,items[].volume.packageType,,,,,packageType,,nao
2224,invoices.pdf,INVOICE,items[].volume.dimensions,,,,,dimensions,,nao
2225,invoices.pdf,INVOICE,items[].volume.size,,,,,size,,nao
2226,invoices.pdf,INVOICE,items[].volume.quantity,,,,,quantity,,nao
2227,invoices.pdf,INVOICE,items[].partNumber,part_number_item,PedidoItem,alta,,partNumber,464400006A00K22,sim
2228,invoices.pdf,INVOICE,items[].poNumber,,,,,poNumber,4513938720,sim
2229,invoices.pdf,INVOICE,items[].itemQuantity,,,,,itemQuantity,"16,00",sim
2230,invoices.pdf,INVOICE,items[].itemCurrency,,,,,itemCurrency,Eur,sim
2231,invoices.pdf,INVOICE,items[].itemUnitPriceWithCurrency,,,,,itemUnitPriceWithCurrency,"65,000",sim
2232,invoices.pdf,INVOICE,items[].itemTotalPriceWithCurrency,,,,,itemTotalPriceWithCurrency,"1.040,00",sim
2233,invoices.pdf,INVOICE,items[].ncm,,,,,ncm,,nao
2234,invoices.pdf,INVOICE,items[].hsCode,,,,,hsCode,,nao
2235,invoices.pdf,INVOICE,items[].originCountry,,,,,originCountry,,nao
2236,invoices.pdf,INVOICE,items[].manufacturer,,,,,manufacturer,,nao
2237,invoices.pdf,INVOICE,document.documentNumber,numero_invoice_item,PedidoItem,alta,,documentNumber,2250179,sim
2238,invoices.pdf,INVOICE,document.documentType,,,,,documentType,Invoice,sim
2239,invoices.pdf,INVOICE,document.documentDate,,,,,documentDate,2025-02-12,sim
2240,invoices.pdf,INVOICE,document.incoterm,incoterm_item,PedidoItem,sugestao,Alternativas: incoterm_processo (LogisticaInternacionalProcesso),incoterm,EXW,sim
2241,invoices.pdf,INVOICE,document.incotermLocation,,,,,incotermLocation,EX WORKS,sim
2242,invoices.pdf,INVOICE,document.originCountry,,,,,originCountry,ITALY,sim
2243,invoices.pdf,INVOICE,document.countryOfAcquisition,,,,,countryOfAcquisition,,nao
2244,invoices.pdf,INVOICE,document.countryOfProvenance,,,,,countryOfProvenance,,nao
2245,invoices.pdf,INVOICE,document.shippedOnBoardDate,,,,,shippedOnBoardDate,,nao
2246,invoices.pdf,INVOICE,exporter.name,nome_exportador_item,PedidoItem,sugestao,Alternativas: nome_fornecedor (Fornecedor),name,PERONI POMPE SpA,sim
2247,invoices.pdf,INVOICE,exporter.address,endereco_fornecedor,Fornecedor,alta,,address,"Via Tacito, 4 - 20094 Corsico (MI) Italia",sim
2248,invoices.pdf,INVOICE,exporter.country,pais_fornecedor,Fornecedor,alta,,country,Italy,sim
2249,invoices.pdf,INVOICE,exporter.state,estado_provincia_fornecedor,Fornecedor,alta,,state,,nao
2250,invoices.pdf,INVOICE,exporter.city,cidade_fornecedor,Fornecedor,alta,,city,Corsico,sim
2251,invoices.pdf,INVOICE,exporter.zipCode,cep_zipcode_fornecedor,Fornecedor,alta,,zipCode,20094,sim
2252,invoices.pdf,INVOICE,exporter.taxId,tin_fornecedor,Fornecedor,alta,,taxId,IT 00745820159,sim
2253,invoices.pdf,INVOICE,exporter.phone,telefone_fornecedor,Fornecedor,alta,,phone,+39 02 489 40.1,sim
2254,invoices.pdf,INVOICE,exporter.email,email_fornecedor,Fornecedor,alta,,email,,nao
2255,invoices.pdf,INVOICE,importer.name,nome_importador_item,PedidoItem,sugestao,Alternativas: nome_fornecedor (Fornecedor),name,SUPERQUIP SERVICOS E EQUIPAMENTOS TECNICOS LTDA,sim
2256,invoices.pdf,INVOICE,importer.address,endereco_fornecedor,Fornecedor,alta,,address,RUA MEXICO 3-18° ANDAR CENTRO 20031-144 RIO DE JANEIRO RJ BRASILEIRA,sim
2257,invoices.pdf,INVOICE,importer.country,pais_fornecedor,Fornecedor,alta,,country,BRASIL,sim
2258,invoices.pdf,INVOICE,importer.state,estado_provincia_fornecedor,Fornecedor,alta,,state,RJ,sim
2259,invoices.pdf,INVOICE,importer.city,cidade_fornecedor,Fornecedor,alta,,city,RIO DE JANEIRO,sim
2260,invoices.pdf,INVOICE,importer.zipCode,cep_zipcode_fornecedor,Fornecedor,alta,,zipCode,20031-144,sim
2261,invoices.pdf,INVOICE,importer.taxId,cnpj_fornecedor,Fornecedor,alta,,taxId,CNPJ30712061/0001-42,sim
2262,invoices.pdf,INVOICE,importer.phone,telefone_fornecedor,Fornecedor,alta,,phone,+55.21.22625355,sim
2263,invoices.pdf,INVOICE,importer.email,email_fornecedor,Fornecedor,alta,,email,,nao
2264,invoices.pdf,INVOICE,shipment.modal,modal_frete_internacional_processo,LogisticaInternacionalProcesso,alta,,modal,,nao
2265,invoices.pdf,INVOICE,shipment.carrier,,,,,carrier,,nao
2266,invoices.pdf,INVOICE,shipment.vesselName,,,,,vesselName,,nao
2267,invoices.pdf,INVOICE,shipment.airports.origin,,,,,origin,,nao
2268,invoices.pdf,INVOICE,shipment.airports.destination,,,,,destination,,nao
2269,invoices.pdf,INVOICE,shipment.ports.origin,porto_origem_processo,LogisticaInternacionalProcesso,alta,,origin,,nao
2270,invoices.pdf,INVOICE,shipment.ports.loading,porto_origem_processo,LogisticaInternacionalProcesso,alta,,loading,,nao
2271,invoices.pdf,INVOICE,shipment.ports.destination,porto_destino_processo,LogisticaInternacionalProcesso,alta,,destination,,nao
2272,invoices.pdf,INVOICE,shipment.ports.discharge,porto_destino_processo,LogisticaInternacionalProcesso,alta,,discharge,,nao
2273,invoices.pdf,INVOICE,shipment.costs.freight,,,,,freight,,nao
2274,invoices.pdf,INVOICE,shipment.costs.insurance,,,,,insurance,,nao
2275,invoices.pdf,INVOICE,containerNumbers,container_numero_processo_container,ContainerProcesso,alta,,containerNumbers,,nao
2276,invoices.pdf,INVOICE,payment.method,,,,,method,,nao
2277,invoices.pdf,INVOICE,payment.terms,condicao_pagamento_item,PedidoItem,alta,,terms,60 DAYS INVOICE DATE,sim
2278,invoices.pdf,INVOICE,bankingDetails.bankName,,,,,bankName,BANCO BPM S.P.A.,sim
2279,invoices.pdf,INVOICE,bankingDetails.iban,,,,,iban,IT88H0503420100000000001975,sim
2280,invoices.pdf,INVOICE,bankingDetails.swift,,,,,swift,BAPPIT21AI6,sim
2281,invoices.pdf,INVOICE,bankingDetails.accountNumber,,,,,accountNumber,,nao
2282,invoices.pdf,INVOICE,bankingDetails.beneficiary,,,,,beneficiary,,nao
2283,invoices.pdf,INVOICE,bankingDetails.branchCode,,,,,branchCode,,nao
2284,invoices.pdf,INVOICE,bankingDetails.fullText,,,,,fullText,"BANCO BPM S.P.A. SWIFT BAPPIT22 VICOLO CONCORDIA, 7-9 BOLLATE MI IBAN:IT88H0503420100000000001975",sim
2285,invoices.pdf,INVOICE,packageSummary.totalGrossWeight,,,,,totalGrossWeight,"0,52 KG",sim
2286,invoices.pdf,INVOICE,packageSummary.totalNetWeight,,,,,totalNetWeight,,nao
2287,invoices.pdf,INVOICE,packageSummary.commercialUnit,,,,,commercialUnit,Boxes,sim
2288,invoices.pdf,INVOICE,packageSummary.totalTareWeight,,,,,totalTareWeight,,nao
2289,invoices.pdf,INVOICE,packageSummary.totalCubicMeasurement,,,,,totalCubicMeasurement,"0,01 MC",sim
2290,invoices.pdf,INVOICE,packageSummary.totalPackages,,,,,totalPackages,"1,00",sim
2291,invoices.pdf,INVOICE,currency.type,moeda_item,PedidoItem,alta,,type,Eur,sim
2292,invoices.pdf,INVOICE,currency.exchangeRate,,,,,exchangeRate,,nao
2293,invoices.pdf,INVOICE,items_quantity,,,,,items_quantity,1,sim
2294,invoices.pdf,INVOICE,values.totalDocumentValue,,,,,totalDocumentValue,234.00,sim
2295,invoices.pdf,INVOICE,values.discountsOrAdditions,,,,,discountsOrAdditions,,nao
2296,invoices.pdf,INVOICE,values.otherCharges,,,,,otherCharges,,nao
2297,invoices.pdf,INVOICE,observations,,,,,observations,DEL. NO 157148 of 12/02/25 Our ref. 2819884 B | Your ref. order 31/01/25 002D/25 Our ref. order 4 25086 NI | GOODS OF ITALIAN ORIGIN DESTINED TO EXPORT | COMMODITY: SPARE PARTS FOR PUMPS | CUSTOMS TARIFF: 8413.9100 | NO. 1 CARTON BOX DIM CMS 30x20x20,sim
2298,invoices.pdf,INVOICE,isSigned,,,,,isSigned,false,sim
2299,invoices.pdf,INVOICE,additionalFields.Código do Cliente,,,,,Código do Cliente,0503SU20000,sim
2300,invoices.pdf,INVOICE,additionalFields.Ordem de Trabalho,,,,,Ordem de Trabalho,4P086,sim
2301,invoices.pdf,INVOICE,items[].descriptions.english,descricao_completa_item_en,PedidoItem,alta,,english,"O-RING GASKET 4600 ""NBR90.5/P90""",sim
2302,invoices.pdf,INVOICE,items[].descriptions.portuguese,descricao_completa_item_pt,PedidoItem,alta,,portuguese,,nao
2303,invoices.pdf,INVOICE,items[].weights.unit,,,,,unit,PZ,sim
2304,invoices.pdf,INVOICE,items[].weights.net,,,,,net,,nao
2305,invoices.pdf,INVOICE,items[].weights.gross,,,,,gross,,nao
2306,invoices.pdf,INVOICE,items[].volume.packageType,,,,,packageType,,nao
2307,invoices.pdf,INVOICE,items[].volume.dimensions,,,,,dimensions,,nao
2308,invoices.pdf,INVOICE,items[].volume.size,,,,,size,,nao
2309,invoices.pdf,INVOICE,items[].volume.quantity,,,,,quantity,,nao
2310,invoices.pdf,INVOICE,items[].partNumber,part_number_item,PedidoItem,alta,,partNumber,VCD000003096X76,sim
2311,invoices.pdf,INVOICE,items[].poNumber,,,,,poNumber,4514020462,sim
2312,invoices.pdf,INVOICE,items[].itemQuantity,,,,,itemQuantity,"9,00",sim
2313,invoices.pdf,INVOICE,items[].itemCurrency,,,,,itemCurrency,Eur,sim
2314,invoices.pdf,INVOICE,items[].itemUnitPriceWithCurrency,,,,,itemUnitPriceWithCurrency,"26,000",sim
2315,invoices.pdf,INVOICE,items[].itemTotalPriceWithCurrency,,,,,itemTotalPriceWithCurrency,"234,00",sim
2316,invoices.pdf,INVOICE,items[].ncm,,,,,ncm,,nao
2317,invoices.pdf,INVOICE,items[].hsCode,,,,,hsCode,,nao
2318,invoices.pdf,INVOICE,items[].originCountry,,,,,originCountry,,nao
2319,invoices.pdf,INVOICE,items[].manufacturer,,,,,manufacturer,,nao
2320,invoices.pdf,INVOICE,document.documentNumber,numero_invoice_item,PedidoItem,alta,,documentNumber,2250178,sim
2321,invoices.pdf,INVOICE,document.documentType,,,,,documentType,Invoice,sim
2322,invoices.pdf,INVOICE,document.documentDate,,,,,documentDate,2025-02-12,sim
2323,invoices.pdf,INVOICE,document.incoterm,incoterm_item,PedidoItem,sugestao,Alternativas: incoterm_processo (LogisticaInternacionalProcesso),incoterm,EXW,sim
2324,invoices.pdf,INVOICE,document.incotermLocation,,,,,incotermLocation,EX WORKS,sim
2325,invoices.pdf,INVOICE,document.originCountry,,,,,originCountry,ITALY,sim
2326,invoices.pdf,INVOICE,document.countryOfAcquisition,,,,,countryOfAcquisition,,nao
2327,invoices.pdf,INVOICE,document.countryOfProvenance,,,,,countryOfProvenance,,nao
2328,invoices.pdf,INVOICE,document.shippedOnBoardDate,,,,,shippedOnBoardDate,,nao
2329,invoices.pdf,INVOICE,exporter.name,nome_exportador_item,PedidoItem,sugestao,Alternativas: nome_fornecedor (Fornecedor),name,PERONI POMPE SpA,sim
2330,invoices.pdf,INVOICE,exporter.address,endereco_fornecedor,Fornecedor,alta,,address,"Via Tacito, 4 - 20094 Corsico (MI) Italia",sim
2331,invoices.pdf,INVOICE,exporter.country,pais_fornecedor,Fornecedor,alta,,country,Italy,sim
2332,invoices.pdf,INVOICE,exporter.state,estado_provincia_fornecedor,Fornecedor,alta,,state,,nao
2333,invoices.pdf,INVOICE,exporter.city,cidade_fornecedor,Fornecedor,alta,,city,Corsico,sim
2334,invoices.pdf,INVOICE,exporter.zipCode,cep_zipcode_fornecedor,Fornecedor,alta,,zipCode,20094,sim
2335,invoices.pdf,INVOICE,exporter.taxId,tin_fornecedor,Fornecedor,alta,,taxId,IT 00745820159,sim
2336,invoices.pdf,INVOICE,exporter.phone,telefone_fornecedor,Fornecedor,alta,,phone,+39 02 489 40.1,sim
2337,invoices.pdf,INVOICE,exporter.email,email_fornecedor,Fornecedor,alta,,email,,nao
2338,invoices.pdf,INVOICE,importer.name,nome_importador_item,PedidoItem,sugestao,Alternativas: nome_fornecedor (Fornecedor),name,SUPERQUIP SERVICOS E EQUIPAMENTOS TECNICOS LTDA,sim
2339,invoices.pdf,INVOICE,importer.address,endereco_fornecedor,Fornecedor,alta,,address,RUA MEXICO 3-18° ANDAR CENTRO 20031-144 RIO DE JANEIRO RJ BRASILEIRA,sim
2340,invoices.pdf,INVOICE,importer.country,pais_fornecedor,Fornecedor,alta,,country,BRASIL,sim
2341,invoices.pdf,INVOICE,importer.state,estado_provincia_fornecedor,Fornecedor,alta,,state,RJ,sim
2342,invoices.pdf,INVOICE,importer.city,cidade_fornecedor,Fornecedor,alta,,city,RIO DE JANEIRO,sim
2343,invoices.pdf,INVOICE,importer.zipCode,cep_zipcode_fornecedor,Fornecedor,alta,,zipCode,20031-144,sim
2344,invoices.pdf,INVOICE,importer.taxId,cnpj_fornecedor,Fornecedor,alta,,taxId,CNPJ30712061/0001-42,sim
2345,invoices.pdf,INVOICE,importer.phone,telefone_fornecedor,Fornecedor,alta,,phone,+55.21.22625355,sim
2346,invoices.pdf,INVOICE,importer.email,email_fornecedor,Fornecedor,alta,,email,,nao
2347,invoices.pdf,INVOICE,shipment.modal,modal_frete_internacional_processo,LogisticaInternacionalProcesso,alta,,modal,,nao
2348,invoices.pdf,INVOICE,shipment.carrier,,,,,carrier,,nao
2349,invoices.pdf,INVOICE,shipment.vesselName,,,,,vesselName,,nao
2350,invoices.pdf,INVOICE,shipment.airports.origin,,,,,origin,,nao
2351,invoices.pdf,INVOICE,shipment.airports.destination,,,,,destination,,nao
2352,invoices.pdf,INVOICE,shipment.ports.origin,porto_origem_processo,LogisticaInternacionalProcesso,alta,,origin,,nao
2353,invoices.pdf,INVOICE,shipment.ports.loading,porto_origem_processo,LogisticaInternacionalProcesso,alta,,loading,,nao
2354,invoices.pdf,INVOICE,shipment.ports.destination,porto_destino_processo,LogisticaInternacionalProcesso,alta,,destination,,nao
2355,invoices.pdf,INVOICE,shipment.ports.discharge,porto_destino_processo,LogisticaInternacionalProcesso,alta,,discharge,,nao
2356,invoices.pdf,INVOICE,shipment.costs.freight,,,,,freight,,nao
2357,invoices.pdf,INVOICE,shipment.costs.insurance,,,,,insurance,,nao
2358,invoices.pdf,INVOICE,containerNumbers,container_numero_processo_container,ContainerProcesso,alta,,containerNumbers,,nao
2359,invoices.pdf,INVOICE,payment.method,,,,,method,,nao
2360,invoices.pdf,INVOICE,payment.terms,condicao_pagamento_item,PedidoItem,alta,,terms,60 DAYS INVOICE DATE,sim
2361,invoices.pdf,INVOICE,bankingDetails.bankName,,,,,bankName,BANCO BPM S.P.A.,sim
2362,invoices.pdf,INVOICE,bankingDetails.iban,,,,,iban,IT88H0503420100000000001975,sim
2363,invoices.pdf,INVOICE,bankingDetails.swift,,,,,swift,BAPPIT21AI6,sim
2364,invoices.pdf,INVOICE,bankingDetails.accountNumber,,,,,accountNumber,,nao
2365,invoices.pdf,INVOICE,bankingDetails.beneficiary,,,,,beneficiary,,nao
2366,invoices.pdf,INVOICE,bankingDetails.branchCode,,,,,branchCode,,nao
2367,invoices.pdf,INVOICE,bankingDetails.fullText,,,,,fullText,"BANCO BPM S.P.A. SWIFT BAPPIT22 VICOLO CONCORDIA, 7-9 BOLLATE MI IBAN:IT88H0503420100000000001975",sim
2368,invoices.pdf,INVOICE,packageSummary.totalGrossWeight,,,,,totalGrossWeight,"0,72 KG",sim
2369,invoices.pdf,INVOICE,packageSummary.totalNetWeight,,,,,totalNetWeight,"0,29 KG",sim
2370,invoices.pdf,INVOICE,packageSummary.commercialUnit,,,,,commercialUnit,Boxes,sim
2371,invoices.pdf,INVOICE,packageSummary.totalTareWeight,,,,,totalTareWeight,,nao
2372,invoices.pdf,INVOICE,packageSummary.totalCubicMeasurement,,,,,totalCubicMeasurement,"0,01 MC",sim
2373,invoices.pdf,INVOICE,packageSummary.totalPackages,,,,,totalPackages,"1,00",sim
2374,invoices.pdf,INVOICE,currency.type,moeda_item,PedidoItem,alta,,type,Eur,sim
2375,invoices.pdf,INVOICE,currency.exchangeRate,,,,,exchangeRate,,nao
2376,invoices.pdf,INVOICE,items_quantity,,,,,items_quantity,1,sim
2377,invoices.pdf,INVOICE,values.totalDocumentValue,,,,,totalDocumentValue,3987.00,sim
2378,invoices.pdf,INVOICE,values.discountsOrAdditions,,,,,discountsOrAdditions,,nao
2379,invoices.pdf,INVOICE,values.otherCharges,,,,,otherCharges,,nao
2380,invoices.pdf,INVOICE,observations,,,,,observations,DEL. NO 157149 of 12/02/25 Our ref. 2819885 B | Your ref. order 26/08/24 003N/24 Our ref. order 4 24515 2024/97 & 2A020 | GOODS OF ITALIAN ORIGIN DESTINED TO EXPORT | COMMODITY: SPARE PARTS FOR PUMPS | CUSTOMS TARIFF: 8413.9100 | NO. 1 CARTON BOX DIM CMS 30x20x20,sim
2381,invoices.pdf,INVOICE,isSigned,,,,,isSigned,false,sim
2382,invoices.pdf,INVOICE,additionalFields.Código do Cliente,,,,,Código do Cliente,0503SU20000,sim
2383,invoices.pdf,INVOICE,additionalFields.Ordem de Trabalho,,,,,Ordem de Trabalho,4O515,sim
2384,invoices.pdf,INVOICE,items[].descriptions.english,descricao_completa_item_en,PedidoItem,alta,,english,DISCHARGE VALVE ø 32,sim
2385,invoices.pdf,INVOICE,items[].descriptions.portuguese,descricao_completa_item_pt,PedidoItem,alta,,portuguese,,nao
2386,invoices.pdf,INVOICE,items[].weights.unit,,,,,unit,PZ,sim
2387,invoices.pdf,INVOICE,items[].weights.net,,,,,net,,nao
2388,invoices.pdf,INVOICE,items[].weights.gross,,,,,gross,,nao
2389,invoices.pdf,INVOICE,items[].volume.packageType,,,,,packageType,,nao
2390,invoices.pdf,INVOICE,items[].volume.dimensions,,,,,dimensions,,nao
2391,invoices.pdf,INVOICE,items[].volume.size,,,,,size,,nao
2392,invoices.pdf,INVOICE,items[].volume.quantity,,,,,quantity,,nao
2393,invoices.pdf,INVOICE,items[].partNumber,part_number_item,PedidoItem,alta,,partNumber,3100N0001E00K39,sim
2394,invoices.pdf,INVOICE,items[].poNumber,,,,,poNumber,4513636108,sim
2395,invoices.pdf,INVOICE,items[].itemQuantity,,,,,itemQuantity,"3,00",sim
2396,invoices.pdf,INVOICE,items[].itemCurrency,,,,,itemCurrency,Eur,sim
2397,invoices.pdf,INVOICE,items[].itemUnitPriceWithCurrency,,,,,itemUnitPriceWithCurrency,"1.329,000",sim
2398,invoices.pdf,INVOICE,items[].itemTotalPriceWithCurrency,,,,,itemTotalPriceWithCurrency,"3.987,00",sim
2399,invoices.pdf,INVOICE,items[].ncm,,,,,ncm,,nao
2400,invoices.pdf,INVOICE,items[].hsCode,,,,,hsCode,,nao
2401,invoices.pdf,INVOICE,items[].originCountry,,,,,originCountry,,nao
2402,invoices.pdf,INVOICE,items[].manufacturer,,,,,manufacturer,,nao
2403,invoices.pdf,INVOICE,document.documentNumber,numero_invoice_item,PedidoItem,alta,,documentNumber,2250161,sim
2404,invoices.pdf,INVOICE,document.documentType,,,,,documentType,Invoice,sim
2405,invoices.pdf,INVOICE,document.documentDate,,,,,documentDate,2025-02-10,sim
2406,invoices.pdf,INVOICE,document.incoterm,incoterm_item,PedidoItem,sugestao,Alternativas: incoterm_processo (LogisticaInternacionalProcesso),incoterm,EXW,sim
2407,invoices.pdf,INVOICE,document.incotermLocation,,,,,incotermLocation,EX WORKS,sim
2408,invoices.pdf,INVOICE,document.originCountry,,,,,originCountry,ITALY,sim
2409,invoices.pdf,INVOICE,document.countryOfAcquisition,,,,,countryOfAcquisition,,nao
2410,invoices.pdf,INVOICE,document.countryOfProvenance,,,,,countryOfProvenance,,nao
2411,invoices.pdf,INVOICE,document.shippedOnBoardDate,,,,,shippedOnBoardDate,,nao
2412,invoices.pdf,INVOICE,exporter.name,nome_exportador_item,PedidoItem,sugestao,Alternativas: nome_fornecedor (Fornecedor),name,PERONI POMPE SpA,sim
2413,invoices.pdf,INVOICE,exporter.address,endereco_fornecedor,Fornecedor,alta,,address,"Via Tacito, 4 - 20094 Corsico (MI) Italia",sim
2414,invoices.pdf,INVOICE,exporter.country,pais_fornecedor,Fornecedor,alta,,country,Italy,sim
2415,invoices.pdf,INVOICE,exporter.state,estado_provincia_fornecedor,Fornecedor,alta,,state,,nao
2416,invoices.pdf,INVOICE,exporter.city,cidade_fornecedor,Fornecedor,alta,,city,Corsico,sim
2417,invoices.pdf,INVOICE,exporter.zipCode,cep_zipcode_fornecedor,Fornecedor,alta,,zipCode,20094,sim
2418,invoices.pdf,INVOICE,exporter.taxId,tin_fornecedor,Fornecedor,alta,,taxId,IT 00745820159,sim
2419,invoices.pdf,INVOICE,exporter.phone,telefone_fornecedor,Fornecedor,alta,,phone,+39 02 489 40.1,sim
2420,invoices.pdf,INVOICE,exporter.email,email_fornecedor,Fornecedor,alta,,email,,nao
2421,invoices.pdf,INVOICE,importer.name,nome_importador_item,PedidoItem,sugestao,Alternativas: nome_fornecedor (Fornecedor),name,SUPERQUIP SERVICOS E EQUIPAMENTOS TECNICOS LTDA,sim
2422,invoices.pdf,INVOICE,importer.address,endereco_fornecedor,Fornecedor,alta,,address,RUA MEXICO 3-18° ANDAR CENTRO 20031-144 RIO DE JANEIRO RJ BRASILEIRA,sim
2423,invoices.pdf,INVOICE,importer.country,pais_fornecedor,Fornecedor,alta,,country,BRASIL,sim
2424,invoices.pdf,INVOICE,importer.state,estado_provincia_fornecedor,Fornecedor,alta,,state,RJ,sim
2425,invoices.pdf,INVOICE,importer.city,cidade_fornecedor,Fornecedor,alta,,city,RIO DE JANEIRO,sim
2426,invoices.pdf,INVOICE,importer.zipCode,cep_zipcode_fornecedor,Fornecedor,alta,,zipCode,20031-144,sim
2427,invoices.pdf,INVOICE,importer.taxId,cnpj_fornecedor,Fornecedor,alta,,taxId,CNPJ30712061/0001-42,sim
2428,invoices.pdf,INVOICE,importer.phone,telefone_fornecedor,Fornecedor,alta,,phone,+55.21.22625355,sim
2429,invoices.pdf,INVOICE,importer.email,email_fornecedor,Fornecedor,alta,,email,,nao
2430,invoices.pdf,INVOICE,shipment.modal,modal_frete_internacional_processo,LogisticaInternacionalProcesso,alta,,modal,,nao
2431,invoices.pdf,INVOICE,shipment.carrier,,,,,carrier,,nao
2432,invoices.pdf,INVOICE,shipment.vesselName,,,,,vesselName,,nao
2433,invoices.pdf,INVOICE,shipment.airports.origin,,,,,origin,,nao
2434,invoices.pdf,INVOICE,shipment.airports.destination,,,,,destination,,nao
2435,invoices.pdf,INVOICE,shipment.ports.origin,porto_origem_processo,LogisticaInternacionalProcesso,alta,,origin,,nao
2436,invoices.pdf,INVOICE,shipment.ports.loading,porto_origem_processo,LogisticaInternacionalProcesso,alta,,loading,,nao
2437,invoices.pdf,INVOICE,shipment.ports.destination,porto_destino_processo,LogisticaInternacionalProcesso,alta,,destination,,nao
2438,invoices.pdf,INVOICE,shipment.ports.discharge,porto_destino_processo,LogisticaInternacionalProcesso,alta,,discharge,,nao
2439,invoices.pdf,INVOICE,shipment.costs.freight,,,,,freight,,nao
2440,invoices.pdf,INVOICE,shipment.costs.insurance,,,,,insurance,,nao
2441,invoices.pdf,INVOICE,containerNumbers,container_numero_processo_container,ContainerProcesso,alta,,containerNumbers,,nao
2442,invoices.pdf,INVOICE,payment.method,,,,,method,,nao
2443,invoices.pdf,INVOICE,payment.terms,condicao_pagamento_item,PedidoItem,alta,,terms,60 DAYS INVOICE DATE,sim
2444,invoices.pdf,INVOICE,bankingDetails.bankName,,,,,bankName,BANCO BPM S.P.A.,sim
2445,invoices.pdf,INVOICE,bankingDetails.iban,,,,,iban,IT88H0503420100000000001975,sim
2446,invoices.pdf,INVOICE,bankingDetails.swift,,,,,swift,BAPPIT21AI6,sim
2447,invoices.pdf,INVOICE,bankingDetails.accountNumber,,,,,accountNumber,,nao
2448,invoices.pdf,INVOICE,bankingDetails.beneficiary,,,,,beneficiary,,nao
2449,invoices.pdf,INVOICE,bankingDetails.branchCode,,,,,branchCode,,nao
2450,invoices.pdf,INVOICE,bankingDetails.fullText,,,,,fullText,"BANCO BPM S.P.A. SWIFT BAPPIT22 VICOLO CONCORDIA, 7-9 BOLLATE MI IBAN:IT88H0503420100000000001975",sim
2451,invoices.pdf,INVOICE,packageSummary.totalGrossWeight,,,,,totalGrossWeight,"115,00 KG",sim
2452,invoices.pdf,INVOICE,packageSummary.totalNetWeight,,,,,totalNetWeight,"94,04 KG",sim
2453,invoices.pdf,INVOICE,packageSummary.commercialUnit,,,,,commercialUnit,Cases,sim
2454,invoices.pdf,INVOICE,packageSummary.totalTareWeight,,,,,totalTareWeight,,nao
2455,invoices.pdf,INVOICE,packageSummary.totalCubicMeasurement,,,,,totalCubicMeasurement,"0,13 MC",sim
2456,invoices.pdf,INVOICE,packageSummary.totalPackages,,,,,totalPackages,"1,00",sim
2457,invoices.pdf,INVOICE,currency.type,moeda_item,PedidoItem,alta,,type,Eur,sim
2458,invoices.pdf,INVOICE,currency.exchangeRate,,,,,exchangeRate,,nao
2459,invoices.pdf,INVOICE,items_quantity,,,,,items_quantity,2,sim
2460,invoices.pdf,INVOICE,values.totalDocumentValue,,,,,totalDocumentValue,14894.00,sim
2461,invoices.pdf,INVOICE,values.discountsOrAdditions,,,,,discountsOrAdditions,,nao
2462,invoices.pdf,INVOICE,values.otherCharges,,,,,otherCharges,,nao
2463,invoices.pdf,INVOICE,observations,,,,,observations,DEL. NO 157137 of 10/02/25 Our ref. 2819872 B | Your ref. order 22/11/24 101J/24 Our ref. order 4 24764 2C003 | GOODS OF ITALIAN ORIGIN DESTINED TO EXPORT | COMMODITY: SPARE PARTS FOR PUMPS | CUSTOMS TARIFF: 8413.9100 | NO. 1 CASE DIM CMS 102x37x36,sim
2464,invoices.pdf,INVOICE,isSigned,,,,,isSigned,false,sim
2465,invoices.pdf,INVOICE,additionalFields.Código do Cliente,,,,,Código do Cliente,0503SU20000,sim
2466,invoices.pdf,INVOICE,additionalFields.Ordem de Trabalho,,,,,Ordem de Trabalho,4O764,sim
2467,invoices.pdf,INVOICE,items[].descriptions.english,descricao_completa_item_en,PedidoItem,alta,,english,HYDRAULIC PLUNGER,sim
2468,invoices.pdf,INVOICE,items[].descriptions.portuguese,descricao_completa_item_pt,PedidoItem,alta,,portuguese,,nao
2469,invoices.pdf,INVOICE,items[].weights.unit,,,,,unit,PZ,sim
2470,invoices.pdf,INVOICE,items[].weights.net,,,,,net,,nao
2471,invoices.pdf,INVOICE,items[].weights.gross,,,,,gross,,nao
2472,invoices.pdf,INVOICE,items[].volume.packageType,,,,,packageType,,nao
2473,invoices.pdf,INVOICE,items[].volume.dimensions,,,,,dimensions,,nao
2474,invoices.pdf,INVOICE,items[].volume.size,,,,,size,,nao
2475,invoices.pdf,INVOICE,items[].volume.quantity,,,,,quantity,,nao
2476,invoices.pdf,INVOICE,items[].partNumber,part_number_item,PedidoItem,alta,,partNumber,3940G1020000K70,sim
2477,invoices.pdf,INVOICE,items[].poNumber,,,,,poNumber,4513857046,sim
2478,invoices.pdf,INVOICE,items[].itemQuantity,,,,,itemQuantity,"1,00",sim
2479,invoices.pdf,INVOICE,items[].itemCurrency,,,,,itemCurrency,Eur,sim
2480,invoices.pdf,INVOICE,items[].itemUnitPriceWithCurrency,,,,,itemUnitPriceWithCurrency,"14.549,000",sim
2481,invoices.pdf,INVOICE,items[].itemTotalPriceWithCurrency,,,,,itemTotalPriceWithCurrency,"14.549,00",sim
2482,invoices.pdf,INVOICE,items[].ncm,,,,,ncm,,nao
2483,invoices.pdf,INVOICE,items[].hsCode,,,,,hsCode,,nao
2484,invoices.pdf,INVOICE,items[].originCountry,,,,,originCountry,,nao
2485,invoices.pdf,INVOICE,items[].manufacturer,,,,,manufacturer,,nao
2486,invoices.pdf,INVOICE,document.documentNumber,numero_invoice_item,PedidoItem,alta,,documentNumber,2250138,sim
2487,invoices.pdf,INVOICE,document.documentType,,,,,documentType,Invoice,sim
2488,invoices.pdf,INVOICE,document.documentDate,,,,,documentDate,2025-01-30,sim
2489,invoices.pdf,INVOICE,document.incoterm,incoterm_item,PedidoItem,sugestao,Alternativas: incoterm_processo (LogisticaInternacionalProcesso),incoterm,EXW,sim
2490,invoices.pdf,INVOICE,document.incotermLocation,,,,,incotermLocation,EX WORKS,sim
2491,invoices.pdf,INVOICE,document.originCountry,,,,,originCountry,ITALY,sim
2492,invoices.pdf,INVOICE,document.countryOfAcquisition,,,,,countryOfAcquisition,,nao
2493,invoices.pdf,INVOICE,document.countryOfProvenance,,,,,countryOfProvenance,,nao
2494,invoices.pdf,INVOICE,document.shippedOnBoardDate,,,,,shippedOnBoardDate,,nao
2495,invoices.pdf,INVOICE,exporter.name,nome_exportador_item,PedidoItem,sugestao,Alternativas: nome_fornecedor (Fornecedor),name,PERONI POMPE SpA,sim
2496,invoices.pdf,INVOICE,exporter.address,endereco_fornecedor,Fornecedor,alta,,address,"Via Tacito, 4 - 20094 Corsico (MI) Italia",sim
2497,invoices.pdf,INVOICE,exporter.country,pais_fornecedor,Fornecedor,alta,,country,Italy,sim
2498,invoices.pdf,INVOICE,exporter.state,estado_provincia_fornecedor,Fornecedor,alta,,state,,nao
2499,invoices.pdf,INVOICE,exporter.city,cidade_fornecedor,Fornecedor,alta,,city,Corsico,sim
2500,invoices.pdf,INVOICE,exporter.zipCode,cep_zipcode_fornecedor,Fornecedor,alta,,zipCode,20094,sim
2501,invoices.pdf,INVOICE,exporter.taxId,tin_fornecedor,Fornecedor,alta,,taxId,IT 00745820159,sim
2502,invoices.pdf,INVOICE,exporter.phone,telefone_fornecedor,Fornecedor,alta,,phone,+39 02 489 40.1,sim
2503,invoices.pdf,INVOICE,exporter.email,email_fornecedor,Fornecedor,alta,,email,,nao
2504,invoices.pdf,INVOICE,importer.name,nome_importador_item,PedidoItem,sugestao,Alternativas: nome_fornecedor (Fornecedor),name,SUPERQUIP SERVICOS E EQUIPAMENTOS TECNICOS LTDA,sim
2505,invoices.pdf,INVOICE,importer.address,endereco_fornecedor,Fornecedor,alta,,address,RUA MEXICO 3-18° ANDAR CENTRO 20031-144 RIO DE JANEIRO RJ BRASILEIRA,sim
2506,invoices.pdf,INVOICE,importer.country,pais_fornecedor,Fornecedor,alta,,country,BRASIL,sim
2507,invoices.pdf,INVOICE,importer.state,estado_provincia_fornecedor,Fornecedor,alta,,state,RJ,sim
2508,invoices.pdf,INVOICE,importer.city,cidade_fornecedor,Fornecedor,alta,,city,RIO DE JANEIRO,sim
2509,invoices.pdf,INVOICE,importer.zipCode,cep_zipcode_fornecedor,Fornecedor,alta,,zipCode,20031-144,sim
2510,invoices.pdf,INVOICE,importer.taxId,cnpj_fornecedor,Fornecedor,alta,,taxId,CNPJ30712061/0001-42,sim
2511,invoices.pdf,INVOICE,importer.phone,telefone_fornecedor,Fornecedor,alta,,phone,+55.21.22625355,sim
2512,invoices.pdf,INVOICE,importer.email,email_fornecedor,Fornecedor,alta,,email,,nao
2513,invoices.pdf,INVOICE,shipment.modal,modal_frete_internacional_processo,LogisticaInternacionalProcesso,alta,,modal,,nao
2514,invoices.pdf,INVOICE,shipment.carrier,,,,,carrier,,nao
2515,invoices.pdf,INVOICE,shipment.vesselName,,,,,vesselName,,nao
2516,invoices.pdf,INVOICE,shipment.airports.origin,,,,,origin,,nao
2517,invoices.pdf,INVOICE,shipment.airports.destination,,,,,destination,,nao
2518,invoices.pdf,INVOICE,shipment.ports.origin,porto_origem_processo,LogisticaInternacionalProcesso,alta,,origin,,nao
2519,invoices.pdf,INVOICE,shipment.ports.loading,porto_origem_processo,LogisticaInternacionalProcesso,alta,,loading,,nao
2520,invoices.pdf,INVOICE,shipment.ports.destination,porto_destino_processo,LogisticaInternacionalProcesso,alta,,destination,,nao
2521,invoices.pdf,INVOICE,shipment.ports.discharge,porto_destino_processo,LogisticaInternacionalProcesso,alta,,discharge,,nao
2522,invoices.pdf,INVOICE,shipment.costs.freight,,,,,freight,,nao
2523,invoices.pdf,INVOICE,shipment.costs.insurance,,,,,insurance,,nao
2524,invoices.pdf,INVOICE,containerNumbers,container_numero_processo_container,ContainerProcesso,alta,,containerNumbers,,nao
2525,invoices.pdf,INVOICE,payment.method,,,,,method,,nao
2526,invoices.pdf,INVOICE,payment.terms,condicao_pagamento_item,PedidoItem,alta,,terms,60 DAYS INVOICE DATE,sim
2527,invoices.pdf,INVOICE,bankingDetails.bankName,,,,,bankName,BANCO BPM S.P.A.,sim
2528,invoices.pdf,INVOICE,bankingDetails.iban,,,,,iban,IT88H0503420100000000001975,sim
2529,invoices.pdf,INVOICE,bankingDetails.swift,,,,,swift,BAPPIT21AI6,sim
2530,invoices.pdf,INVOICE,bankingDetails.accountNumber,,,,,accountNumber,,nao
2531,invoices.pdf,INVOICE,bankingDetails.beneficiary,,,,,beneficiary,,nao
2532,invoices.pdf,INVOICE,bankingDetails.branchCode,,,,,branchCode,,nao
2533,invoices.pdf,INVOICE,bankingDetails.fullText,,,,,fullText,"BANCO BPM S.P.A. SWIFT BAPPIT21AI6 VICOLO CONCORDIA, 7-9 BOLLATE MI IBAN:IT88H0503420100000000001975",sim
2534,invoices.pdf,INVOICE,packageSummary.totalGrossWeight,,,,,totalGrossWeight,"130,00 KG",sim
2535,invoices.pdf,INVOICE,packageSummary.totalNetWeight,,,,,totalNetWeight,"102,75 KG",sim
2536,invoices.pdf,INVOICE,packageSummary.commercialUnit,,,,,commercialUnit,Cases,sim
2537,invoices.pdf,INVOICE,packageSummary.totalTareWeight,,,,,totalTareWeight,,nao
2538,invoices.pdf,INVOICE,packageSummary.totalCubicMeasurement,,,,,totalCubicMeasurement,"0,30 MC",sim
2539,invoices.pdf,INVOICE,packageSummary.totalPackages,,,,,totalPackages,"1,00",sim
2540,invoices.pdf,INVOICE,currency.type,moeda_item,PedidoItem,alta,,type,Eur,sim
2541,invoices.pdf,INVOICE,currency.exchangeRate,,,,,exchangeRate,,nao
2542,invoices.pdf,INVOICE,items_quantity,,,,,items_quantity,2,sim
2543,invoices.pdf,INVOICE,values.totalDocumentValue,,,,,totalDocumentValue,59273.00,sim
2544,invoices.pdf,INVOICE,values.discountsOrAdditions,,,,,discountsOrAdditions,,nao
2545,invoices.pdf,INVOICE,values.otherCharges,,,,,otherCharges,,nao
2546,invoices.pdf,INVOICE,observations,,,,,observations,DEL. NO 157114 of 29/01/25 Our ref. 2819837 B | Your ref. order 12/12/24 003AG/24 Our ref. order 4 24816 NI | GOODS OF ITALIAN ORIGIN DESTINED TO EXPORT | COMMODITY: SPARE PARTS FOR PUMPS | CUSTOMS TARIFF: 8413.9100 | NO. 1 CASE DIM CMS 87x57x56,sim
2547,invoices.pdf,INVOICE,isSigned,,,,,isSigned,false,sim
2548,invoices.pdf,INVOICE,additionalFields.Código do Cliente,,,,,Código do Cliente,0503SU20000,sim
2549,invoices.pdf,INVOICE,additionalFields.Ordem de Trabalho,,,,,Ordem de Trabalho,4O816,sim
2550,invoices.pdf,INVOICE,items[].descriptions.english,descricao_completa_item_en,PedidoItem,alta,,english,MAIN BUSHING,sim
2551,invoices.pdf,INVOICE,items[].descriptions.portuguese,descricao_completa_item_pt,PedidoItem,alta,,portuguese,,nao
2552,invoices.pdf,INVOICE,items[].weights.unit,,,,,unit,PZ,sim
2553,invoices.pdf,INVOICE,items[].weights.net,,,,,net,,nao
2554,invoices.pdf,INVOICE,items[].weights.gross,,,,,gross,,nao
2555,invoices.pdf,INVOICE,items[].volume.packageType,,,,,packageType,,nao
2556,invoices.pdf,INVOICE,items[].volume.dimensions,,,,,dimensions,,nao
2557,invoices.pdf,INVOICE,items[].volume.size,,,,,size,,nao
2558,invoices.pdf,INVOICE,items[].volume.quantity,,,,,quantity,,nao
2559,invoices.pdf,INVOICE,items[].partNumber,part_number_item,PedidoItem,alta,,partNumber,3425R0154000U42,sim
2560,invoices.pdf,INVOICE,items[].poNumber,,,,,poNumber,4513920118,sim
2561,invoices.pdf,INVOICE,items[].itemQuantity,,,,,itemQuantity,"6,00",sim
2562,invoices.pdf,INVOICE,items[].itemCurrency,,,,,itemCurrency,Eur,sim
2563,invoices.pdf,INVOICE,items[].itemUnitPriceWithCurrency,,,,,itemUnitPriceWithCurrency,"9.723,000",sim
2564,invoices.pdf,INVOICE,items[].itemTotalPriceWithCurrency,,,,,itemTotalPriceWithCurrency,"58.338,00",sim
2565,invoices.pdf,INVOICE,items[].ncm,,,,,ncm,,nao
2566,invoices.pdf,INVOICE,items[].hsCode,,,,,hsCode,,nao
2567,invoices.pdf,INVOICE,items[].originCountry,,,,,originCountry,,nao
2568,invoices.pdf,INVOICE,items[].manufacturer,,,,,manufacturer,,nao
2569,invoices.pdf,INVOICE,document.documentNumber,numero_invoice_item,PedidoItem,alta,,documentNumber,2250098,sim
2570,invoices.pdf,INVOICE,document.documentType,,,,,documentType,Invoice,sim
2571,invoices.pdf,INVOICE,document.documentDate,,,,,documentDate,2025-01-17,sim
2572,invoices.pdf,INVOICE,document.incoterm,incoterm_item,PedidoItem,sugestao,Alternativas: incoterm_processo (LogisticaInternacionalProcesso),incoterm,EXW,sim
2573,invoices.pdf,INVOICE,document.incotermLocation,,,,,incotermLocation,EX WORKS,sim
2574,invoices.pdf,INVOICE,document.originCountry,,,,,originCountry,ITALY,sim
2575,invoices.pdf,INVOICE,document.countryOfAcquisition,,,,,countryOfAcquisition,,nao
2576,invoices.pdf,INVOICE,document.countryOfProvenance,,,,,countryOfProvenance,,nao
2577,invoices.pdf,INVOICE,document.shippedOnBoardDate,,,,,shippedOnBoardDate,,nao
2578,invoices.pdf,INVOICE,exporter.name,nome_exportador_item,PedidoItem,sugestao,Alternativas: nome_fornecedor (Fornecedor),name,PERONI POMPE SpA,sim
2579,invoices.pdf,INVOICE,exporter.address,endereco_fornecedor,Fornecedor,alta,,address,"Via Tacito, 4 - 20094 Corsico (MI) Italia",sim
2580,invoices.pdf,INVOICE,exporter.country,pais_fornecedor,Fornecedor,alta,,country,Italy,sim
2581,invoices.pdf,INVOICE,exporter.state,estado_provincia_fornecedor,Fornecedor,alta,,state,,nao
2582,invoices.pdf,INVOICE,exporter.city,cidade_fornecedor,Fornecedor,alta,,city,Corsico,sim
2583,invoices.pdf,INVOICE,exporter.zipCode,cep_zipcode_fornecedor,Fornecedor,alta,,zipCode,20094,sim
2584,invoices.pdf,INVOICE,exporter.taxId,tin_fornecedor,Fornecedor,alta,,taxId,IT 00745820159,sim
2585,invoices.pdf,INVOICE,exporter.phone,telefone_fornecedor,Fornecedor,alta,,phone,+39 02 489 40.1,sim
2586,invoices.pdf,INVOICE,exporter.email,email_fornecedor,Fornecedor,alta,,email,,nao
2587,invoices.pdf,INVOICE,importer.name,nome_importador_item,PedidoItem,sugestao,Alternativas: nome_fornecedor (Fornecedor),name,SUPERQUIP SERVICOS E EQUIPAMENTOS TECNICOS LTDA,sim
2588,invoices.pdf,INVOICE,importer.address,endereco_fornecedor,Fornecedor,alta,,address,RUA MEXICO 3-18° ANDAR CENTRO 20031-144 RIO DE JANEIRO RJ BRASILEIRA,sim
2589,invoices.pdf,INVOICE,importer.country,pais_fornecedor,Fornecedor,alta,,country,BRASIL,sim
2590,invoices.pdf,INVOICE,importer.state,estado_provincia_fornecedor,Fornecedor,alta,,state,RJ,sim
2591,invoices.pdf,INVOICE,importer.city,cidade_fornecedor,Fornecedor,alta,,city,RIO DE JANEIRO,sim
2592,invoices.pdf,INVOICE,importer.zipCode,cep_zipcode_fornecedor,Fornecedor,alta,,zipCode,20031-144,sim
2593,invoices.pdf,INVOICE,importer.taxId,cnpj_fornecedor,Fornecedor,alta,,taxId,CNPJ30712061/0001-42,sim
2594,invoices.pdf,INVOICE,importer.phone,telefone_fornecedor,Fornecedor,alta,,phone,+55.21.22625355,sim
2595,invoices.pdf,INVOICE,importer.email,email_fornecedor,Fornecedor,alta,,email,,nao
2596,invoices.pdf,INVOICE,shipment.modal,modal_frete_internacional_processo,LogisticaInternacionalProcesso,alta,,modal,,nao
2597,invoices.pdf,INVOICE,shipment.carrier,,,,,carrier,,nao
2598,invoices.pdf,INVOICE,shipment.vesselName,,,,,vesselName,,nao
2599,invoices.pdf,INVOICE,shipment.airports.origin,,,,,origin,,nao
2600,invoices.pdf,INVOICE,shipment.airports.destination,,,,,destination,,nao
2601,invoices.pdf,INVOICE,shipment.ports.origin,porto_origem_processo,LogisticaInternacionalProcesso,alta,,origin,,nao
2602,invoices.pdf,INVOICE,shipment.ports.loading,porto_origem_processo,LogisticaInternacionalProcesso,alta,,loading,,nao
2603,invoices.pdf,INVOICE,shipment.ports.destination,porto_destino_processo,LogisticaInternacionalProcesso,alta,,destination,,nao
2604,invoices.pdf,INVOICE,shipment.ports.discharge,porto_destino_processo,LogisticaInternacionalProcesso,alta,,discharge,,nao
2605,invoices.pdf,INVOICE,shipment.costs.freight,,,,,freight,,nao
2606,invoices.pdf,INVOICE,shipment.costs.insurance,,,,,insurance,,nao
2607,invoices.pdf,INVOICE,containerNumbers,container_numero_processo_container,ContainerProcesso,alta,,containerNumbers,,nao
2608,invoices.pdf,INVOICE,payment.method,,,,,method,,nao
2609,invoices.pdf,INVOICE,payment.terms,condicao_pagamento_item,PedidoItem,alta,,terms,60 DAYS INVOICE DATE,sim
2610,invoices.pdf,INVOICE,bankingDetails.bankName,,,,,bankName,BANCO BPM S.P.A.,sim
2611,invoices.pdf,INVOICE,bankingDetails.iban,,,,,iban,IT88H0503420100000000001975,sim
2612,invoices.pdf,INVOICE,bankingDetails.swift,,,,,swift,BAPPIT21AI6,sim
2613,invoices.pdf,INVOICE,bankingDetails.accountNumber,,,,,accountNumber,,nao
2614,invoices.pdf,INVOICE,bankingDetails.beneficiary,,,,,beneficiary,,nao
2615,invoices.pdf,INVOICE,bankingDetails.branchCode,,,,,branchCode,,nao
2616,invoices.pdf,INVOICE,bankingDetails.fullText,,,,,fullText,"BANCO BPM S.P.A. SWIFT BAPPIT21AI6 VICOLO CONCORDIA, 7-9 BOLLATE MI IBAN:IT88H0503420100000000001975",sim
2617,invoices.pdf,INVOICE,packageSummary.totalGrossWeight,,,,,totalGrossWeight,"5,00 KG",sim
2618,invoices.pdf,INVOICE,packageSummary.totalNetWeight,,,,,totalNetWeight,"4,48 KG",sim
2619,invoices.pdf,INVOICE,packageSummary.commercialUnit,,,,,commercialUnit,Boxes,sim
2620,invoices.pdf,INVOICE,packageSummary.totalTareWeight,,,,,totalTareWeight,,nao
2621,invoices.pdf,INVOICE,packageSummary.totalCubicMeasurement,,,,,totalCubicMeasurement,"0,04 MC",sim
2622,invoices.pdf,INVOICE,packageSummary.totalPackages,,,,,totalPackages,"1,00",sim
2623,invoices.pdf,INVOICE,currency.type,moeda_item,PedidoItem,alta,,type,Eur,sim
2624,invoices.pdf,INVOICE,currency.exchangeRate,,,,,exchangeRate,,nao
2625,invoices.pdf,INVOICE,items_quantity,,,,,items_quantity,5,sim
2626,invoices.pdf,INVOICE,values.totalDocumentValue,,,,,totalDocumentValue,9825.00,sim
2627,invoices.pdf,INVOICE,values.discountsOrAdditions,,,,,discountsOrAdditions,,nao
2628,invoices.pdf,INVOICE,values.otherCharges,,,,,otherCharges,,nao
2629,invoices.pdf,INVOICE,observations,,,,,observations,DEL. NO 157075 of 17/01/25 Our ref. 2819788 B | Your ref. order 28/10/24 101D/24 Our ref. order 4 24689 27003 | GOODS OF ITALIAN ORIGIN DESTINED TO EXPORT | COMMODITY: SPARE PARTS FOR PUMPS | CUSTOMS TARIFF: 8413.9100 | NO. 1 CARTON BOX DIM CMS 40x30x30,sim
2630,invoices.pdf,INVOICE,isSigned,,,,,isSigned,false,sim
2631,invoices.pdf,INVOICE,additionalFields.Código do Cliente,,,,,Código do Cliente,0503SU20000,sim
2632,invoices.pdf,INVOICE,additionalFields.Ordem de Trabalho,,,,,Ordem de Trabalho,4O689,sim
2633,invoices.pdf,INVOICE,items[].descriptions.english,descricao_completa_item_en,PedidoItem,alta,,english,DISCHARGE VALVE SEAT ø32,sim
2634,invoices.pdf,INVOICE,items[].descriptions.portuguese,descricao_completa_item_pt,PedidoItem,alta,,portuguese,,nao
2635,invoices.pdf,INVOICE,items[].weights.unit,,,,,unit,PZ,sim
2636,invoices.pdf,INVOICE,items[].weights.net,,,,,net,,nao
2637,invoices.pdf,INVOICE,items[].weights.gross,,,,,gross,,nao
2638,invoices.pdf,INVOICE,items[].volume.packageType,,,,,packageType,,nao
2639,invoices.pdf,INVOICE,items[].volume.dimensions,,,,,dimensions,,nao
2640,invoices.pdf,INVOICE,items[].volume.size,,,,,size,,nao
2641,invoices.pdf,INVOICE,items[].volume.quantity,,,,,quantity,,nao
2642,invoices.pdf,INVOICE,items[].partNumber,part_number_item,PedidoItem,alta,,partNumber,3100N0002E00K39,sim
2643,invoices.pdf,INVOICE,items[].poNumber,,,,,poNumber,4513769032,sim
2644,invoices.pdf,INVOICE,items[].itemQuantity,,,,,itemQuantity,"3,00",sim
2645,invoices.pdf,INVOICE,items[].itemCurrency,,,,,itemCurrency,Eur,sim
2646,invoices.pdf,INVOICE,items[].itemUnitPriceWithCurrency,,,,,itemUnitPriceWithCurrency,"1.103,000",sim
2647,invoices.pdf,INVOICE,items[].itemTotalPriceWithCurrency,,,,,itemTotalPriceWithCurrency,"3.309,00",sim
2648,invoices.pdf,INVOICE,items[].ncm,,,,,ncm,,nao
2649,invoices.pdf,INVOICE,items[].hsCode,,,,,hsCode,,nao
2650,invoices.pdf,INVOICE,items[].originCountry,,,,,originCountry,,nao
2651,invoices.pdf,INVOICE,items[].manufacturer,,,,,manufacturer,,nao
2652,invoices.pdf,INVOICE,document.documentNumber,numero_invoice_item,PedidoItem,alta,,documentNumber,2250136,sim
2653,invoices.pdf,INVOICE,document.documentType,,,,,documentType,Invoice,sim
2654,invoices.pdf,INVOICE,document.documentDate,,,,,documentDate,2025-01-30,sim
2655,invoices.pdf,INVOICE,document.incoterm,incoterm_item,PedidoItem,sugestao,Alternativas: incoterm_processo (LogisticaInternacionalProcesso),incoterm,EXW,sim
2656,invoices.pdf,INVOICE,document.incotermLocation,,,,,incotermLocation,EX WORKS,sim
2657,invoices.pdf,INVOICE,document.originCountry,,,,,originCountry,ITALY,sim
2658,invoices.pdf,INVOICE,document.countryOfAcquisition,,,,,countryOfAcquisition,,nao
2659,invoices.pdf,INVOICE,document.countryOfProvenance,,,,,countryOfProvenance,,nao
2660,invoices.pdf,INVOICE,document.shippedOnBoardDate,,,,,shippedOnBoardDate,,nao
2661,invoices.pdf,INVOICE,exporter.name,nome_exportador_item,PedidoItem,sugestao,Alternativas: nome_fornecedor (Fornecedor),name,PERONI POMPE SpA,sim
2662,invoices.pdf,INVOICE,exporter.address,endereco_fornecedor,Fornecedor,alta,,address,"Via Tacito, 4 - 20094 Corsico (MI) Italia",sim
2663,invoices.pdf,INVOICE,exporter.country,pais_fornecedor,Fornecedor,alta,,country,Italy,sim
2664,invoices.pdf,INVOICE,exporter.state,estado_provincia_fornecedor,Fornecedor,alta,,state,,nao
2665,invoices.pdf,INVOICE,exporter.city,cidade_fornecedor,Fornecedor,alta,,city,Corsico,sim
2666,invoices.pdf,INVOICE,exporter.zipCode,cep_zipcode_fornecedor,Fornecedor,alta,,zipCode,20094,sim
2667,invoices.pdf,INVOICE,exporter.taxId,tin_fornecedor,Fornecedor,alta,,taxId,IT 00745820159,sim
2668,invoices.pdf,INVOICE,exporter.phone,telefone_fornecedor,Fornecedor,alta,,phone,+39 02 489 40.1,sim
2669,invoices.pdf,INVOICE,exporter.email,email_fornecedor,Fornecedor,alta,,email,,nao
2670,invoices.pdf,INVOICE,importer.name,nome_importador_item,PedidoItem,sugestao,Alternativas: nome_fornecedor (Fornecedor),name,SUPERQUIP SERVICOS E EQUIPAMENTOS TECNICOS LTDA,sim
2671,invoices.pdf,INVOICE,importer.address,endereco_fornecedor,Fornecedor,alta,,address,RUA MEXICO 3-18° ANDAR CENTRO 20031-144 RIO DE JANEIRO RJ BRASILEIRA,sim
2672,invoices.pdf,INVOICE,importer.country,pais_fornecedor,Fornecedor,alta,,country,BRASIL,sim
2673,invoices.pdf,INVOICE,importer.state,estado_provincia_fornecedor,Fornecedor,alta,,state,RJ,sim
2674,invoices.pdf,INVOICE,importer.city,cidade_fornecedor,Fornecedor,alta,,city,RIO DE JANEIRO,sim
2675,invoices.pdf,INVOICE,importer.zipCode,cep_zipcode_fornecedor,Fornecedor,alta,,zipCode,20031-144,sim
2676,invoices.pdf,INVOICE,importer.taxId,cnpj_fornecedor,Fornecedor,alta,,taxId,CNPJ30712061/0001-42,sim
2677,invoices.pdf,INVOICE,importer.phone,telefone_fornecedor,Fornecedor,alta,,phone,+55.21.22625355,sim
2678,invoices.pdf,INVOICE,importer.email,email_fornecedor,Fornecedor,alta,,email,,nao
2679,invoices.pdf,INVOICE,shipment.modal,modal_frete_internacional_processo,LogisticaInternacionalProcesso,alta,,modal,,nao
2680,invoices.pdf,INVOICE,shipment.carrier,,,,,carrier,,nao
2681,invoices.pdf,INVOICE,shipment.vesselName,,,,,vesselName,,nao
2682,invoices.pdf,INVOICE,shipment.airports.origin,,,,,origin,,nao
2683,invoices.pdf,INVOICE,shipment.airports.destination,,,,,destination,,nao
2684,invoices.pdf,INVOICE,shipment.ports.origin,porto_origem_processo,LogisticaInternacionalProcesso,alta,,origin,,nao
2685,invoices.pdf,INVOICE,shipment.ports.loading,porto_origem_processo,LogisticaInternacionalProcesso,alta,,loading,,nao
2686,invoices.pdf,INVOICE,shipment.ports.destination,porto_destino_processo,LogisticaInternacionalProcesso,alta,,destination,,nao
2687,invoices.pdf,INVOICE,shipment.ports.discharge,porto_destino_processo,LogisticaInternacionalProcesso,alta,,discharge,,nao
2688,invoices.pdf,INVOICE,shipment.costs.freight,,,,,freight,,nao
2689,invoices.pdf,INVOICE,shipment.costs.insurance,,,,,insurance,,nao
2690,invoices.pdf,INVOICE,containerNumbers,container_numero_processo_container,ContainerProcesso,alta,,containerNumbers,,nao
2691,invoices.pdf,INVOICE,payment.method,,,,,method,,nao
2692,invoices.pdf,INVOICE,payment.terms,condicao_pagamento_item,PedidoItem,alta,,terms,60 DAYS INVOICE DATE,sim
2693,invoices.pdf,INVOICE,bankingDetails.bankName,,,,,bankName,BANCO BPM S.P.A.,sim
2694,invoices.pdf,INVOICE,bankingDetails.iban,,,,,iban,IT88H0503420100000000001975,sim
2695,invoices.pdf,INVOICE,bankingDetails.swift,,,,,swift,BAPPIT21AI6,sim
2696,invoices.pdf,INVOICE,bankingDetails.accountNumber,,,,,accountNumber,,nao
2697,invoices.pdf,INVOICE,bankingDetails.beneficiary,,,,,beneficiary,,nao
2698,invoices.pdf,INVOICE,bankingDetails.branchCode,,,,,branchCode,,nao
2699,invoices.pdf,INVOICE,bankingDetails.fullText,,,,,fullText,"BANCO BPM S.P.A. SWIFT BAPPIT21AI6 VICOLO CONCORDIA, 7-9 BOLLATE MI IBAN:IT88H0503420100000000001975",sim
2700,invoices.pdf,INVOICE,packageSummary.totalGrossWeight,,,,,totalGrossWeight,"7,50 KG",sim
2701,invoices.pdf,INVOICE,packageSummary.totalNetWeight,,,,,totalNetWeight,"5,00 KG",sim
2702,invoices.pdf,INVOICE,packageSummary.commercialUnit,,,,,commercialUnit,Boxes,sim
2703,invoices.pdf,INVOICE,packageSummary.totalTareWeight,,,,,totalTareWeight,,nao
2704,invoices.pdf,INVOICE,packageSummary.totalCubicMeasurement,,,,,totalCubicMeasurement,"0,05 MC",sim
2705,invoices.pdf,INVOICE,packageSummary.totalPackages,,,,,totalPackages,"1,00",sim
2706,invoices.pdf,INVOICE,currency.type,moeda_item,PedidoItem,alta,,type,Eur,sim
2707,invoices.pdf,INVOICE,currency.exchangeRate,,,,,exchangeRate,,nao
2708,invoices.pdf,INVOICE,items_quantity,,,,,items_quantity,7,sim
2709,invoices.pdf,INVOICE,values.totalDocumentValue,,,,,totalDocumentValue,4323.00,sim
2710,invoices.pdf,INVOICE,values.discountsOrAdditions,,,,,discountsOrAdditions,,nao
2711,invoices.pdf,INVOICE,values.otherCharges,,,,,otherCharges,,nao
2712,invoices.pdf,INVOICE,observations,,,,,observations,DEL. NO 157112 of 29/01/25 Our ref. 2819563 B | Your ref. order 29/10/24 101H/24 Our ref. order 4 24690 2024/97 & 27003 | GOODS OF ITALIAN ORIGIN DESTINED TO EXPORT | COMMODITY: SPARE PARTS FOR PUMPS | CUSTOMS TARIFF: 8413.9100 | NO. 1 CARTON BOX DIM CMS 40x30x30,sim
2713,invoices.pdf,INVOICE,isSigned,,,,,isSigned,false,sim
2714,invoices.pdf,INVOICE,additionalFields.Código do Cliente,,,,,Código do Cliente,0503SU20000,sim
2715,invoices.pdf,INVOICE,additionalFields.Ordem de Trabalho,,,,,Ordem de Trabalho,4O690,sim
2716,invoices.pdf,INVOICE,items[].descriptions.english,descricao_completa_item_en,PedidoItem,alta,,english,SEEGER RING D 75,sim
2717,invoices.pdf,INVOICE,items[].descriptions.portuguese,descricao_completa_item_pt,PedidoItem,alta,,portuguese,,nao
2718,invoices.pdf,INVOICE,items[].weights.unit,,,,,unit,PZ,sim
2719,invoices.pdf,INVOICE,items[].weights.net,,,,,net,,nao
2720,invoices.pdf,INVOICE,items[].weights.gross,,,,,gross,,nao
2721,invoices.pdf,INVOICE,items[].volume.packageType,,,,,packageType,,nao
2722,invoices.pdf,INVOICE,items[].volume.dimensions,,,,,dimensions,,nao
2723,invoices.pdf,INVOICE,items[].volume.size,,,,,size,,nao
2724,invoices.pdf,INVOICE,items[].volume.quantity,,,,,quantity,,nao
2725,invoices.pdf,INVOICE,items[].partNumber,part_number_item,PedidoItem,alta,,partNumber,EBF000002052H99,sim
2726,invoices.pdf,INVOICE,items[].poNumber,,,,,poNumber,4513792426,sim
2727,invoices.pdf,INVOICE,items[].itemQuantity,,,,,itemQuantity,"2,00",sim
2728,invoices.pdf,INVOICE,items[].itemCurrency,,,,,itemCurrency,Eur,sim
2729,invoices.pdf,INVOICE,items[].itemUnitPriceWithCurrency,,,,,itemUnitPriceWithCurrency,"35,000",sim
2730,invoices.pdf,INVOICE,items[].itemTotalPriceWithCurrency,,,,,itemTotalPriceWithCurrency,"70,00",sim
2731,invoices.pdf,INVOICE,items[].ncm,,,,,ncm,,nao
2732,invoices.pdf,INVOICE,items[].hsCode,,,,,hsCode,,nao
2733,invoices.pdf,INVOICE,items[].originCountry,,,,,originCountry,,nao
2734,invoices.pdf,INVOICE,items[].manufacturer,,,,,manufacturer,,nao
2735,invoices.pdf,INVOICE,document.documentNumber,numero_invoice_item,PedidoItem,alta,,documentNumber,2250126,sim
2736,invoices.pdf,INVOICE,document.documentType,,,,,documentType,Invoice,sim
2737,invoices.pdf,INVOICE,document.documentDate,,,,,documentDate,2025-01-24,sim
2738,invoices.pdf,INVOICE,document.incoterm,incoterm_item,PedidoItem,sugestao,Alternativas: incoterm_processo (LogisticaInternacionalProcesso),incoterm,EXW,sim
2739,invoices.pdf,INVOICE,document.incotermLocation,,,,,incotermLocation,EX WORKS,sim
2740,invoices.pdf,INVOICE,document.originCountry,,,,,originCountry,ITALY,sim
2741,invoices.pdf,INVOICE,document.countryOfAcquisition,,,,,countryOfAcquisition,,nao
2742,invoices.pdf,INVOICE,document.countryOfProvenance,,,,,countryOfProvenance,,nao
2743,invoices.pdf,INVOICE,document.shippedOnBoardDate,,,,,shippedOnBoardDate,,nao
2744,invoices.pdf,INVOICE,exporter.name,nome_exportador_item,PedidoItem,sugestao,Alternativas: nome_fornecedor (Fornecedor),name,PERONI POMPE SpA,sim
2745,invoices.pdf,INVOICE,exporter.address,endereco_fornecedor,Fornecedor,alta,,address,"Via Tacito, 4 - 20094 Corsico (MI) Italia",sim
2746,invoices.pdf,INVOICE,exporter.country,pais_fornecedor,Fornecedor,alta,,country,Italy,sim
2747,invoices.pdf,INVOICE,exporter.state,estado_provincia_fornecedor,Fornecedor,alta,,state,,nao
2748,invoices.pdf,INVOICE,exporter.city,cidade_fornecedor,Fornecedor,alta,,city,Corsico,sim
2749,invoices.pdf,INVOICE,exporter.zipCode,cep_zipcode_fornecedor,Fornecedor,alta,,zipCode,20094,sim
2750,invoices.pdf,INVOICE,exporter.taxId,tin_fornecedor,Fornecedor,alta,,taxId,IT 00745820159,sim
2751,invoices.pdf,INVOICE,exporter.phone,telefone_fornecedor,Fornecedor,alta,,phone,+39 02 489 40.1,sim
2752,invoices.pdf,INVOICE,exporter.email,email_fornecedor,Fornecedor,alta,,email,,nao
2753,invoices.pdf,INVOICE,importer.name,nome_importador_item,PedidoItem,sugestao,Alternativas: nome_fornecedor (Fornecedor),name,SUPERQUIP SERVICOS E EQUIPAMENTOS TECNICOS LTDA,sim
2754,invoices.pdf,INVOICE,importer.address,endereco_fornecedor,Fornecedor,alta,,address,RUA MEXICO 3-18° ANDAR CENTRO 20031-144 RIO DE JANEIRO RJ BRASILEIRA,sim
2755,invoices.pdf,INVOICE,importer.country,pais_fornecedor,Fornecedor,alta,,country,BRASIL,sim
2756,invoices.pdf,INVOICE,importer.state,estado_provincia_fornecedor,Fornecedor,alta,,state,RJ,sim
2757,invoices.pdf,INVOICE,importer.city,cidade_fornecedor,Fornecedor,alta,,city,RIO DE JANEIRO,sim
2758,invoices.pdf,INVOICE,importer.zipCode,cep_zipcode_fornecedor,Fornecedor,alta,,zipCode,20031-144,sim
2759,invoices.pdf,INVOICE,importer.taxId,cnpj_fornecedor,Fornecedor,alta,,taxId,CNPJ30712061/0001-42,sim
2760,invoices.pdf,INVOICE,importer.phone,telefone_fornecedor,Fornecedor,alta,,phone,+55.21.22625355,sim
2761,invoices.pdf,INVOICE,importer.email,email_fornecedor,Fornecedor,alta,,email,,nao
2762,invoices.pdf,INVOICE,shipment.modal,modal_frete_internacional_processo,LogisticaInternacionalProcesso,alta,,modal,,nao
2763,invoices.pdf,INVOICE,shipment.carrier,,,,,carrier,,nao
2764,invoices.pdf,INVOICE,shipment.vesselName,,,,,vesselName,,nao
2765,invoices.pdf,INVOICE,shipment.airports.origin,,,,,origin,,nao
2766,invoices.pdf,INVOICE,shipment.airports.destination,,,,,destination,,nao
2767,invoices.pdf,INVOICE,shipment.ports.origin,porto_origem_processo,LogisticaInternacionalProcesso,alta,,origin,,nao
2768,invoices.pdf,INVOICE,shipment.ports.loading,porto_origem_processo,LogisticaInternacionalProcesso,alta,,loading,,nao
2769,invoices.pdf,INVOICE,shipment.ports.destination,porto_destino_processo,LogisticaInternacionalProcesso,alta,,destination,,nao
2770,invoices.pdf,INVOICE,shipment.ports.discharge,porto_destino_processo,LogisticaInternacionalProcesso,alta,,discharge,,nao
2771,invoices.pdf,INVOICE,shipment.costs.freight,,,,,freight,,nao
2772,invoices.pdf,INVOICE,shipment.costs.insurance,,,,,insurance,,nao
2773,invoices.pdf,INVOICE,containerNumbers,container_numero_processo_container,ContainerProcesso,alta,,containerNumbers,,nao
2774,invoices.pdf,INVOICE,payment.method,,,,,method,,nao
2775,invoices.pdf,INVOICE,payment.terms,condicao_pagamento_item,PedidoItem,alta,,terms,60 DAYS INVOICE DATE,sim
2776,invoices.pdf,INVOICE,bankingDetails.bankName,,,,,bankName,BANCO BPM S.P.A.,sim
2777,invoices.pdf,INVOICE,bankingDetails.iban,,,,,iban,IT88H0503420100000000001975,sim
2778,invoices.pdf,INVOICE,bankingDetails.swift,,,,,swift,BAPPIT21AI6,sim
2779,invoices.pdf,INVOICE,bankingDetails.accountNumber,,,,,accountNumber,,nao
2780,invoices.pdf,INVOICE,bankingDetails.beneficiary,,,,,beneficiary,,nao
2781,invoices.pdf,INVOICE,bankingDetails.branchCode,,,,,branchCode,,nao
2782,invoices.pdf,INVOICE,bankingDetails.fullText,,,,,fullText,"BANCO BPM S.P.A. SWIFT BAPPIT21AI6 VICOLO CONCORDIA, 7-9 BOLLATE MI IBAN:IT88H0503420100000000001975",sim
2783,invoices.pdf,INVOICE,packageSummary.totalGrossWeight,,,,,totalGrossWeight,"13,00 KG",sim
2784,invoices.pdf,INVOICE,packageSummary.totalNetWeight,,,,,totalNetWeight,"10,36 KG",sim
2785,invoices.pdf,INVOICE,packageSummary.commercialUnit,,,,,commercialUnit,Boxes,sim
2786,invoices.pdf,INVOICE,packageSummary.totalTareWeight,,,,,totalTareWeight,,nao
2787,invoices.pdf,INVOICE,packageSummary.totalCubicMeasurement,,,,,totalCubicMeasurement,"0,05 MC",sim
2788,invoices.pdf,INVOICE,packageSummary.totalPackages,,,,,totalPackages,"1,00",sim
2789,invoices.pdf,INVOICE,currency.type,moeda_item,PedidoItem,alta,,type,Eur,sim
2790,invoices.pdf,INVOICE,currency.exchangeRate,,,,,exchangeRate,,nao
2791,invoices.pdf,INVOICE,items_quantity,,,,,items_quantity,11,sim
2792,invoices.pdf,INVOICE,values.totalDocumentValue,,,,,totalDocumentValue,36299.00,sim
2793,invoices.pdf,INVOICE,values.discountsOrAdditions,,,,,discountsOrAdditions,,nao
2794,invoices.pdf,INVOICE,values.otherCharges,,,,,otherCharges,,nao
2795,invoices.pdf,INVOICE,observations,,,,,observations,DEL. NO 157101 of 23/01/25 Our ref. 2819578 B | Your ref. order 29/10/24 003Y/24 Our ref. order 4 24691 2024/97 & 27003 | GOODS OF ITALIAN ORIGIN DESTINED TO EXPORT | COMMODITY: SPARE PARTS FOR PUMPS | CUSTOMS TARIFF: 8413.9100 | NO. 1 CARTON BOX DIM CMS 40x30x30,sim
2796,invoices.pdf,INVOICE,isSigned,,,,,isSigned,false,sim
2797,invoices.pdf,INVOICE,additionalFields.Código do Cliente,,,,,Código do Cliente,0503SU20000,sim
2798,invoices.pdf,INVOICE,additionalFields.Ordem de Trabalho,,,,,Ordem de Trabalho,4O691,sim
2799,invoices.pdf,INVOICE,items[].descriptions.english,descricao_completa_item_en,PedidoItem,alta,,english,GUIDE RING ø55,sim
2800,invoices.pdf,INVOICE,items[].descriptions.portuguese,descricao_completa_item_pt,PedidoItem,alta,,portuguese,,nao
2801,invoices.pdf,INVOICE,items[].weights.unit,,,,,unit,PZ,sim
2802,invoices.pdf,INVOICE,items[].weights.net,,,,,net,,nao
2803,invoices.pdf,INVOICE,items[].weights.gross,,,,,gross,,nao
2804,invoices.pdf,INVOICE,items[].volume.packageType,,,,,packageType,,nao
2805,invoices.pdf,INVOICE,items[].volume.dimensions,,,,,dimensions,,nao
2806,invoices.pdf,INVOICE,items[].volume.size,,,,,size,,nao
2807,invoices.pdf,INVOICE,items[].volume.quantity,,,,,quantity,,nao
2808,invoices.pdf,INVOICE,items[].partNumber,part_number_item,PedidoItem,alta,,partNumber,3110N0138M00X11,sim
2809,invoices.pdf,INVOICE,items[].poNumber,,,,,poNumber,4513794585,sim
2810,invoices.pdf,INVOICE,items[].itemQuantity,,,,,itemQuantity,"12,00",sim
2811,invoices.pdf,INVOICE,items[].itemCurrency,,,,,itemCurrency,Eur,sim
2812,invoices.pdf,INVOICE,items[].itemUnitPriceWithCurrency,,,,,itemUnitPriceWithCurrency,"46,000",sim
2813,invoices.pdf,INVOICE,items[].itemTotalPriceWithCurrency,,,,,itemTotalPriceWithCurrency,"552,00",sim
2814,invoices.pdf,INVOICE,items[].ncm,,,,,ncm,,nao
2815,invoices.pdf,INVOICE,items[].hsCode,,,,,hsCode,,nao
2816,invoices.pdf,INVOICE,items[].originCountry,,,,,originCountry,,nao
2817,invoices.pdf,INVOICE,items[].manufacturer,,,,,manufacturer,,nao
2818,invoices.pdf,INVOICE,document.documentNumber,numero_invoice_item,PedidoItem,alta,,documentNumber,2250076,sim
2819,invoices.pdf,INVOICE,document.documentType,,,,,documentType,Invoice,sim
2820,invoices.pdf,INVOICE,document.documentDate,,,,,documentDate,2025-01-13,sim
2821,invoices.pdf,INVOICE,document.incoterm,incoterm_item,PedidoItem,sugestao,Alternativas: incoterm_processo (LogisticaInternacionalProcesso),incoterm,EXW,sim
2822,invoices.pdf,INVOICE,document.incotermLocation,,,,,incotermLocation,EX WORKS,sim
2823,invoices.pdf,INVOICE,document.originCountry,,,,,originCountry,ITALY,sim
2824,invoices.pdf,INVOICE,document.countryOfAcquisition,,,,,countryOfAcquisition,,nao
2825,invoices.pdf,INVOICE,document.countryOfProvenance,,,,,countryOfProvenance,,nao
2826,invoices.pdf,INVOICE,document.shippedOnBoardDate,,,,,shippedOnBoardDate,,nao
2827,invoices.pdf,INVOICE,exporter.name,nome_exportador_item,PedidoItem,sugestao,Alternativas: nome_fornecedor (Fornecedor),name,PERONI POMPE SpA,sim
2828,invoices.pdf,INVOICE,exporter.address,endereco_fornecedor,Fornecedor,alta,,address,"Via Tacito, 4 - 20094 Corsico (MI) Italia",sim
2829,invoices.pdf,INVOICE,exporter.country,pais_fornecedor,Fornecedor,alta,,country,Italy,sim
2830,invoices.pdf,INVOICE,exporter.state,estado_provincia_fornecedor,Fornecedor,alta,,state,,nao
2831,invoices.pdf,INVOICE,exporter.city,cidade_fornecedor,Fornecedor,alta,,city,Corsico,sim
2832,invoices.pdf,INVOICE,exporter.zipCode,cep_zipcode_fornecedor,Fornecedor,alta,,zipCode,20094,sim
2833,invoices.pdf,INVOICE,exporter.taxId,tin_fornecedor,Fornecedor,alta,,taxId,IT 00745820159,sim
2834,invoices.pdf,INVOICE,exporter.phone,telefone_fornecedor,Fornecedor,alta,,phone,+39 02 489 40.1,sim
2835,invoices.pdf,INVOICE,exporter.email,email_fornecedor,Fornecedor,alta,,email,,nao
2836,invoices.pdf,INVOICE,importer.name,nome_importador_item,PedidoItem,sugestao,Alternativas: nome_fornecedor (Fornecedor),name,SUPERQUIP SERVICOS E EQUIPAMENTOS TECNICOS LTDA,sim
2837,invoices.pdf,INVOICE,importer.address,endereco_fornecedor,Fornecedor,alta,,address,RUA MEXICO 3-18° ANDAR CENTRO 20031-144 RIO DE JANEIRO RJ BRASILEIRA,sim
2838,invoices.pdf,INVOICE,importer.country,pais_fornecedor,Fornecedor,alta,,country,BRASIL,sim
2839,invoices.pdf,INVOICE,importer.state,estado_provincia_fornecedor,Fornecedor,alta,,state,RJ,sim
2840,invoices.pdf,INVOICE,importer.city,cidade_fornecedor,Fornecedor,alta,,city,RIO DE JANEIRO,sim
2841,invoices.pdf,INVOICE,importer.zipCode,cep_zipcode_fornecedor,Fornecedor,alta,,zipCode,20031-144,sim
2842,invoices.pdf,INVOICE,importer.taxId,cnpj_fornecedor,Fornecedor,alta,,taxId,CNPJ30712061/0001-42,sim
2843,invoices.pdf,INVOICE,importer.phone,telefone_fornecedor,Fornecedor,alta,,phone,+55.21.22625355,sim
2844,invoices.pdf,INVOICE,importer.email,email_fornecedor,Fornecedor,alta,,email,,nao
2845,invoices.pdf,INVOICE,shipment.modal,modal_frete_internacional_processo,LogisticaInternacionalProcesso,alta,,modal,,nao
2846,invoices.pdf,INVOICE,shipment.carrier,,,,,carrier,,nao
2847,invoices.pdf,INVOICE,shipment.vesselName,,,,,vesselName,,nao
2848,invoices.pdf,INVOICE,shipment.airports.origin,,,,,origin,,nao
2849,invoices.pdf,INVOICE,shipment.airports.destination,,,,,destination,,nao
2850,invoices.pdf,INVOICE,shipment.ports.origin,porto_origem_processo,LogisticaInternacionalProcesso,alta,,origin,,nao
2851,invoices.pdf,INVOICE,shipment.ports.loading,porto_origem_processo,LogisticaInternacionalProcesso,alta,,loading,,nao
2852,invoices.pdf,INVOICE,shipment.ports.destination,porto_destino_processo,LogisticaInternacionalProcesso,alta,,destination,,nao
2853,invoices.pdf,INVOICE,shipment.ports.discharge,porto_destino_processo,LogisticaInternacionalProcesso,alta,,discharge,,nao
2854,invoices.pdf,INVOICE,shipment.costs.freight,,,,,freight,,nao
2855,invoices.pdf,INVOICE,shipment.costs.insurance,,,,,insurance,,nao
2856,invoices.pdf,INVOICE,containerNumbers,container_numero_processo_container,ContainerProcesso,alta,,containerNumbers,,nao
2857,invoices.pdf,INVOICE,payment.method,,,,,method,,nao
2858,invoices.pdf,INVOICE,payment.terms,condicao_pagamento_item,PedidoItem,alta,,terms,60 DAYS INVOICE DATE,sim
2859,invoices.pdf,INVOICE,bankingDetails.bankName,,,,,bankName,BANCO BPM S.P.A.,sim
2860,invoices.pdf,INVOICE,bankingDetails.iban,,,,,iban,IT88H0503420100000000001975,sim
2861,invoices.pdf,INVOICE,bankingDetails.swift,,,,,swift,BAPPIT21AI6,sim
2862,invoices.pdf,INVOICE,bankingDetails.accountNumber,,,,,accountNumber,,nao
2863,invoices.pdf,INVOICE,bankingDetails.beneficiary,,,,,beneficiary,,nao
2864,invoices.pdf,INVOICE,bankingDetails.branchCode,,,,,branchCode,,nao
2865,invoices.pdf,INVOICE,bankingDetails.fullText,,,,,fullText,"BANCO BPM S.P.A. SWIFT BAPPIT21AI6 VICOLO CONCORDIA, 7-9 BOLLATE MI IBAN:IT88H0503420100000000001975",sim
2866,invoices.pdf,INVOICE,packageSummary.totalGrossWeight,,,,,totalGrossWeight,"11,00 KG",sim
2867,invoices.pdf,INVOICE,packageSummary.totalNetWeight,,,,,totalNetWeight,"8,72 KG",sim
2868,invoices.pdf,INVOICE,packageSummary.commercialUnit,,,,,commercialUnit,Boxes,sim
2869,invoices.pdf,INVOICE,packageSummary.totalTareWeight,,,,,totalTareWeight,,nao
2870,invoices.pdf,INVOICE,packageSummary.totalCubicMeasurement,,,,,totalCubicMeasurement,"0,04 MC",sim
2871,invoices.pdf,INVOICE,packageSummary.totalPackages,,,,,totalPackages,"1,00",sim
2872,invoices.pdf,INVOICE,currency.type,moeda_item,PedidoItem,alta,,type,Eur,sim
2873,invoices.pdf,INVOICE,currency.exchangeRate,,,,,exchangeRate,,nao
2874,invoices.pdf,INVOICE,items_quantity,,,,,items_quantity,7,sim
2875,invoices.pdf,INVOICE,values.totalDocumentValue,,,,,totalDocumentValue,6276.00,sim
2876,invoices.pdf,INVOICE,values.discountsOrAdditions,,,,,discountsOrAdditions,,nao
2877,invoices.pdf,INVOICE,values.otherCharges,,,,,otherCharges,,nao
2878,invoices.pdf,INVOICE,observations,,,,,observations,DEL. NO 157048 of 13/01/25 Our ref. 2819732 B | Your ref. order 06/12/24 003AF/24 Our ref. order 4 24796 27001 & 27010 | GOODS OF ITALIAN ORIGIN DESTINED TO EXPORT | COMMODITY: SPARE PARTS FOR PUMPS | CUSTOMS TARIFF: 8413.9100 | NO. 1 CARTON BOX DIM CMS 40x30x30,sim
2879,invoices.pdf,INVOICE,isSigned,,,,,isSigned,false,sim
2880,invoices.pdf,INVOICE,additionalFields.Código do Cliente,,,,,Código do Cliente,0503SU20000,sim
2881,invoices.pdf,INVOICE,additionalFields.Ordem de Trabalho,,,,,Ordem de Trabalho,4O796,sim
2882,invoices.pdf,INVOICE,items[].descriptions.english,descricao_completa_item_en,PedidoItem,alta,,english,MIM GASKET 85-126-12,sim
2883,invoices.pdf,INVOICE,items[].descriptions.portuguese,descricao_completa_item_pt,PedidoItem,alta,,portuguese,,nao
2884,invoices.pdf,INVOICE,items[].weights.unit,,,,,unit,PZ,sim
2885,invoices.pdf,INVOICE,items[].weights.net,,,,,net,,nao
2886,invoices.pdf,INVOICE,items[].weights.gross,,,,,gross,,nao
2887,invoices.pdf,INVOICE,items[].volume.packageType,,,,,packageType,,nao
2888,invoices.pdf,INVOICE,items[].volume.dimensions,,,,,dimensions,,nao
2889,invoices.pdf,INVOICE,items[].volume.size,,,,,size,,nao
2890,invoices.pdf,INVOICE,items[].volume.quantity,,,,,quantity,,nao
2891,invoices.pdf,INVOICE,items[].partNumber,part_number_item,PedidoItem,alta,,partNumber,VBF000010646X64,sim
2892,invoices.pdf,INVOICE,items[].poNumber,,,,,poNumber,4513899428,sim
2893,invoices.pdf,INVOICE,items[].itemQuantity,,,,,itemQuantity,"6,00",sim
2894,invoices.pdf,INVOICE,items[].itemCurrency,,,,,itemCurrency,Eur,sim
2895,invoices.pdf,INVOICE,items[].itemUnitPriceWithCurrency,,,,,itemUnitPriceWithCurrency,"78,000",sim
2896,invoices.pdf,INVOICE,items[].itemTotalPriceWithCurrency,,,,,itemTotalPriceWithCurrency,"468,00",sim
2897,invoices.pdf,INVOICE,items[].ncm,,,,,ncm,,nao
2898,invoices.pdf,INVOICE,items[].hsCode,,,,,hsCode,,nao
2899,invoices.pdf,INVOICE,items[].originCountry,,,,,originCountry,,nao
2900,invoices.pdf,INVOICE,items[].manufacturer,,,,,manufacturer,,nao
2901,invoices.pdf,INVOICE,document.documentNumber,numero_invoice_item,PedidoItem,alta,,documentNumber,2250177,sim
2902,invoices.pdf,INVOICE,document.documentType,,,,,documentType,Invoice,sim
2903,invoices.pdf,INVOICE,document.documentDate,,,,,documentDate,2025-02-12,sim
2904,invoices.pdf,INVOICE,document.incoterm,incoterm_item,PedidoItem,sugestao,Alternativas: incoterm_processo (LogisticaInternacionalProcesso),incoterm,EXW,sim
2905,invoices.pdf,INVOICE,document.incotermLocation,,,,,incotermLocation,EX WORKS,sim
2906,invoices.pdf,INVOICE,document.originCountry,,,,,originCountry,ITALY,sim
2907,invoices.pdf,INVOICE,document.countryOfAcquisition,,,,,countryOfAcquisition,,nao
2908,invoices.pdf,INVOICE,document.countryOfProvenance,,,,,countryOfProvenance,,nao
2909,invoices.pdf,INVOICE,document.shippedOnBoardDate,,,,,shippedOnBoardDate,,nao
2910,invoices.pdf,INVOICE,exporter.name,nome_exportador_item,PedidoItem,sugestao,Alternativas: nome_fornecedor (Fornecedor),name,PERONI POMPE SpA,sim
2911,invoices.pdf,INVOICE,exporter.address,endereco_fornecedor,Fornecedor,alta,,address,"Via Tacito, 4 - 20094 Corsico (MI) Italia",sim
2912,invoices.pdf,INVOICE,exporter.country,pais_fornecedor,Fornecedor,alta,,country,Italy,sim
2913,invoices.pdf,INVOICE,exporter.state,estado_provincia_fornecedor,Fornecedor,alta,,state,,nao
2914,invoices.pdf,INVOICE,exporter.city,cidade_fornecedor,Fornecedor,alta,,city,Corsico,sim
2915,invoices.pdf,INVOICE,exporter.zipCode,cep_zipcode_fornecedor,Fornecedor,alta,,zipCode,20094,sim
2916,invoices.pdf,INVOICE,exporter.taxId,tin_fornecedor,Fornecedor,alta,,taxId,IT 00745820159,sim
2917,invoices.pdf,INVOICE,exporter.phone,telefone_fornecedor,Fornecedor,alta,,phone,+39 02 489 40.1,sim
2918,invoices.pdf,INVOICE,exporter.email,email_fornecedor,Fornecedor,alta,,email,,nao
2919,invoices.pdf,INVOICE,importer.name,nome_importador_item,PedidoItem,sugestao,Alternativas: nome_fornecedor (Fornecedor),name,SUPERQUIP SERVICOS E EQUIPAMENTOS TECNICOS LTDA,sim
2920,invoices.pdf,INVOICE,importer.address,endereco_fornecedor,Fornecedor,alta,,address,RUA MEXICO 3-18° ANDAR CENTRO 20031-144 RIO DE JANEIRO RJ BRASILEIRA,sim
2921,invoices.pdf,INVOICE,importer.country,pais_fornecedor,Fornecedor,alta,,country,BRASIL,sim
2922,invoices.pdf,INVOICE,importer.state,estado_provincia_fornecedor,Fornecedor,alta,,state,RJ,sim
2923,invoices.pdf,INVOICE,importer.city,cidade_fornecedor,Fornecedor,alta,,city,RIO DE JANEIRO,sim
2924,invoices.pdf,INVOICE,importer.zipCode,cep_zipcode_fornecedor,Fornecedor,alta,,zipCode,20031-144,sim
2925,invoices.pdf,INVOICE,importer.taxId,cnpj_fornecedor,Fornecedor,alta,,taxId,CNPJ30712061/0001-42,sim
2926,invoices.pdf,INVOICE,importer.phone,telefone_fornecedor,Fornecedor,alta,,phone,+55.21.22625355,sim
2927,invoices.pdf,INVOICE,importer.email,email_fornecedor,Fornecedor,alta,,email,,nao
2928,invoices.pdf,INVOICE,shipment.modal,modal_frete_internacional_processo,LogisticaInternacionalProcesso,alta,,modal,,nao
2929,invoices.pdf,INVOICE,shipment.carrier,,,,,carrier,,nao
2930,invoices.pdf,INVOICE,shipment.vesselName,,,,,vesselName,,nao
2931,invoices.pdf,INVOICE,shipment.airports.origin,,,,,origin,,nao
2932,invoices.pdf,INVOICE,shipment.airports.destination,,,,,destination,,nao
2933,invoices.pdf,INVOICE,shipment.ports.origin,porto_origem_processo,LogisticaInternacionalProcesso,alta,,origin,,nao
2934,invoices.pdf,INVOICE,shipment.ports.loading,porto_origem_processo,LogisticaInternacionalProcesso,alta,,loading,,nao
2935,invoices.pdf,INVOICE,shipment.ports.destination,porto_destino_processo,LogisticaInternacionalProcesso,alta,,destination,,nao
2936,invoices.pdf,INVOICE,shipment.ports.discharge,porto_destino_processo,LogisticaInternacionalProcesso,alta,,discharge,,nao
2937,invoices.pdf,INVOICE,shipment.costs.freight,,,,,freight,,nao
2938,invoices.pdf,INVOICE,shipment.costs.insurance,,,,,insurance,,nao
2939,invoices.pdf,INVOICE,containerNumbers,container_numero_processo_container,ContainerProcesso,alta,,containerNumbers,,nao
2940,invoices.pdf,INVOICE,payment.method,,,,,method,,nao
2941,invoices.pdf,INVOICE,payment.terms,condicao_pagamento_item,PedidoItem,alta,,terms,60 DAYS INVOICE DATE,sim
2942,invoices.pdf,INVOICE,bankingDetails.bankName,,,,,bankName,BANCO BPM S.P.A.,sim
2943,invoices.pdf,INVOICE,bankingDetails.iban,,,,,iban,IT88H0503420100000000001975,sim
2944,invoices.pdf,INVOICE,bankingDetails.swift,,,,,swift,BAPPIT21AI6,sim
2945,invoices.pdf,INVOICE,bankingDetails.accountNumber,,,,,accountNumber,,nao
2946,invoices.pdf,INVOICE,bankingDetails.beneficiary,,,,,beneficiary,,nao
2947,invoices.pdf,INVOICE,bankingDetails.branchCode,,,,,branchCode,,nao
2948,invoices.pdf,INVOICE,bankingDetails.fullText,,,,,fullText,"BANCO BPM S.P.A. SWIFT BAPPIT22 VICOLO CONCORDIA, 7-9 BOLLATE MI IBAN:IT88H0503420100000000001975",sim
2949,invoices.pdf,INVOICE,packageSummary.totalGrossWeight,,,,,totalGrossWeight,"1,24 KG",sim
2950,invoices.pdf,INVOICE,packageSummary.totalNetWeight,,,,,totalNetWeight,"0,77 KG",sim
2951,invoices.pdf,INVOICE,packageSummary.commercialUnit,,,,,commercialUnit,Boxes,sim
2952,invoices.pdf,INVOICE,packageSummary.totalTareWeight,,,,,totalTareWeight,,nao
2953,invoices.pdf,INVOICE,packageSummary.totalCubicMeasurement,,,,,totalCubicMeasurement,"0,01 MC",sim
2954,invoices.pdf,INVOICE,packageSummary.totalPackages,,,,,totalPackages,"1,00",sim
2955,invoices.pdf,INVOICE,currency.type,moeda_item,PedidoItem,alta,,type,Eur,sim
2956,invoices.pdf,INVOICE,currency.exchangeRate,,,,,exchangeRate,,nao
2957,invoices.pdf,INVOICE,items_quantity,,,,,items_quantity,2,sim
2958,invoices.pdf,INVOICE,values.totalDocumentValue,,,,,totalDocumentValue,8322.00,sim
2959,invoices.pdf,INVOICE,values.discountsOrAdditions,,,,,discountsOrAdditions,,nao
2960,invoices.pdf,INVOICE,values.otherCharges,,,,,otherCharges,,nao
2961,invoices.pdf,INVOICE,observations,,,,,observations,DEL. NO 157151 of 12/02/25 Our ref. 2819887 B | Your ref. order 28/10/24 003V/24 Our ref. order 4 24683 24022 | GOODS OF ITALIAN ORIGIN DESTINED TO EXPORT | COMMODITY: SPARE PARTS FOR PUMPS | CUSTOMS TARIFF: 8413.9100 | NO. 1 CARTON BOX DIM CMS 30x20x20,sim
2962,invoices.pdf,INVOICE,isSigned,,,,,isSigned,false,sim
2963,invoices.pdf,INVOICE,additionalFields.Código do Cliente,,,,,Código do Cliente,0503SU20000,sim
2964,invoices.pdf,INVOICE,additionalFields.Ordem de Trabalho,,,,,Ordem de Trabalho,4O683,sim
2965,invoices.pdf,INVOICE,items[].descriptions.english,descricao_completa_item_en,PedidoItem,alta,,english,VALVE ø40,sim
2966,invoices.pdf,INVOICE,items[].descriptions.portuguese,descricao_completa_item_pt,PedidoItem,alta,,portuguese,,nao
2967,invoices.pdf,INVOICE,items[].weights.unit,,,,,unit,PZ,sim
2968,invoices.pdf,INVOICE,items[].weights.net,,,,,net,,nao
2969,invoices.pdf,INVOICE,items[].weights.gross,,,,,gross,,nao
2970,invoices.pdf,INVOICE,items[].volume.packageType,,,,,packageType,,nao
2971,invoices.pdf,INVOICE,items[].volume.dimensions,,,,,dimensions,,nao
2972,invoices.pdf,INVOICE,items[].volume.size,,,,,size,,nao
2973,invoices.pdf,INVOICE,items[].volume.quantity,,,,,quantity,,nao
2974,invoices.pdf,INVOICE,items[].partNumber,part_number_item,PedidoItem,alta,,partNumber,3100N0001F00K39,sim
2975,invoices.pdf,INVOICE,items[].poNumber,,,,,poNumber,4513772299,sim
2976,invoices.pdf,INVOICE,items[].itemQuantity,,,,,itemQuantity,"3,00",sim
2977,invoices.pdf,INVOICE,items[].itemCurrency,,,,,itemCurrency,Eur,sim
2978,invoices.pdf,INVOICE,items[].itemUnitPriceWithCurrency,,,,,itemUnitPriceWithCurrency,"1.445,000",sim
2979,invoices.pdf,INVOICE,items[].itemTotalPriceWithCurrency,,,,,itemTotalPriceWithCurrency,"4.335,00",sim
2980,invoices.pdf,INVOICE,items[].ncm,,,,,ncm,,nao
2981,invoices.pdf,INVOICE,items[].hsCode,,,,,hsCode,,nao
2982,invoices.pdf,INVOICE,items[].originCountry,,,,,originCountry,,nao
2983,invoices.pdf,INVOICE,items[].manufacturer,,,,,manufacturer,,nao
2984,invoices.pdf,INVOICE,document.documentNumber,numero_invoice_item,PedidoItem,alta,,documentNumber,2250176,sim
2985,invoices.pdf,INVOICE,document.documentType,,,,,documentType,Invoice,sim
2986,invoices.pdf,INVOICE,document.documentDate,,,,,documentDate,2025-02-12,sim
2987,invoices.pdf,INVOICE,document.incoterm,incoterm_item,PedidoItem,sugestao,Alternativas: incoterm_processo (LogisticaInternacionalProcesso),incoterm,EXW,sim
2988,invoices.pdf,INVOICE,document.incotermLocation,,,,,incotermLocation,EX WORKS,sim
2989,invoices.pdf,INVOICE,document.originCountry,,,,,originCountry,ITALY,sim
2990,invoices.pdf,INVOICE,document.countryOfAcquisition,,,,,countryOfAcquisition,,nao
2991,invoices.pdf,INVOICE,document.countryOfProvenance,,,,,countryOfProvenance,,nao
2992,invoices.pdf,INVOICE,document.shippedOnBoardDate,,,,,shippedOnBoardDate,,nao
2993,invoices.pdf,INVOICE,exporter.name,nome_exportador_item,PedidoItem,sugestao,Alternativas: nome_fornecedor (Fornecedor),name,PERONI POMPE SpA,sim
2994,invoices.pdf,INVOICE,exporter.address,endereco_fornecedor,Fornecedor,alta,,address,"Via Tacito, 4 - 20094 Corsico (MI) Italia",sim
2995,invoices.pdf,INVOICE,exporter.country,pais_fornecedor,Fornecedor,alta,,country,Italy,sim
2996,invoices.pdf,INVOICE,exporter.state,estado_provincia_fornecedor,Fornecedor,alta,,state,,nao
2997,invoices.pdf,INVOICE,exporter.city,cidade_fornecedor,Fornecedor,alta,,city,Corsico,sim
2998,invoices.pdf,INVOICE,exporter.zipCode,cep_zipcode_fornecedor,Fornecedor,alta,,zipCode,20094,sim
2999,invoices.pdf,INVOICE,exporter.taxId,tin_fornecedor,Fornecedor,alta,,taxId,IT 00745820159,sim
3000,invoices.pdf,INVOICE,exporter.phone,telefone_fornecedor,Fornecedor,alta,,phone,+39 02 489 40.1,sim
3001,invoices.pdf,INVOICE,exporter.email,email_fornecedor,Fornecedor,alta,,email,,nao
3002,invoices.pdf,INVOICE,importer.name,nome_importador_item,PedidoItem,sugestao,Alternativas: nome_fornecedor (Fornecedor),name,SUPERQUIP SERVICOS E EQUIPAMENTOS TECNICOS LTDA,sim
3003,invoices.pdf,INVOICE,importer.address,endereco_fornecedor,Fornecedor,alta,,address,RUA MEXICO 3-18° ANDAR CENTRO 20031-144 RIO DE JANEIRO RJ BRASILEIRA,sim
3004,invoices.pdf,INVOICE,importer.country,pais_fornecedor,Fornecedor,alta,,country,BRASIL,sim
3005,invoices.pdf,INVOICE,importer.state,estado_provincia_fornecedor,Fornecedor,alta,,state,RJ,sim
3006,invoices.pdf,INVOICE,importer.city,cidade_fornecedor,Fornecedor,alta,,city,RIO DE JANEIRO,sim
3007,invoices.pdf,INVOICE,importer.zipCode,cep_zipcode_fornecedor,Fornecedor,alta,,zipCode,20031-144,sim
3008,invoices.pdf,INVOICE,importer.taxId,cnpj_fornecedor,Fornecedor,alta,,taxId,CNPJ30712061/0001-42,sim
3009,invoices.pdf,INVOICE,importer.phone,telefone_fornecedor,Fornecedor,alta,,phone,+55.21.22625355,sim
3010,invoices.pdf,INVOICE,importer.email,email_fornecedor,Fornecedor,alta,,email,,nao
3011,invoices.pdf,INVOICE,shipment.modal,modal_frete_internacional_processo,LogisticaInternacionalProcesso,alta,,modal,,nao
3012,invoices.pdf,INVOICE,shipment.carrier,,,,,carrier,,nao
3013,invoices.pdf,INVOICE,shipment.vesselName,,,,,vesselName,,nao
3014,invoices.pdf,INVOICE,shipment.airports.origin,,,,,origin,,nao
3015,invoices.pdf,INVOICE,shipment.airports.destination,,,,,destination,,nao
3016,invoices.pdf,INVOICE,shipment.ports.origin,porto_origem_processo,LogisticaInternacionalProcesso,alta,,origin,,nao
3017,invoices.pdf,INVOICE,shipment.ports.loading,porto_origem_processo,LogisticaInternacionalProcesso,alta,,loading,,nao
3018,invoices.pdf,INVOICE,shipment.ports.destination,porto_destino_processo,LogisticaInternacionalProcesso,alta,,destination,,nao
3019,invoices.pdf,INVOICE,shipment.ports.discharge,porto_destino_processo,LogisticaInternacionalProcesso,alta,,discharge,,nao
3020,invoices.pdf,INVOICE,shipment.costs.freight,,,,,freight,,nao
3021,invoices.pdf,INVOICE,shipment.costs.insurance,,,,,insurance,,nao
3022,invoices.pdf,INVOICE,containerNumbers,container_numero_processo_container,ContainerProcesso,alta,,containerNumbers,,nao
3023,invoices.pdf,INVOICE,payment.method,,,,,method,,nao
3024,invoices.pdf,INVOICE,payment.terms,condicao_pagamento_item,PedidoItem,alta,,terms,60 DAYS INVOICE DATE,sim
3025,invoices.pdf,INVOICE,bankingDetails.bankName,,,,,bankName,BANCO BPM S.P.A.,sim
3026,invoices.pdf,INVOICE,bankingDetails.iban,,,,,iban,IT88H0503420100000000001975,sim
3027,invoices.pdf,INVOICE,bankingDetails.swift,,,,,swift,BAPPIT21AI6,sim
3028,invoices.pdf,INVOICE,bankingDetails.accountNumber,,,,,accountNumber,,nao
3029,invoices.pdf,INVOICE,bankingDetails.beneficiary,,,,,beneficiary,,nao
3030,invoices.pdf,INVOICE,bankingDetails.branchCode,,,,,branchCode,,nao
3031,invoices.pdf,INVOICE,bankingDetails.fullText,,,,,fullText,"BANCO BPM S.P.A. SWIFT BAPPIT22 VICOLO CONCORDIA, 7-9 BOLLATE MI IBAN:IT88H0503420100000000001975",sim
3032,invoices.pdf,INVOICE,packageSummary.totalGrossWeight,,,,,totalGrossWeight,"3,38 KG",sim
3033,invoices.pdf,INVOICE,packageSummary.totalNetWeight,,,,,totalNetWeight,"2,71 KG",sim
3034,invoices.pdf,INVOICE,packageSummary.commercialUnit,,,,,commercialUnit,Boxes,sim
3035,invoices.pdf,INVOICE,packageSummary.totalTareWeight,,,,,totalTareWeight,,nao
3036,invoices.pdf,INVOICE,packageSummary.totalCubicMeasurement,,,,,totalCubicMeasurement,"0,01 MC",sim
3037,invoices.pdf,INVOICE,packageSummary.totalPackages,,,,,totalPackages,"1,00",sim
3038,invoices.pdf,INVOICE,currency.type,moeda_item,PedidoItem,alta,,type,Eur,sim
3039,invoices.pdf,INVOICE,currency.exchangeRate,,,,,exchangeRate,,nao
3040,invoices.pdf,INVOICE,items_quantity,,,,,items_quantity,7,sim
3041,invoices.pdf,INVOICE,values.totalDocumentValue,,,,,totalDocumentValue,13432.00,sim
3042,invoices.pdf,INVOICE,values.discountsOrAdditions,,,,,discountsOrAdditions,,nao
3043,invoices.pdf,INVOICE,values.otherCharges,,,,,otherCharges,,nao
3044,invoices.pdf,INVOICE,observations,,,,,observations,DEL. NO 157150 of 12/02/25 Our ref. 2819886 B | Your ref. order 28/10/24 003U/24 Our ref. order 4 24682 24022 & 2A020 | GOODS OF ITALIAN ORIGIN DESTINED TO EXPORT | COMMODITY: SPARE PARTS FOR PUMPS | CUSTOMS TARIFF: 8413.9100 | NO. 1 CARTON BOX DIM CMS 30x20x20,sim
3045,invoices.pdf,INVOICE,isSigned,,,,,isSigned,false,sim
3046,invoices.pdf,INVOICE,additionalFields.Código do Cliente,,,,,Código do Cliente,0503SU20000,sim
3047,invoices.pdf,INVOICE,additionalFields.Ordem de Trabalho,,,,,Ordem de Trabalho,4O682,sim
3048,invoices.pdf,INVOICE,items[].descriptions.english,descricao_completa_item_en,PedidoItem,alta,,english,VALVE ø40,sim
3049,invoices.pdf,INVOICE,items[].descriptions.portuguese,descricao_completa_item_pt,PedidoItem,alta,,portuguese,,nao
3050,invoices.pdf,INVOICE,items[].weights.unit,,,,,unit,PZ,sim
3051,invoices.pdf,INVOICE,items[].weights.net,,,,,net,,nao
3052,invoices.pdf,INVOICE,items[].weights.gross,,,,,gross,,nao
3053,invoices.pdf,INVOICE,items[].volume.packageType,,,,,packageType,,nao
3054,invoices.pdf,INVOICE,items[].volume.dimensions,,,,,dimensions,,nao
3055,invoices.pdf,INVOICE,items[].volume.size,,,,,size,,nao
3056,invoices.pdf,INVOICE,items[].volume.quantity,,,,,quantity,,nao
3057,invoices.pdf,INVOICE,items[].partNumber,part_number_item,PedidoItem,alta,,partNumber,3100N0001F00K39,sim
3058,invoices.pdf,INVOICE,items[].poNumber,,,,,poNumber,4513769059,sim
3059,invoices.pdf,INVOICE,items[].itemQuantity,,,,,itemQuantity,"3,00",sim
3060,invoices.pdf,INVOICE,items[].itemCurrency,,,,,itemCurrency,Eur,sim
3061,invoices.pdf,INVOICE,items[].itemUnitPriceWithCurrency,,,,,itemUnitPriceWithCurrency,"1.445,000",sim
3062,invoices.pdf,INVOICE,items[].itemTotalPriceWithCurrency,,,,,itemTotalPriceWithCurrency,"4.335,00",sim
3063,invoices.pdf,INVOICE,items[].ncm,,,,,ncm,,nao
3064,invoices.pdf,INVOICE,items[].hsCode,,,,,hsCode,,nao
3065,invoices.pdf,INVOICE,items[].originCountry,,,,,originCountry,,nao
3066,invoices.pdf,INVOICE,items[].manufacturer,,,,,manufacturer,,nao
3067,invoices.pdf,INVOICE,document.documentNumber,numero_invoice_item,PedidoItem,alta,,documentNumber,2250035,sim
3068,invoices.pdf,INVOICE,document.documentType,,,,,documentType,Invoice,sim
3069,invoices.pdf,INVOICE,document.documentDate,,,,,documentDate,2025-01-09,sim
3070,invoices.pdf,INVOICE,document.incoterm,incoterm_item,PedidoItem,sugestao,Alternativas: incoterm_processo (LogisticaInternacionalProcesso),incoterm,EXW,sim
3071,invoices.pdf,INVOICE,document.incotermLocation,,,,,incotermLocation,EX WORKS,sim
3072,invoices.pdf,INVOICE,document.originCountry,,,,,originCountry,ITALY,sim
3073,invoices.pdf,INVOICE,document.countryOfAcquisition,,,,,countryOfAcquisition,,nao
3074,invoices.pdf,INVOICE,document.countryOfProvenance,,,,,countryOfProvenance,,nao
3075,invoices.pdf,INVOICE,document.shippedOnBoardDate,,,,,shippedOnBoardDate,,nao
3076,invoices.pdf,INVOICE,exporter.name,nome_exportador_item,PedidoItem,sugestao,Alternativas: nome_fornecedor (Fornecedor),name,PERONI POMPE SpA,sim
3077,invoices.pdf,INVOICE,exporter.address,endereco_fornecedor,Fornecedor,alta,,address,"Via Tacito, 4 - 20094 Corsico (MI) Italia",sim
3078,invoices.pdf,INVOICE,exporter.country,pais_fornecedor,Fornecedor,alta,,country,Italy,sim
3079,invoices.pdf,INVOICE,exporter.state,estado_provincia_fornecedor,Fornecedor,alta,,state,,nao
3080,invoices.pdf,INVOICE,exporter.city,cidade_fornecedor,Fornecedor,alta,,city,Corsico,sim
3081,invoices.pdf,INVOICE,exporter.zipCode,cep_zipcode_fornecedor,Fornecedor,alta,,zipCode,20094,sim
3082,invoices.pdf,INVOICE,exporter.taxId,tin_fornecedor,Fornecedor,alta,,taxId,IT 00745820159,sim
3083,invoices.pdf,INVOICE,exporter.phone,telefone_fornecedor,Fornecedor,alta,,phone,+39 02 489 40.1,sim
3084,invoices.pdf,INVOICE,exporter.email,email_fornecedor,Fornecedor,alta,,email,,nao
3085,invoices.pdf,INVOICE,importer.name,nome_importador_item,PedidoItem,sugestao,Alternativas: nome_fornecedor (Fornecedor),name,SUPERQUIP SERVICOS E EQUIPAMENTOS TECNICOS LTDA,sim
3086,invoices.pdf,INVOICE,importer.address,endereco_fornecedor,Fornecedor,alta,,address,RUA MEXICO 3-18° ANDAR CENTRO 20031-144 RIO DE JANEIRO RJ BRASILEIRA,sim
3087,invoices.pdf,INVOICE,importer.country,pais_fornecedor,Fornecedor,alta,,country,BRASIL,sim
3088,invoices.pdf,INVOICE,importer.state,estado_provincia_fornecedor,Fornecedor,alta,,state,RJ,sim
3089,invoices.pdf,INVOICE,importer.city,cidade_fornecedor,Fornecedor,alta,,city,RIO DE JANEIRO,sim
3090,invoices.pdf,INVOICE,importer.zipCode,cep_zipcode_fornecedor,Fornecedor,alta,,zipCode,20031-144,sim
3091,invoices.pdf,INVOICE,importer.taxId,cnpj_fornecedor,Fornecedor,alta,,taxId,CNPJ30712061/0001-42,sim
3092,invoices.pdf,INVOICE,importer.phone,telefone_fornecedor,Fornecedor,alta,,phone,+55.21.22625355,sim
3093,invoices.pdf,INVOICE,importer.email,email_fornecedor,Fornecedor,alta,,email,,nao
3094,invoices.pdf,INVOICE,shipment.modal,modal_frete_internacional_processo,LogisticaInternacionalProcesso,alta,,modal,,nao
3095,invoices.pdf,INVOICE,shipment.carrier,,,,,carrier,,nao
3096,invoices.pdf,INVOICE,shipment.vesselName,,,,,vesselName,,nao
3097,invoices.pdf,INVOICE,shipment.airports.origin,,,,,origin,,nao
3098,invoices.pdf,INVOICE,shipment.airports.destination,,,,,destination,,nao
3099,invoices.pdf,INVOICE,shipment.ports.origin,porto_origem_processo,LogisticaInternacionalProcesso,alta,,origin,,nao
3100,invoices.pdf,INVOICE,shipment.ports.loading,porto_origem_processo,LogisticaInternacionalProcesso,alta,,loading,,nao
3101,invoices.pdf,INVOICE,shipment.ports.destination,porto_destino_processo,LogisticaInternacionalProcesso,alta,,destination,,nao
3102,invoices.pdf,INVOICE,shipment.ports.discharge,porto_destino_processo,LogisticaInternacionalProcesso,alta,,discharge,,nao
3103,invoices.pdf,INVOICE,shipment.costs.freight,,,,,freight,,nao
3104,invoices.pdf,INVOICE,shipment.costs.insurance,,,,,insurance,,nao
3105,invoices.pdf,INVOICE,containerNumbers,container_numero_processo_container,ContainerProcesso,alta,,containerNumbers,,nao
3106,invoices.pdf,INVOICE,payment.method,,,,,method,,nao
3107,invoices.pdf,INVOICE,payment.terms,condicao_pagamento_item,PedidoItem,alta,,terms,60 DAYS INVOICE DATE,sim
3108,invoices.pdf,INVOICE,bankingDetails.bankName,,,,,bankName,BANCO BPM S.P.A.,sim
3109,invoices.pdf,INVOICE,bankingDetails.iban,,,,,iban,IT88H0503420100000000001975,sim
3110,invoices.pdf,INVOICE,bankingDetails.swift,,,,,swift,BAPPIT21AI6,sim
3111,invoices.pdf,INVOICE,bankingDetails.accountNumber,,,,,accountNumber,,nao
3112,invoices.pdf,INVOICE,bankingDetails.beneficiary,,,,,beneficiary,,nao
3113,invoices.pdf,INVOICE,bankingDetails.branchCode,,,,,branchCode,,nao
3114,invoices.pdf,INVOICE,bankingDetails.fullText,,,,,fullText,"BANCO BPM S.P.A. SWIFT BAPPIT21AI6 VICOLO CONCORDIA, 7-9 BOLLATE MI IBAN:IT88H0503420100000000001975",sim
3115,invoices.pdf,INVOICE,packageSummary.totalGrossWeight,,,,,totalGrossWeight,"1,04 KG",sim
3116,invoices.pdf,INVOICE,packageSummary.totalNetWeight,,,,,totalNetWeight,"0,53 KG",sim
3117,invoices.pdf,INVOICE,packageSummary.commercialUnit,,,,,commercialUnit,Boxes,sim
3118,invoices.pdf,INVOICE,packageSummary.totalTareWeight,,,,,totalTareWeight,,nao
3119,invoices.pdf,INVOICE,packageSummary.totalCubicMeasurement,,,,,totalCubicMeasurement,"0,01 MC",sim
3120,invoices.pdf,INVOICE,packageSummary.totalPackages,,,,,totalPackages,"1,00",sim
3121,invoices.pdf,INVOICE,currency.type,moeda_item,PedidoItem,alta,,type,Eur,sim
3122,invoices.pdf,INVOICE,currency.exchangeRate,,,,,exchangeRate,,nao
3123,invoices.pdf,INVOICE,items_quantity,,,,,items_quantity,2,sim
3124,invoices.pdf,INVOICE,values.totalDocumentValue,,,,,totalDocumentValue,1488.00,sim
3125,invoices.pdf,INVOICE,values.discountsOrAdditions,,,,,discountsOrAdditions,,nao
3126,invoices.pdf,INVOICE,values.otherCharges,,,,,otherCharges,,nao
3127,invoices.pdf,INVOICE,observations,,,,,observations,DEL. NO 157030 of 09/01/25 Our ref. 2819731 B | Your ref. order 05/11/24 003AA/24 Our ref. order 4 24729 2024/97 & 28017 | GOODS OF ITALIAN ORIGIN DESTINED TO EXPORT | COMMODITY: SPARE PARTS FOR PUMPS | CUSTOMS TARIFF: 8413.9100 | NO. 1 CARTON BOX DIM CMS 30x20x20,sim
3128,invoices.pdf,INVOICE,isSigned,,,,,isSigned,false,sim
3129,invoices.pdf,INVOICE,additionalFields.Código do Cliente,,,,,Código do Cliente,0503SU20000,sim
3130,invoices.pdf,INVOICE,additionalFields.Ordem de Trabalho,,,,,Ordem de Trabalho,4O729,sim
3131,invoices.pdf,INVOICE,items[].descriptions.english,descricao_completa_item_en,PedidoItem,alta,,english,TERMINAL RING D35,sim
3132,invoices.pdf,INVOICE,items[].descriptions.portuguese,descricao_completa_item_pt,PedidoItem,alta,,portuguese,,nao
3133,invoices.pdf,INVOICE,items[].weights.unit,,,,,unit,PZ,sim
3134,invoices.pdf,INVOICE,items[].weights.net,,,,,net,,nao
3135,invoices.pdf,INVOICE,items[].weights.gross,,,,,gross,,nao
3136,invoices.pdf,INVOICE,items[].volume.packageType,,,,,packageType,,nao
3137,invoices.pdf,INVOICE,items[].volume.dimensions,,,,,dimensions,,nao
3138,invoices.pdf,INVOICE,items[].volume.size,,,,,size,,nao
3139,invoices.pdf,INVOICE,items[].volume.quantity,,,,,quantity,,nao
3140,invoices.pdf,INVOICE,items[].partNumber,part_number_item,PedidoItem,alta,,partNumber,3110N0141G00K19,sim
3141,invoices.pdf,INVOICE,items[].poNumber,,,,,poNumber,4513823741,sim
3142,invoices.pdf,INVOICE,items[].itemQuantity,,,,,itemQuantity,"2,00",sim
3143,invoices.pdf,INVOICE,items[].itemCurrency,,,,,itemCurrency,Eur,sim
3144,invoices.pdf,INVOICE,items[].itemUnitPriceWithCurrency,,,,,itemUnitPriceWithCurrency,"168,000",sim
3145,invoices.pdf,INVOICE,items[].itemTotalPriceWithCurrency,,,,,itemTotalPriceWithCurrency,"336,00",sim
3146,invoices.pdf,INVOICE,items[].ncm,,,,,ncm,,nao
3147,invoices.pdf,INVOICE,items[].hsCode,,,,,hsCode,,nao
3148,invoices.pdf,INVOICE,items[].originCountry,,,,,originCountry,,nao
3149,invoices.pdf,INVOICE,items[].manufacturer,,,,,manufacturer,,nao
3150,invoices.pdf,INVOICE,document.documentNumber,numero_invoice_item,PedidoItem,alta,,documentNumber,2250031,sim
3151,invoices.pdf,INVOICE,document.documentType,,,,,documentType,Invoice,sim
3152,invoices.pdf,INVOICE,document.documentDate,,,,,documentDate,2025-01-08,sim
3153,invoices.pdf,INVOICE,document.incoterm,incoterm_item,PedidoItem,sugestao,Alternativas: incoterm_processo (LogisticaInternacionalProcesso),incoterm,EXW,sim
3154,invoices.pdf,INVOICE,document.incotermLocation,,,,,incotermLocation,EX WORKS,sim
3155,invoices.pdf,INVOICE,document.originCountry,,,,,originCountry,ITALY,sim
3156,invoices.pdf,INVOICE,document.countryOfAcquisition,,,,,countryOfAcquisition,,nao
3157,invoices.pdf,INVOICE,document.countryOfProvenance,,,,,countryOfProvenance,,nao
3158,invoices.pdf,INVOICE,document.shippedOnBoardDate,,,,,shippedOnBoardDate,,nao
3159,invoices.pdf,INVOICE,exporter.name,nome_exportador_item,PedidoItem,sugestao,Alternativas: nome_fornecedor (Fornecedor),name,PERONI POMPE SpA,sim
3160,invoices.pdf,INVOICE,exporter.address,endereco_fornecedor,Fornecedor,alta,,address,"Via Tacito, 4 - 20094 Corsico (MI) Italia",sim
3161,invoices.pdf,INVOICE,exporter.country,pais_fornecedor,Fornecedor,alta,,country,Italy,sim
3162,invoices.pdf,INVOICE,exporter.state,estado_provincia_fornecedor,Fornecedor,alta,,state,,nao
3163,invoices.pdf,INVOICE,exporter.city,cidade_fornecedor,Fornecedor,alta,,city,Corsico,sim
3164,invoices.pdf,INVOICE,exporter.zipCode,cep_zipcode_fornecedor,Fornecedor,alta,,zipCode,20094,sim
3165,invoices.pdf,INVOICE,exporter.taxId,tin_fornecedor,Fornecedor,alta,,taxId,IT 00745820159,sim
3166,invoices.pdf,INVOICE,exporter.phone,telefone_fornecedor,Fornecedor,alta,,phone,+39 02 489 40.1,sim
3167,invoices.pdf,INVOICE,exporter.email,email_fornecedor,Fornecedor,alta,,email,,nao
3168,invoices.pdf,INVOICE,importer.name,nome_importador_item,PedidoItem,sugestao,Alternativas: nome_fornecedor (Fornecedor),name,SUPERQUIP SERVICOS E EQUIPAMENTOS TECNICOS LTDA,sim
3169,invoices.pdf,INVOICE,importer.address,endereco_fornecedor,Fornecedor,alta,,address,RUA MEXICO 3-18° ANDAR CENTRO 20031-144 RIO DE JANEIRO RJ BRASILEIRA,sim
3170,invoices.pdf,INVOICE,importer.country,pais_fornecedor,Fornecedor,alta,,country,BRASIL,sim
3171,invoices.pdf,INVOICE,importer.state,estado_provincia_fornecedor,Fornecedor,alta,,state,RJ,sim
3172,invoices.pdf,INVOICE,importer.city,cidade_fornecedor,Fornecedor,alta,,city,RIO DE JANEIRO,sim
3173,invoices.pdf,INVOICE,importer.zipCode,cep_zipcode_fornecedor,Fornecedor,alta,,zipCode,20031-144,sim
3174,invoices.pdf,INVOICE,importer.taxId,cnpj_fornecedor,Fornecedor,alta,,taxId,CNPJ30712061/0001-42,sim
3175,invoices.pdf,INVOICE,importer.phone,telefone_fornecedor,Fornecedor,alta,,phone,+55.21.22625355,sim
3176,invoices.pdf,INVOICE,importer.email,email_fornecedor,Fornecedor,alta,,email,,nao
3177,invoices.pdf,INVOICE,shipment.modal,modal_frete_internacional_processo,LogisticaInternacionalProcesso,alta,,modal,,nao
3178,invoices.pdf,INVOICE,shipment.carrier,,,,,carrier,,nao
3179,invoices.pdf,INVOICE,shipment.vesselName,,,,,vesselName,,nao
3180,invoices.pdf,INVOICE,shipment.airports.origin,,,,,origin,,nao
3181,invoices.pdf,INVOICE,shipment.airports.destination,,,,,destination,,nao
3182,invoices.pdf,INVOICE,shipment.ports.origin,porto_origem_processo,LogisticaInternacionalProcesso,alta,,origin,,nao
3183,invoices.pdf,INVOICE,shipment.ports.loading,porto_origem_processo,LogisticaInternacionalProcesso,alta,,loading,,nao
3184,invoices.pdf,INVOICE,shipment.ports.destination,porto_destino_processo,LogisticaInternacionalProcesso,alta,,destination,,nao
3185,invoices.pdf,INVOICE,shipment.ports.discharge,porto_destino_processo,LogisticaInternacionalProcesso,alta,,discharge,,nao
3186,invoices.pdf,INVOICE,shipment.costs.freight,,,,,freight,,nao
3187,invoices.pdf,INVOICE,shipment.costs.insurance,,,,,insurance,,nao
3188,invoices.pdf,INVOICE,containerNumbers,container_numero_processo_container,ContainerProcesso,alta,,containerNumbers,,nao
3189,invoices.pdf,INVOICE,payment.method,,,,,method,,nao
3190,invoices.pdf,INVOICE,payment.terms,condicao_pagamento_item,PedidoItem,alta,,terms,60 DAYS INVOICE DATE,sim
3191,invoices.pdf,INVOICE,bankingDetails.bankName,,,,,bankName,BANCO BPM S.P.A.,sim
3192,invoices.pdf,INVOICE,bankingDetails.iban,,,,,iban,IT88H0503420100000000001975,sim
3193,invoices.pdf,INVOICE,bankingDetails.swift,,,,,swift,BAPPIT21AI6,sim
3194,invoices.pdf,INVOICE,bankingDetails.accountNumber,,,,,accountNumber,,nao
3195,invoices.pdf,INVOICE,bankingDetails.beneficiary,,,,,beneficiary,,nao
3196,invoices.pdf,INVOICE,bankingDetails.branchCode,,,,,branchCode,,nao
3197,invoices.pdf,INVOICE,bankingDetails.fullText,,,,,fullText,"BANCO BPM S.P.A. SWIFT BAPPIT21AI6 VICOLO CONCORDIA, 7-9 BOLLATE MI IBAN:IT88H0503420100000000001975",sim
3198,invoices.pdf,INVOICE,packageSummary.totalGrossWeight,,,,,totalGrossWeight,"0,93 KG",sim
3199,invoices.pdf,INVOICE,packageSummary.totalNetWeight,,,,,totalNetWeight,"0,37 KG",sim
3200,invoices.pdf,INVOICE,packageSummary.commercialUnit,,,,,commercialUnit,Boxes,sim
3201,invoices.pdf,INVOICE,packageSummary.totalTareWeight,,,,,totalTareWeight,,nao
3202,invoices.pdf,INVOICE,packageSummary.totalCubicMeasurement,,,,,totalCubicMeasurement,"0,01 MC",sim
3203,invoices.pdf,INVOICE,packageSummary.totalPackages,,,,,totalPackages,"1,00",sim
3204,invoices.pdf,INVOICE,currency.type,moeda_item,PedidoItem,alta,,type,Eur,sim
3205,invoices.pdf,INVOICE,currency.exchangeRate,,,,,exchangeRate,,nao
3206,invoices.pdf,INVOICE,items_quantity,,,,,items_quantity,4,sim
3207,invoices.pdf,INVOICE,values.totalDocumentValue,,,,,totalDocumentValue,2874.00,sim
3208,invoices.pdf,INVOICE,values.discountsOrAdditions,,,,,discountsOrAdditions,,nao
3209,invoices.pdf,INVOICE,values.otherCharges,,,,,otherCharges,,nao
3210,invoices.pdf,INVOICE,observations,,,,,observations,DEL. NO 156306 of 07/01/25 Our ref. 2819714 B | Your ref. order 03/12/24 003AE/24 Our ref. order 4 24785 2024/97 & 27003 | GOODS OF ITALIAN ORIGIN DESTINED TO EXPORT | COMMODITY: SPARE PARTS FOR PUMPS | CUSTOMS TARIFF: 8413.9100 | NO. 1 CARTON BOX DIM CMS 30x20x20,sim
3211,invoices.pdf,INVOICE,isSigned,,,,,isSigned,false,sim
3212,invoices.pdf,INVOICE,additionalFields.Código do Cliente,,,,,Código do Cliente,0503SU20000,sim
3213,invoices.pdf,INVOICE,additionalFields.Ordem de Trabalho,,,,,Ordem de Trabalho,4O785,sim
3214,invoices.pdf,INVOICE,items[].descriptions.english,descricao_completa_item_en,PedidoItem,alta,,english,CRANK BUSHING,sim
3215,invoices.pdf,INVOICE,items[].descriptions.portuguese,descricao_completa_item_pt,PedidoItem,alta,,portuguese,,nao
3216,invoices.pdf,INVOICE,items[].weights.unit,,,,,unit,PZ,sim
3217,invoices.pdf,INVOICE,items[].weights.net,,,,,net,,nao
3218,invoices.pdf,INVOICE,items[].weights.gross,,,,,gross,,nao
3219,invoices.pdf,INVOICE,items[].volume.packageType,,,,,packageType,,nao
3220,invoices.pdf,INVOICE,items[].volume.dimensions,,,,,dimensions,,nao
3221,invoices.pdf,INVOICE,items[].volume.size,,,,,size,,nao
3222,invoices.pdf,INVOICE,items[].volume.quantity,,,,,quantity,,nao
3223,invoices.pdf,INVOICE,items[].partNumber,part_number_item,PedidoItem,alta,,partNumber,311000025000U41,sim
3224,invoices.pdf,INVOICE,items[].poNumber,,,,,poNumber,4513892557,sim
3225,invoices.pdf,INVOICE,items[].itemQuantity,,,,,itemQuantity,"6,00",sim
3226,invoices.pdf,INVOICE,items[].itemCurrency,,,,,itemCurrency,Eur,sim
3227,invoices.pdf,INVOICE,items[].itemUnitPriceWithCurrency,,,,,itemUnitPriceWithCurrency,"367,000",sim
3228,invoices.pdf,INVOICE,items[].itemTotalPriceWithCurrency,,,,,itemTotalPriceWithCurrency,"2.202,00",sim
3229,invoices.pdf,INVOICE,items[].ncm,,,,,ncm,,nao
3230,invoices.pdf,INVOICE,items[].hsCode,,,,,hsCode,,nao
3231,invoices.pdf,INVOICE,items[].originCountry,,,,,originCountry,,nao
3232,invoices.pdf,INVOICE,items[].manufacturer,,,,,manufacturer,,nao
3233,invoices_packings.pdf,INVOICE,document.documentNumber,numero_invoice_item,PedidoItem,alta,,documentNumber,464354,sim
3234,invoices_packings.pdf,INVOICE,document.documentType,,,,,documentType,COMMERCIAL INVOICE,sim
3235,invoices_packings.pdf,INVOICE,document.documentDate,,,,,documentDate,2025-07-27,sim
3236,invoices_packings.pdf,INVOICE,document.incoterm,incoterm_item,PedidoItem,sugestao,Alternativas: incoterm_processo (LogisticaInternacionalProcesso),incoterm,EXW,sim
3237,invoices_packings.pdf,INVOICE,document.incotermLocation,,,,,incotermLocation,,nao
3238,invoices_packings.pdf,INVOICE,document.originCountry,,,,,originCountry,,nao
3239,invoices_packings.pdf,INVOICE,document.countryOfAcquisition,,,,,countryOfAcquisition,,nao
3240,invoices_packings.pdf,INVOICE,document.countryOfProvenance,,,,,countryOfProvenance,,nao
3241,invoices_packings.pdf,INVOICE,document.shippedOnBoardDate,,,,,shippedOnBoardDate,,nao
3242,invoices_packings.pdf,INVOICE,exporter.name,nome_exportador_item,PedidoItem,sugestao,Alternativas: nome_fornecedor (Fornecedor),name,Classic Components HK Ltd,sim
3243,invoices_packings.pdf,INVOICE,exporter.address,endereco_fornecedor,Fornecedor,alta,,address,"Unit 3, 6-8, 10F, Futura Plaza, 111-113 How Ming Street, Kwun Tong, Kowloon, HK",sim
3244,invoices_packings.pdf,INVOICE,exporter.country,pais_fornecedor,Fornecedor,alta,,country,Hong Kong,sim
3245,invoices_packings.pdf,INVOICE,exporter.state,estado_provincia_fornecedor,Fornecedor,alta,,state,,nao
3246,invoices_packings.pdf,INVOICE,exporter.city,cidade_fornecedor,Fornecedor,alta,,city,Kowloon,sim
3247,invoices_packings.pdf,INVOICE,exporter.zipCode,cep_zipcode_fornecedor,Fornecedor,alta,,zipCode,,nao
3248,invoices_packings.pdf,INVOICE,exporter.taxId,tin_fornecedor,Fornecedor,alta,,taxId,,nao
3249,invoices_packings.pdf,INVOICE,exporter.phone,telefone_fornecedor,Fornecedor,alta,,phone,,nao
3250,invoices_packings.pdf,INVOICE,exporter.email,email_fornecedor,Fornecedor,alta,,email,,nao
3251,invoices_packings.pdf,INVOICE,importer.name,nome_importador_item,PedidoItem,sugestao,Alternativas: nome_fornecedor (Fornecedor),name,Emiteli Industria Eletronica Ltda (PAT),sim
3252,invoices_packings.pdf,INVOICE,importer.address,endereco_fornecedor,Fornecedor,alta,,address,"Rua Lidio Oltramari, 1628, Pato Branco, PR 85503-381",sim
3253,invoices_packings.pdf,INVOICE,importer.country,pais_fornecedor,Fornecedor,alta,,country,BRAZIL,sim
3254,invoices_packings.pdf,INVOICE,importer.state,estado_provincia_fornecedor,Fornecedor,alta,,state,PR,sim
3255,invoices_packings.pdf,INVOICE,importer.city,cidade_fornecedor,Fornecedor,alta,,city,Pato Branco,sim
3256,invoices_packings.pdf,INVOICE,importer.zipCode,cep_zipcode_fornecedor,Fornecedor,alta,,zipCode,85503-381,sim
3257,invoices_packings.pdf,INVOICE,importer.taxId,cnpj_fornecedor,Fornecedor,alta,,taxId,14.107.463/0001-61,sim
3258,invoices_packings.pdf,INVOICE,importer.phone,telefone_fornecedor,Fornecedor,alta,,phone,,nao
3259,invoices_packings.pdf,INVOICE,importer.email,email_fornecedor,Fornecedor,alta,,email,,nao
3260,invoices_packings.pdf,INVOICE,shipment.modal,modal_frete_internacional_processo,LogisticaInternacionalProcesso,alta,,modal,,nao
3261,invoices_packings.pdf,INVOICE,shipment.carrier,,,,,carrier,,nao
3262,invoices_packings.pdf,INVOICE,shipment.vesselName,,,,,vesselName,,nao
3263,invoices_packings.pdf,INVOICE,shipment.airports.origin,,,,,origin,,nao
3264,invoices_packings.pdf,INVOICE,shipment.airports.destination,,,,,destination,,nao
3265,invoices_packings.pdf,INVOICE,shipment.ports.origin,porto_origem_processo,LogisticaInternacionalProcesso,alta,,origin,,nao
3266,invoices_packings.pdf,INVOICE,shipment.ports.loading,porto_origem_processo,LogisticaInternacionalProcesso,alta,,loading,,nao
3267,invoices_packings.pdf,INVOICE,shipment.ports.destination,porto_destino_processo,LogisticaInternacionalProcesso,alta,,destination,,nao
3268,invoices_packings.pdf,INVOICE,shipment.ports.discharge,porto_destino_processo,LogisticaInternacionalProcesso,alta,,discharge,,nao
3269,invoices_packings.pdf,INVOICE,shipment.costs.freight,,,,,freight,,nao
3270,invoices_packings.pdf,INVOICE,shipment.costs.insurance,,,,,insurance,,nao
3271,invoices_packings.pdf,INVOICE,containerNumbers,container_numero_processo_container,ContainerProcesso,alta,,containerNumbers,,nao
3272,invoices_packings.pdf,INVOICE,payment.method,,,,,method,,nao
3273,invoices_packings.pdf,INVOICE,payment.terms,condicao_pagamento_item,PedidoItem,alta,,terms,NET 60,sim
3274,invoices_packings.pdf,INVOICE,bankingDetails.bankName,,,,,bankName,SMBC Manubank,sim
3275,invoices_packings.pdf,INVOICE,bankingDetails.iban,,,,,iban,,nao
3276,invoices_packings.pdf,INVOICE,bankingDetails.swift,,,,,swift,MITKUS6L,sim
3277,invoices_packings.pdf,INVOICE,bankingDetails.accountNumber,,,,,accountNumber,7000160614,sim
3278,invoices_packings.pdf,INVOICE,bankingDetails.beneficiary,,,,,beneficiary,Classic Components Corp,sim
3279,invoices_packings.pdf,INVOICE,bankingDetails.branchCode,,,,,branchCode,,nao
3280,invoices_packings.pdf,INVOICE,bankingDetails.fullText,,,,,fullText,SMBC Manubank Account #7000160614 Routing (ABA) #122226076 Swift #MITKUS6L,sim
3281,invoices_packings.pdf,INVOICE,packageSummary.totalGrossWeight,,,,,totalGrossWeight,1.200,sim
3282,invoices_packings.pdf,INVOICE,packageSummary.totalNetWeight,,,,,totalNetWeight,0.220,sim
3283,invoices_packings.pdf,INVOICE,packageSummary.commercialUnit,,,,,commercialUnit,kg,sim
3284,invoices_packings.pdf,INVOICE,packageSummary.totalTareWeight,,,,,totalTareWeight,,nao
3285,invoices_packings.pdf,INVOICE,packageSummary.totalCubicMeasurement,,,,,totalCubicMeasurement,,nao
3286,invoices_packings.pdf,INVOICE,packageSummary.totalPackages,,,,,totalPackages,1,sim
3287,invoices_packings.pdf,INVOICE,currency.type,moeda_item,PedidoItem,alta,,type,USD,sim
3288,invoices_packings.pdf,INVOICE,currency.exchangeRate,,,,,exchangeRate,,nao
3289,invoices_packings.pdf,INVOICE,items_quantity,,,,,items_quantity,2,sim
3290,invoices_packings.pdf,INVOICE,values.totalDocumentValue,,,,,totalDocumentValue,2421.72,sim
3291,invoices_packings.pdf,INVOICE,values.discountsOrAdditions,,,,,discountsOrAdditions,,nao
3292,invoices_packings.pdf,INVOICE,values.otherCharges,,,,,otherCharges,,nao
3293,invoices_packings.pdf,INVOICE,observations,,,,,observations,"NON-CANCELABLE & NON-RETURNABLE (NCNR) | ORDER # 3049664 | SALESPERSON: Souza, Gabriel",sim
3294,invoices_packings.pdf,INVOICE,isSigned,,,,,isSigned,true,sim
3295,invoices_packings.pdf,INVOICE,additionalFields.Vendedor Beneficiário,,,,,Vendedor Beneficiário,Classic Components Corp,sim
3296,invoices_packings.pdf,INVOICE,additionalFields.Contato Importador,,,,,Contato Importador,Monica Moura,sim
3297,invoices_packings.pdf,INVOICE,items[].descriptions.english,descricao_completa_item_en,PedidoItem,alta,,english,descEn,sim
3298,invoices_packings.pdf,INVOICE,items[].descriptions.portuguese,descricao_completa_item_pt,PedidoItem,alta,,portuguese,descPt,sim
3299,invoices_packings.pdf,INVOICE,items[].weights.unit,,,,,unit,wUnit,sim
3300,invoices_packings.pdf,INVOICE,items[].weights.net,,,,,net,wNet,sim
3301,invoices_packings.pdf,INVOICE,items[].weights.gross,,,,,gross,wGross,sim
3302,invoices_packings.pdf,INVOICE,items[].volume.packageType,,,,,packageType,pkgType,sim
3303,invoices_packings.pdf,INVOICE,items[].volume.dimensions,,,,,dimensions,dimensions,sim
3304,invoices_packings.pdf,INVOICE,items[].volume.size,,,,,size,pkgSize,sim
3305,invoices_packings.pdf,INVOICE,items[].volume.quantity,,,,,quantity,pkgQty,sim
3306,invoices_packings.pdf,INVOICE,items[].partNumber,part_number_item,PedidoItem,alta,,partNumber,partNumber,sim
3307,invoices_packings.pdf,INVOICE,items[].poNumber,,,,,poNumber,poNumber,sim
3308,invoices_packings.pdf,INVOICE,items[].itemQuantity,,,,,itemQuantity,qty,sim
3309,invoices_packings.pdf,INVOICE,items[].itemCurrency,,,,,itemCurrency,currency,sim
3310,invoices_packings.pdf,INVOICE,items[].itemUnitPriceWithCurrency,,,,,itemUnitPriceWithCurrency,unitPrice,sim
3311,invoices_packings.pdf,INVOICE,items[].itemTotalPriceWithCurrency,,,,,itemTotalPriceWithCurrency,totalPrice,sim
3312,invoices_packings.pdf,INVOICE,items[].ncm,,,,,ncm,ncm,sim
3313,invoices_packings.pdf,INVOICE,items[].hsCode,,,,,hsCode,hsCode,sim
3314,invoices_packings.pdf,INVOICE,items[].originCountry,,,,,originCountry,country,sim
3315,invoices_packings.pdf,INVOICE,items[].manufacturer,,,,,manufacturer,manufacturer,sim
3316,invoices_packings.pdf,PACKING_LIST,document.number,numero_bl_processo,DocumentoProcesso,sugestao,Alternativas: numero_awb_processo (DocumentoProcesso),number,464354,sim
3317,invoices_packings.pdf,PACKING_LIST,document.type,,,,,type,PACKING LIST,sim
3318,invoices_packings.pdf,PACKING_LIST,document.date,,,,,date,2025-07-27,sim
3319,invoices_packings.pdf,PACKING_LIST,document.incoterm,incoterm_processo,LogisticaInternacionalProcesso,alta,,incoterm,EXW,sim
3320,invoices_packings.pdf,PACKING_LIST,document.incotermLocation,,,,,incotermLocation,,nao
3321,invoices_packings.pdf,PACKING_LIST,document.originCountry,,,,,originCountry,,nao
3322,invoices_packings.pdf,PACKING_LIST,document.shippedOnBoardDate,,,,,shippedOnBoardDate,,nao
3323,invoices_packings.pdf,PACKING_LIST,exporter.name,nome_exportador_item,PedidoItem,sugestao,Alternativas: nome_fornecedor (Fornecedor),name,Classic Components HK Ltd,sim
3324,invoices_packings.pdf,PACKING_LIST,exporter.address,endereco_fornecedor,Fornecedor,alta,,address,"Unit 3, 6-8, 10F, Futura Plaza, 111-113 How Ming Street, Kwun Tong, Kowloon, HK, Hong Kong, SAR China",sim
3325,invoices_packings.pdf,PACKING_LIST,exporter.country,pais_fornecedor,Fornecedor,alta,,country,Hong Kong,sim
3326,invoices_packings.pdf,PACKING_LIST,exporter.state,estado_provincia_fornecedor,Fornecedor,alta,,state,,nao
3327,invoices_packings.pdf,PACKING_LIST,exporter.city,cidade_fornecedor,Fornecedor,alta,,city,Kowloon,sim
3328,invoices_packings.pdf,PACKING_LIST,exporter.zipCode,cep_zipcode_fornecedor,Fornecedor,alta,,zipCode,,nao
3329,invoices_packings.pdf,PACKING_LIST,exporter.taxId,tin_fornecedor,Fornecedor,alta,,taxId,,nao
3330,invoices_packings.pdf,PACKING_LIST,exporter.phone,telefone_fornecedor,Fornecedor,alta,,phone,,nao
3331,invoices_packings.pdf,PACKING_LIST,exporter.email,email_fornecedor,Fornecedor,alta,,email,,nao
3332,invoices_packings.pdf,PACKING_LIST,importer.name,nome_importador_item,PedidoItem,sugestao,Alternativas: nome_fornecedor (Fornecedor),name,Emiteli Industria Eletronica Ltda (PAT),sim
3333,invoices_packings.pdf,PACKING_LIST,importer.address,endereco_fornecedor,Fornecedor,alta,,address,"Rua Lidio Oltramari, 1628, Pato Branco, PR 85503-381",sim
3334,invoices_packings.pdf,PACKING_LIST,importer.country,pais_fornecedor,Fornecedor,alta,,country,BRAZIL,sim
3335,invoices_packings.pdf,PACKING_LIST,importer.state,estado_provincia_fornecedor,Fornecedor,alta,,state,PR,sim
3336,invoices_packings.pdf,PACKING_LIST,importer.city,cidade_fornecedor,Fornecedor,alta,,city,Pato Branco,sim
3337,invoices_packings.pdf,PACKING_LIST,importer.cnpj,cnpj_fornecedor,Fornecedor,alta,,cnpj,14.107.463/0001-61,sim
3338,invoices_packings.pdf,PACKING_LIST,importer.phone,telefone_fornecedor,Fornecedor,alta,,phone,41-3643-0947,sim
3339,invoices_packings.pdf,PACKING_LIST,importer.email,email_fornecedor,Fornecedor,alta,,email,,nao
3340,invoices_packings.pdf,PACKING_LIST,shipmentDetails.transportMode,modal_frete_internacional_processo,LogisticaInternacionalProcesso,alta,,transportMode,,nao
3341,invoices_packings.pdf,PACKING_LIST,shipmentDetails.vesselName,,,,,vesselName,,nao
3342,invoices_packings.pdf,PACKING_LIST,shipmentDetails.origin.port,,,,,port,,nao
3343,invoices_packings.pdf,PACKING_LIST,shipmentDetails.origin.airport,,,,,airport,,nao
3344,invoices_packings.pdf,PACKING_LIST,shipmentDetails.origin.location,,,,,location,,nao
3345,invoices_packings.pdf,PACKING_LIST,shipmentDetails.origin.place,,,,,place,,nao
3346,invoices_packings.pdf,PACKING_LIST,shipmentDetails.destination.port,,,,,port,,nao
3347,invoices_packings.pdf,PACKING_LIST,shipmentDetails.destination.airport,,,,,airport,,nao
3348,invoices_packings.pdf,PACKING_LIST,shipmentDetails.destination.location,,,,,location,,nao
3349,invoices_packings.pdf,PACKING_LIST,shipmentDetails.destination.place,,,,,place,,nao
3350,invoices_packings.pdf,PACKING_LIST,containerNumbers,container_numero_processo_container,ContainerProcesso,alta,,containerNumbers,,nao
3351,invoices_packings.pdf,PACKING_LIST,packageSummary.totalGrossWeight,,,,,totalGrossWeight,1.200,sim
3352,invoices_packings.pdf,PACKING_LIST,packageSummary.totalNetWeight,,,,,totalNetWeight,0.220,sim
3353,invoices_packings.pdf,PACKING_LIST,packageSummary.commercialUnit,,,,,commercialUnit,kg,sim
3354,invoices_packings.pdf,PACKING_LIST,packageSummary.totalTareWeight,,,,,totalTareWeight,,nao
3355,invoices_packings.pdf,PACKING_LIST,packageSummary.totalCubicMeasurement,,,,,totalCubicMeasurement,,nao
3356,invoices_packings.pdf,PACKING_LIST,packageSummary.totalPackages,,,,,totalPackages,2604,sim
3357,invoices_packings.pdf,PACKING_LIST,items[].partNumber,part_number_item,PedidoItem,alta,,partNumber,MCP73213-B6SI/MF,sim
3358,invoices_packings.pdf,PACKING_LIST,items[].productDescription,descricao_item,PedidoItem,alta,,productDescription,Integrated Circuit - Power Management IC,sim
3359,invoices_packings.pdf,PACKING_LIST,items[].package.unitQuantity,,,,,unitQuantity,2029,sim
3360,invoices_packings.pdf,PACKING_LIST,items[].package.type,,,,,type,BOX,sim
3361,invoices_packings.pdf,PACKING_LIST,items[].package.unitGrossWeight,,,,,unitGrossWeight,,nao
3362,invoices_packings.pdf,PACKING_LIST,items[].package.unitNetWeight,,,,,unitNetWeight,0.140,sim
3363,invoices_packings.pdf,PACKING_LIST,items[].package.totalCubicMeasurement,,,,,totalCubicMeasurement,,nao
3364,invoices_packings.pdf,PACKING_LIST,items[].package.totalTareWeight,,,,,totalTareWeight,,nao
3365,invoices_packings.pdf,PACKING_LIST,items[].totalProductQuantity,,,,,totalProductQuantity,2029,sim
3366,invoices_packings.pdf,PACKING_LIST,items[].ncm,,,,,ncm,,nao
3367,invoices_packings.pdf,PACKING_LIST,items[].hsCode,,,,,hsCode,85423990,sim
3368,invoices_packings.pdf,PACKING_LIST,items[].additionalInformation,,,,,additionalInformation,Mfg Date Code : 2100 | Country of Origin : Thailand | MSL Level : 1 | ROHS Compliant | Internal Lot No: 4426125,sim
3369,invoices_packings.pdf,PACKING_LIST,observations,,,,,observations,"ORDER # 3049664 | SALESPERSON: Souza, Gabriel | CUSTOMER PO # SEE BELOW",sim
3370,invoices_packings.pdf,PACKING_LIST,isSigned,,,,,isSigned,true,sim
3371,invoices_packings.pdf,PACKING_LIST,additionalFields.Contato Importador,,,,,Contato Importador,Monica Moura,sim
3372,invoices_packings.pdf,PACKING_LIST,additionalFields.Vendedor Beneficiário,,,,,Vendedor Beneficiário,Classic Components Corp,sim
3373,invoices_packings.pdf,INVOICE,document.documentNumber,numero_invoice_item,PedidoItem,alta,,documentNumber,464355,sim
3374,invoices_packings.pdf,INVOICE,document.documentType,,,,,documentType,COMMERCIAL INVOICE,sim
3375,invoices_packings.pdf,INVOICE,document.documentDate,,,,,documentDate,2025-07-27,sim
3376,invoices_packings.pdf,INVOICE,document.incoterm,incoterm_item,PedidoItem,sugestao,Alternativas: incoterm_processo (LogisticaInternacionalProcesso),incoterm,EXW,sim
3377,invoices_packings.pdf,INVOICE,document.incotermLocation,,,,,incotermLocation,,nao
3378,invoices_packings.pdf,INVOICE,document.originCountry,,,,,originCountry,,nao
3379,invoices_packings.pdf,INVOICE,document.countryOfAcquisition,,,,,countryOfAcquisition,,nao
3380,invoices_packings.pdf,INVOICE,document.countryOfProvenance,,,,,countryOfProvenance,,nao
3381,invoices_packings.pdf,INVOICE,document.shippedOnBoardDate,,,,,shippedOnBoardDate,,nao
3382,invoices_packings.pdf,INVOICE,exporter.name,nome_exportador_item,PedidoItem,sugestao,Alternativas: nome_fornecedor (Fornecedor),name,Classic Components HK Ltd,sim
3383,invoices_packings.pdf,INVOICE,exporter.address,endereco_fornecedor,Fornecedor,alta,,address,"Unit 3, 6-8, 10F, Futura Plaza, 111-113 How Ming Street, Kwun Tong, Kowloon, HK",sim
3384,invoices_packings.pdf,INVOICE,exporter.country,pais_fornecedor,Fornecedor,alta,,country,Hong Kong,sim
3385,invoices_packings.pdf,INVOICE,exporter.state,estado_provincia_fornecedor,Fornecedor,alta,,state,,nao
3386,invoices_packings.pdf,INVOICE,exporter.city,cidade_fornecedor,Fornecedor,alta,,city,Kowloon,sim
3387,invoices_packings.pdf,INVOICE,exporter.zipCode,cep_zipcode_fornecedor,Fornecedor,alta,,zipCode,,nao
3388,invoices_packings.pdf,INVOICE,exporter.taxId,tin_fornecedor,Fornecedor,alta,,taxId,,nao
3389,invoices_packings.pdf,INVOICE,exporter.phone,telefone_fornecedor,Fornecedor,alta,,phone,,nao
3390,invoices_packings.pdf,INVOICE,exporter.email,email_fornecedor,Fornecedor,alta,,email,,nao
3391,invoices_packings.pdf,INVOICE,importer.name,nome_importador_item,PedidoItem,sugestao,Alternativas: nome_fornecedor (Fornecedor),name,Emiteli Industria Eletronica Ltda (PAT)*,sim
3392,invoices_packings.pdf,INVOICE,importer.address,endereco_fornecedor,Fornecedor,alta,,address,"Rua Lidio Oltramari, 1628, Pato Branco, PR 85503-381",sim
3393,invoices_packings.pdf,INVOICE,importer.country,pais_fornecedor,Fornecedor,alta,,country,BRAZIL,sim
3394,invoices_packings.pdf,INVOICE,importer.state,estado_provincia_fornecedor,Fornecedor,alta,,state,PR,sim
3395,invoices_packings.pdf,INVOICE,importer.city,cidade_fornecedor,Fornecedor,alta,,city,Pato Branco,sim
3396,invoices_packings.pdf,INVOICE,importer.zipCode,cep_zipcode_fornecedor,Fornecedor,alta,,zipCode,85503-381,sim
3397,invoices_packings.pdf,INVOICE,importer.taxId,cnpj_fornecedor,Fornecedor,alta,,taxId,14.107.463/0001-61,sim
3398,invoices_packings.pdf,INVOICE,importer.phone,telefone_fornecedor,Fornecedor,alta,,phone,,nao
3399,invoices_packings.pdf,INVOICE,importer.email,email_fornecedor,Fornecedor,alta,,email,,nao
3400,invoices_packings.pdf,INVOICE,shipment.modal,modal_frete_internacional_processo,LogisticaInternacionalProcesso,alta,,modal,,nao
3401,invoices_packings.pdf,INVOICE,shipment.carrier,,,,,carrier,,nao
3402,invoices_packings.pdf,INVOICE,shipment.vesselName,,,,,vesselName,,nao
3403,invoices_packings.pdf,INVOICE,shipment.airports.origin,,,,,origin,,nao
3404,invoices_packings.pdf,INVOICE,shipment.airports.destination,,,,,destination,,nao
3405,invoices_packings.pdf,INVOICE,shipment.ports.origin,porto_origem_processo,LogisticaInternacionalProcesso,alta,,origin,,nao
3406,invoices_packings.pdf,INVOICE,shipment.ports.loading,porto_origem_processo,LogisticaInternacionalProcesso,alta,,loading,,nao
3407,invoices_packings.pdf,INVOICE,shipment.ports.destination,porto_destino_processo,LogisticaInternacionalProcesso,alta,,destination,,nao
3408,invoices_packings.pdf,INVOICE,shipment.ports.discharge,porto_destino_processo,LogisticaInternacionalProcesso,alta,,discharge,,nao
3409,invoices_packings.pdf,INVOICE,shipment.costs.freight,,,,,freight,,nao
3410,invoices_packings.pdf,INVOICE,shipment.costs.insurance,,,,,insurance,,nao
3411,invoices_packings.pdf,INVOICE,containerNumbers,container_numero_processo_container,ContainerProcesso,alta,,containerNumbers,,nao
3412,invoices_packings.pdf,INVOICE,payment.method,,,,,method,,nao
3413,invoices_packings.pdf,INVOICE,payment.terms,condicao_pagamento_item,PedidoItem,alta,,terms,NET 90,sim
3414,invoices_packings.pdf,INVOICE,bankingDetails.bankName,,,,,bankName,SMBC Manubank,sim
3415,invoices_packings.pdf,INVOICE,bankingDetails.iban,,,,,iban,,nao
3416,invoices_packings.pdf,INVOICE,bankingDetails.swift,,,,,swift,MITKUS6L,sim
3417,invoices_packings.pdf,INVOICE,bankingDetails.accountNumber,,,,,accountNumber,7000160614,sim
3418,invoices_packings.pdf,INVOICE,bankingDetails.beneficiary,,,,,beneficiary,Classic Components Corp,sim
3419,invoices_packings.pdf,INVOICE,bankingDetails.branchCode,,,,,branchCode,,nao
3420,invoices_packings.pdf,INVOICE,bankingDetails.fullText,,,,,fullText,SMBC Manubank Account #7000160614 Routing (ABA) #122226076 Swift #MITKUS6L,sim
3421,invoices_packings.pdf,INVOICE,packageSummary.totalGrossWeight,,,,,totalGrossWeight,1.200,sim
3422,invoices_packings.pdf,INVOICE,packageSummary.totalNetWeight,,,,,totalNetWeight,0.240,sim
3423,invoices_packings.pdf,INVOICE,packageSummary.commercialUnit,,,,,commercialUnit,kg,sim
3424,invoices_packings.pdf,INVOICE,packageSummary.totalTareWeight,,,,,totalTareWeight,,nao
3425,invoices_packings.pdf,INVOICE,packageSummary.totalCubicMeasurement,,,,,totalCubicMeasurement,,nao
3426,invoices_packings.pdf,INVOICE,packageSummary.totalPackages,,,,,totalPackages,1,sim
3427,invoices_packings.pdf,INVOICE,currency.type,moeda_item,PedidoItem,alta,,type,USD,sim
3428,invoices_packings.pdf,INVOICE,currency.exchangeRate,,,,,exchangeRate,,nao
3429,invoices_packings.pdf,INVOICE,items_quantity,,,,,items_quantity,3,sim
3430,invoices_packings.pdf,INVOICE,values.totalDocumentValue,,,,,totalDocumentValue,194.85,sim
3431,invoices_packings.pdf,INVOICE,values.discountsOrAdditions,,,,,discountsOrAdditions,,nao
3432,invoices_packings.pdf,INVOICE,values.otherCharges,,,,,otherCharges,,nao
3433,invoices_packings.pdf,INVOICE,observations,,,,,observations,"ORDER # 3053129 | SALESPERSON: Souza, Gabriel",sim
3434,invoices_packings.pdf,INVOICE,isSigned,,,,,isSigned,true,sim
3435,invoices_packings.pdf,INVOICE,additionalFields.Vendedor Beneficiário,,,,,Vendedor Beneficiário,Classic Components Corp,sim
3436,invoices_packings.pdf,INVOICE,additionalFields.Contato Importador,,,,,Contato Importador,Hellen Arruda,sim
3437,invoices_packings.pdf,INVOICE,items[].descriptions.english,descricao_completa_item_en,PedidoItem,alta,,english,descEn,sim
3438,invoices_packings.pdf,INVOICE,items[].descriptions.portuguese,descricao_completa_item_pt,PedidoItem,alta,,portuguese,descPt,sim
3439,invoices_packings.pdf,INVOICE,items[].weights.unit,,,,,unit,wUnit,sim
3440,invoices_packings.pdf,INVOICE,items[].weights.net,,,,,net,wNet,sim
3441,invoices_packings.pdf,INVOICE,items[].weights.gross,,,,,gross,wGross,sim
3442,invoices_packings.pdf,INVOICE,items[].volume.packageType,,,,,packageType,pkgType,sim
3443,invoices_packings.pdf,INVOICE,items[].volume.dimensions,,,,,dimensions,dimensions,sim
3444,invoices_packings.pdf,INVOICE,items[].volume.size,,,,,size,pkgSize,sim
3445,invoices_packings.pdf,INVOICE,items[].volume.quantity,,,,,quantity,pkgQty,sim
3446,invoices_packings.pdf,INVOICE,items[].partNumber,part_number_item,PedidoItem,alta,,partNumber,partNumber,sim
3447,invoices_packings.pdf,INVOICE,items[].poNumber,,,,,poNumber,poNumber,sim
3448,invoices_packings.pdf,INVOICE,items[].itemQuantity,,,,,itemQuantity,qty,sim
3449,invoices_packings.pdf,INVOICE,items[].itemCurrency,,,,,itemCurrency,currency,sim
3450,invoices_packings.pdf,INVOICE,items[].itemUnitPriceWithCurrency,,,,,itemUnitPriceWithCurrency,unitPrice,sim
3451,invoices_packings.pdf,INVOICE,items[].itemTotalPriceWithCurrency,,,,,itemTotalPriceWithCurrency,totalPrice,sim
3452,invoices_packings.pdf,INVOICE,items[].ncm,,,,,ncm,ncm,sim
3453,invoices_packings.pdf,INVOICE,items[].hsCode,,,,,hsCode,hsCode,sim
3454,invoices_packings.pdf,INVOICE,items[].originCountry,,,,,originCountry,country,sim
3455,invoices_packings.pdf,INVOICE,items[].manufacturer,,,,,manufacturer,manufacturer,sim
3456,invoices_packings.pdf,PACKING_LIST,document.number,numero_bl_processo,DocumentoProcesso,sugestao,Alternativas: numero_awb_processo (DocumentoProcesso),number,464355,sim
3457,invoices_packings.pdf,PACKING_LIST,document.type,,,,,type,PACKING LIST,sim
3458,invoices_packings.pdf,PACKING_LIST,document.date,,,,,date,2025-07-27,sim
3459,invoices_packings.pdf,PACKING_LIST,document.incoterm,incoterm_processo,LogisticaInternacionalProcesso,alta,,incoterm,EXW,sim
3460,invoices_packings.pdf,PACKING_LIST,document.incotermLocation,,,,,incotermLocation,,nao
3461,invoices_packings.pdf,PACKING_LIST,document.originCountry,,,,,originCountry,,nao
3462,invoices_packings.pdf,PACKING_LIST,document.shippedOnBoardDate,,,,,shippedOnBoardDate,,nao
3463,invoices_packings.pdf,PACKING_LIST,exporter.name,nome_exportador_item,PedidoItem,sugestao,Alternativas: nome_fornecedor (Fornecedor),name,Classic Components HK Ltd,sim
3464,invoices_packings.pdf,PACKING_LIST,exporter.address,endereco_fornecedor,Fornecedor,alta,,address,"Unit 3, 6-8, 10F, Futura Plaza, 111-113 How Ming Street, Kwun Tong, Kowloon, HK, Hong Kong, SAR China",sim
3465,invoices_packings.pdf,PACKING_LIST,exporter.country,pais_fornecedor,Fornecedor,alta,,country,Hong Kong,sim
3466,invoices_packings.pdf,PACKING_LIST,exporter.state,estado_provincia_fornecedor,Fornecedor,alta,,state,,nao
3467,invoices_packings.pdf,PACKING_LIST,exporter.city,cidade_fornecedor,Fornecedor,alta,,city,Kowloon,sim
3468,invoices_packings.pdf,PACKING_LIST,exporter.zipCode,cep_zipcode_fornecedor,Fornecedor,alta,,zipCode,,nao
3469,invoices_packings.pdf,PACKING_LIST,exporter.taxId,tin_fornecedor,Fornecedor,alta,,taxId,,nao
3470,invoices_packings.pdf,PACKING_LIST,exporter.phone,telefone_fornecedor,Fornecedor,alta,,phone,,nao
3471,invoices_packings.pdf,PACKING_LIST,exporter.email,email_fornecedor,Fornecedor,alta,,email,,nao
3472,invoices_packings.pdf,PACKING_LIST,importer.name,nome_importador_item,PedidoItem,sugestao,Alternativas: nome_fornecedor (Fornecedor),name,Emiteli Industria Eletronica Ltda (PAT)*,sim
3473,invoices_packings.pdf,PACKING_LIST,importer.address,endereco_fornecedor,Fornecedor,alta,,address,"Rua Lidio Oltramari, 1628, Pato Branco, PR 85503-381",sim
3474,invoices_packings.pdf,PACKING_LIST,importer.country,pais_fornecedor,Fornecedor,alta,,country,BRAZIL,sim
3475,invoices_packings.pdf,PACKING_LIST,importer.state,estado_provincia_fornecedor,Fornecedor,alta,,state,PR,sim
3476,invoices_packings.pdf,PACKING_LIST,importer.city,cidade_fornecedor,Fornecedor,alta,,city,Pato Branco,sim
3477,invoices_packings.pdf,PACKING_LIST,importer.cnpj,cnpj_fornecedor,Fornecedor,alta,,cnpj,14.107.463/0001-61,sim
3478,invoices_packings.pdf,PACKING_LIST,importer.phone,telefone_fornecedor,Fornecedor,alta,,phone,41-3643-0947,sim
3479,invoices_packings.pdf,PACKING_LIST,importer.email,email_fornecedor,Fornecedor,alta,,email,,nao
3480,invoices_packings.pdf,PACKING_LIST,shipmentDetails.transportMode,modal_frete_internacional_processo,LogisticaInternacionalProcesso,alta,,transportMode,,nao
3481,invoices_packings.pdf,PACKING_LIST,shipmentDetails.vesselName,,,,,vesselName,,nao
3482,invoices_packings.pdf,PACKING_LIST,shipmentDetails.origin.port,,,,,port,,nao
3483,invoices_packings.pdf,PACKING_LIST,shipmentDetails.origin.airport,,,,,airport,,nao
3484,invoices_packings.pdf,PACKING_LIST,shipmentDetails.origin.location,,,,,location,,nao
3485,invoices_packings.pdf,PACKING_LIST,shipmentDetails.origin.place,,,,,place,,nao
3486,invoices_packings.pdf,PACKING_LIST,shipmentDetails.destination.port,,,,,port,,nao
3487,invoices_packings.pdf,PACKING_LIST,shipmentDetails.destination.airport,,,,,airport,,nao
3488,invoices_packings.pdf,PACKING_LIST,shipmentDetails.destination.location,,,,,location,,nao
3489,invoices_packings.pdf,PACKING_LIST,shipmentDetails.destination.place,,,,,place,,nao
3490,invoices_packings.pdf,PACKING_LIST,containerNumbers,container_numero_processo_container,ContainerProcesso,alta,,containerNumbers,,nao
3491,invoices_packings.pdf,PACKING_LIST,packageSummary.totalGrossWeight,,,,,totalGrossWeight,1.200,sim
3492,invoices_packings.pdf,PACKING_LIST,packageSummary.totalNetWeight,,,,,totalNetWeight,0.240,sim
3493,invoices_packings.pdf,PACKING_LIST,packageSummary.commercialUnit,,,,,commercialUnit,kg,sim
3494,invoices_packings.pdf,PACKING_LIST,packageSummary.totalTareWeight,,,,,totalTareWeight,,nao
3495,invoices_packings.pdf,PACKING_LIST,packageSummary.totalCubicMeasurement,,,,,totalCubicMeasurement,,nao
3496,invoices_packings.pdf,PACKING_LIST,packageSummary.totalPackages,,,,,totalPackages,726,sim
3497,invoices_packings.pdf,PACKING_LIST,items[].partNumber,part_number_item,PedidoItem,alta,,partNumber,LM1117IMPX-5.0/NOPB,sim
3498,invoices_packings.pdf,PACKING_LIST,items[].productDescription,descricao_item,PedidoItem,alta,,productDescription,Integrated Circuit - Power Management IC,sim
3499,invoices_packings.pdf,PACKING_LIST,items[].package.unitQuantity,,,,,unitQuantity,120,sim
3500,invoices_packings.pdf,PACKING_LIST,items[].package.type,,,,,type,BOX,sim
3501,invoices_packings.pdf,PACKING_LIST,items[].package.unitGrossWeight,,,,,unitGrossWeight,,nao
3502,invoices_packings.pdf,PACKING_LIST,items[].package.unitNetWeight,,,,,unitNetWeight,0.080,sim
3503,invoices_packings.pdf,PACKING_LIST,items[].package.totalCubicMeasurement,,,,,totalCubicMeasurement,,nao
3504,invoices_packings.pdf,PACKING_LIST,items[].package.totalTareWeight,,,,,totalTareWeight,,nao
3505,invoices_packings.pdf,PACKING_LIST,items[].totalProductQuantity,,,,,totalProductQuantity,120,sim
3506,invoices_packings.pdf,PACKING_LIST,items[].ncm,,,,,ncm,,nao
3507,invoices_packings.pdf,PACKING_LIST,items[].hsCode,,,,,hsCode,85423990,sim
3508,invoices_packings.pdf,PACKING_LIST,items[].additionalInformation,,,,,additionalInformation,Mfg Date Code : 2443 | Country of Origin : Malaysia | MSL Level : 1 | ROHS Compliant | Internal Lot No: 4434320,sim
3509,invoices_packings.pdf,PACKING_LIST,observations,,,,,observations,"ORDER # 3053129 | SALESPERSON: Souza, Gabriel | CUSTOMER PO # SEE BELOW",sim
3510,invoices_packings.pdf,PACKING_LIST,isSigned,,,,,isSigned,true,sim
3511,invoices_packings.pdf,PACKING_LIST,additionalFields.Contato Importador,,,,,Contato Importador,Hellen Arruda,sim
3512,invoices_packings.pdf,PACKING_LIST,additionalFields.Vendedor Beneficiário,,,,,Vendedor Beneficiário,Classic Components Corp,sim
3513,invoices_packings.pdf,INVOICE,document.documentNumber,numero_invoice_item,PedidoItem,alta,,documentNumber,464369,sim
3514,invoices_packings.pdf,INVOICE,document.documentType,,,,,documentType,COMMERCIAL INVOICE,sim
3515,invoices_packings.pdf,INVOICE,document.documentDate,,,,,documentDate,2025-07-27,sim
3516,invoices_packings.pdf,INVOICE,document.incoterm,incoterm_item,PedidoItem,sugestao,Alternativas: incoterm_processo (LogisticaInternacionalProcesso),incoterm,EXW,sim
3517,invoices_packings.pdf,INVOICE,document.incotermLocation,,,,,incotermLocation,,nao
3518,invoices_packings.pdf,INVOICE,document.originCountry,,,,,originCountry,,nao
3519,invoices_packings.pdf,INVOICE,document.countryOfAcquisition,,,,,countryOfAcquisition,,nao
3520,invoices_packings.pdf,INVOICE,document.countryOfProvenance,,,,,countryOfProvenance,,nao
3521,invoices_packings.pdf,INVOICE,document.shippedOnBoardDate,,,,,shippedOnBoardDate,,nao
3522,invoices_packings.pdf,INVOICE,exporter.name,nome_exportador_item,PedidoItem,sugestao,Alternativas: nome_fornecedor (Fornecedor),name,Classic Components HK Ltd,sim
3523,invoices_packings.pdf,INVOICE,exporter.address,endereco_fornecedor,Fornecedor,alta,,address,"Unit 3, 6-8, 10F, Futura Plaza, 111-113 How Ming Street, Kwun Tong, Kowloon, HK",sim
3524,invoices_packings.pdf,INVOICE,exporter.country,pais_fornecedor,Fornecedor,alta,,country,Hong Kong,sim
3525,invoices_packings.pdf,INVOICE,exporter.state,estado_provincia_fornecedor,Fornecedor,alta,,state,,nao
3526,invoices_packings.pdf,INVOICE,exporter.city,cidade_fornecedor,Fornecedor,alta,,city,Kowloon,sim
3527,invoices_packings.pdf,INVOICE,exporter.zipCode,cep_zipcode_fornecedor,Fornecedor,alta,,zipCode,,nao
3528,invoices_packings.pdf,INVOICE,exporter.taxId,tin_fornecedor,Fornecedor,alta,,taxId,,nao
3529,invoices_packings.pdf,INVOICE,exporter.phone,telefone_fornecedor,Fornecedor,alta,,phone,,nao
3530,invoices_packings.pdf,INVOICE,exporter.email,email_fornecedor,Fornecedor,alta,,email,,nao
3531,invoices_packings.pdf,INVOICE,importer.name,nome_importador_item,PedidoItem,sugestao,Alternativas: nome_fornecedor (Fornecedor),name,Emiteli Industria Eletronica Ltda (PAT)*,sim
3532,invoices_packings.pdf,INVOICE,importer.address,endereco_fornecedor,Fornecedor,alta,,address,"Rua Lidio Oltramari, 1628, Pato Branco, PR 85503-381",sim
3533,invoices_packings.pdf,INVOICE,importer.country,pais_fornecedor,Fornecedor,alta,,country,BRAZIL,sim
3534,invoices_packings.pdf,INVOICE,importer.state,estado_provincia_fornecedor,Fornecedor,alta,,state,PR,sim
3535,invoices_packings.pdf,INVOICE,importer.city,cidade_fornecedor,Fornecedor,alta,,city,Pato Branco,sim
3536,invoices_packings.pdf,INVOICE,importer.zipCode,cep_zipcode_fornecedor,Fornecedor,alta,,zipCode,85503-381,sim
3537,invoices_packings.pdf,INVOICE,importer.taxId,cnpj_fornecedor,Fornecedor,alta,,taxId,14.107.463/0001-61,sim
3538,invoices_packings.pdf,INVOICE,importer.phone,telefone_fornecedor,Fornecedor,alta,,phone,,nao
3539,invoices_packings.pdf,INVOICE,importer.email,email_fornecedor,Fornecedor,alta,,email,,nao
3540,invoices_packings.pdf,INVOICE,shipment.modal,modal_frete_internacional_processo,LogisticaInternacionalProcesso,alta,,modal,,nao
3541,invoices_packings.pdf,INVOICE,shipment.carrier,,,,,carrier,,nao
3542,invoices_packings.pdf,INVOICE,shipment.vesselName,,,,,vesselName,,nao
3543,invoices_packings.pdf,INVOICE,shipment.airports.origin,,,,,origin,,nao
3544,invoices_packings.pdf,INVOICE,shipment.airports.destination,,,,,destination,,nao
3545,invoices_packings.pdf,INVOICE,shipment.ports.origin,porto_origem_processo,LogisticaInternacionalProcesso,alta,,origin,,nao
3546,invoices_packings.pdf,INVOICE,shipment.ports.loading,porto_origem_processo,LogisticaInternacionalProcesso,alta,,loading,,nao
3547,invoices_packings.pdf,INVOICE,shipment.ports.destination,porto_destino_processo,LogisticaInternacionalProcesso,alta,,destination,,nao
3548,invoices_packings.pdf,INVOICE,shipment.ports.discharge,porto_destino_processo,LogisticaInternacionalProcesso,alta,,discharge,,nao
3549,invoices_packings.pdf,INVOICE,shipment.costs.freight,,,,,freight,,nao
3550,invoices_packings.pdf,INVOICE,shipment.costs.insurance,,,,,insurance,,nao
3551,invoices_packings.pdf,INVOICE,containerNumbers,container_numero_processo_container,ContainerProcesso,alta,,containerNumbers,,nao
3552,invoices_packings.pdf,INVOICE,payment.method,,,,,method,,nao
3553,invoices_packings.pdf,INVOICE,payment.terms,condicao_pagamento_item,PedidoItem,alta,,terms,NET 90,sim
3554,invoices_packings.pdf,INVOICE,bankingDetails.bankName,,,,,bankName,SMBC Manubank,sim
3555,invoices_packings.pdf,INVOICE,bankingDetails.iban,,,,,iban,,nao
3556,invoices_packings.pdf,INVOICE,bankingDetails.swift,,,,,swift,MITKUS6L,sim
3557,invoices_packings.pdf,INVOICE,bankingDetails.accountNumber,,,,,accountNumber,7000160614,sim
3558,invoices_packings.pdf,INVOICE,bankingDetails.beneficiary,,,,,beneficiary,Classic Components Corp,sim
3559,invoices_packings.pdf,INVOICE,bankingDetails.branchCode,,,,,branchCode,,nao
3560,invoices_packings.pdf,INVOICE,bankingDetails.fullText,,,,,fullText,SMBC Manubank Account #7000160614 Routing (ABA) #122226076 Swift #MITKUS6L,sim
3561,invoices_packings.pdf,INVOICE,packageSummary.totalGrossWeight,,,,,totalGrossWeight,1.200,sim
3562,invoices_packings.pdf,INVOICE,packageSummary.totalNetWeight,,,,,totalNetWeight,0.060,sim
3563,invoices_packings.pdf,INVOICE,packageSummary.commercialUnit,,,,,commercialUnit,kg,sim
3564,invoices_packings.pdf,INVOICE,packageSummary.totalTareWeight,,,,,totalTareWeight,,nao
3565,invoices_packings.pdf,INVOICE,packageSummary.totalCubicMeasurement,,,,,totalCubicMeasurement,,nao
3566,invoices_packings.pdf,INVOICE,packageSummary.totalPackages,,,,,totalPackages,1,sim
3567,invoices_packings.pdf,INVOICE,currency.type,moeda_item,PedidoItem,alta,,type,USD,sim
3568,invoices_packings.pdf,INVOICE,currency.exchangeRate,,,,,exchangeRate,,nao
3569,invoices_packings.pdf,INVOICE,items_quantity,,,,,items_quantity,1,sim
3570,invoices_packings.pdf,INVOICE,values.totalDocumentValue,,,,,totalDocumentValue,18.44,sim
3571,invoices_packings.pdf,INVOICE,values.discountsOrAdditions,,,,,discountsOrAdditions,,nao
3572,invoices_packings.pdf,INVOICE,values.otherCharges,,,,,otherCharges,,nao
3573,invoices_packings.pdf,INVOICE,observations,,,,,observations,"ORDER # 3053129 | SALESPERSON: Souza, Gabriel",sim
3574,invoices_packings.pdf,INVOICE,isSigned,,,,,isSigned,true,sim
3575,invoices_packings.pdf,INVOICE,additionalFields.Vendedor Beneficiário,,,,,Vendedor Beneficiário,Classic Components Corp,sim
3576,invoices_packings.pdf,INVOICE,additionalFields.Contato Importador,,,,,Contato Importador,Hellen Arruda,sim
3577,invoices_packings.pdf,INVOICE,items[].descriptions.english,descricao_completa_item_en,PedidoItem,alta,,english,descEn,sim
3578,invoices_packings.pdf,INVOICE,items[].descriptions.portuguese,descricao_completa_item_pt,PedidoItem,alta,,portuguese,descPt,sim
3579,invoices_packings.pdf,INVOICE,items[].weights.unit,,,,,unit,wUnit,sim
3580,invoices_packings.pdf,INVOICE,items[].weights.net,,,,,net,wNet,sim
3581,invoices_packings.pdf,INVOICE,items[].weights.gross,,,,,gross,wGross,sim
3582,invoices_packings.pdf,INVOICE,items[].volume.packageType,,,,,packageType,pkgType,sim
3583,invoices_packings.pdf,INVOICE,items[].volume.dimensions,,,,,dimensions,dimensions,sim
3584,invoices_packings.pdf,INVOICE,items[].volume.size,,,,,size,pkgSize,sim
3585,invoices_packings.pdf,INVOICE,items[].volume.quantity,,,,,quantity,pkgQty,sim
3586,invoices_packings.pdf,INVOICE,items[].partNumber,part_number_item,PedidoItem,alta,,partNumber,partNumber,sim
3587,invoices_packings.pdf,INVOICE,items[].poNumber,,,,,poNumber,poNumber,sim
3588,invoices_packings.pdf,INVOICE,items[].itemQuantity,,,,,itemQuantity,qty,sim
3589,invoices_packings.pdf,INVOICE,items[].itemCurrency,,,,,itemCurrency,currency,sim
3590,invoices_packings.pdf,INVOICE,items[].itemUnitPriceWithCurrency,,,,,itemUnitPriceWithCurrency,unitPrice,sim
3591,invoices_packings.pdf,INVOICE,items[].itemTotalPriceWithCurrency,,,,,itemTotalPriceWithCurrency,totalPrice,sim
3592,invoices_packings.pdf,INVOICE,items[].ncm,,,,,ncm,ncm,sim
3593,invoices_packings.pdf,INVOICE,items[].hsCode,,,,,hsCode,hsCode,sim
3594,invoices_packings.pdf,INVOICE,items[].originCountry,,,,,originCountry,country,sim
3595,invoices_packings.pdf,INVOICE,items[].manufacturer,,,,,manufacturer,manufacturer,sim
3596,invoices_packings.pdf,PACKING_LIST,document.number,numero_bl_processo,DocumentoProcesso,sugestao,Alternativas: numero_awb_processo (DocumentoProcesso),number,464369,sim
3597,invoices_packings.pdf,PACKING_LIST,document.type,,,,,type,PACKING LIST,sim
3598,invoices_packings.pdf,PACKING_LIST,document.date,,,,,date,2025-07-27,sim
3599,invoices_packings.pdf,PACKING_LIST,document.incoterm,incoterm_processo,LogisticaInternacionalProcesso,alta,,incoterm,EXW,sim
3600,invoices_packings.pdf,PACKING_LIST,document.incotermLocation,,,,,incotermLocation,,nao
3601,invoices_packings.pdf,PACKING_LIST,document.originCountry,,,,,originCountry,,nao
3602,invoices_packings.pdf,PACKING_LIST,document.shippedOnBoardDate,,,,,shippedOnBoardDate,,nao
3603,invoices_packings.pdf,PACKING_LIST,exporter.name,nome_exportador_item,PedidoItem,sugestao,Alternativas: nome_fornecedor (Fornecedor),name,Classic Components HK Ltd,sim
3604,invoices_packings.pdf,PACKING_LIST,exporter.address,endereco_fornecedor,Fornecedor,alta,,address,"Unit 3, 6-8, 10F, Futura Plaza, 111-113 How Ming Street, Kwun Tong, Kowloon, HK, Hong Kong, SAR China",sim
3605,invoices_packings.pdf,PACKING_LIST,exporter.country,pais_fornecedor,Fornecedor,alta,,country,Hong Kong,sim
3606,invoices_packings.pdf,PACKING_LIST,exporter.state,estado_provincia_fornecedor,Fornecedor,alta,,state,,nao
3607,invoices_packings.pdf,PACKING_LIST,exporter.city,cidade_fornecedor,Fornecedor,alta,,city,Kowloon,sim
3608,invoices_packings.pdf,PACKING_LIST,exporter.zipCode,cep_zipcode_fornecedor,Fornecedor,alta,,zipCode,,nao
3609,invoices_packings.pdf,PACKING_LIST,exporter.taxId,tin_fornecedor,Fornecedor,alta,,taxId,,nao
3610,invoices_packings.pdf,PACKING_LIST,exporter.phone,telefone_fornecedor,Fornecedor,alta,,phone,,nao
3611,invoices_packings.pdf,PACKING_LIST,exporter.email,email_fornecedor,Fornecedor,alta,,email,,nao
3612,invoices_packings.pdf,PACKING_LIST,importer.name,nome_importador_item,PedidoItem,sugestao,Alternativas: nome_fornecedor (Fornecedor),name,Emiteli Industria Eletronica Ltda (PAT)*,sim
3613,invoices_packings.pdf,PACKING_LIST,importer.address,endereco_fornecedor,Fornecedor,alta,,address,"Rua Lidio Oltramari, 1628, Pato Branco, PR 85503-381",sim
3614,invoices_packings.pdf,PACKING_LIST,importer.country,pais_fornecedor,Fornecedor,alta,,country,BRAZIL,sim
3615,invoices_packings.pdf,PACKING_LIST,importer.state,estado_provincia_fornecedor,Fornecedor,alta,,state,PR,sim
3616,invoices_packings.pdf,PACKING_LIST,importer.city,cidade_fornecedor,Fornecedor,alta,,city,Pato Branco,sim
3617,invoices_packings.pdf,PACKING_LIST,importer.cnpj,cnpj_fornecedor,Fornecedor,alta,,cnpj,14.107.463/0001-61,sim
3618,invoices_packings.pdf,PACKING_LIST,importer.phone,telefone_fornecedor,Fornecedor,alta,,phone,41-3643-0947,sim
3619,invoices_packings.pdf,PACKING_LIST,importer.email,email_fornecedor,Fornecedor,alta,,email,,nao
3620,invoices_packings.pdf,PACKING_LIST,shipmentDetails.transportMode,modal_frete_internacional_processo,LogisticaInternacionalProcesso,alta,,transportMode,,nao
3621,invoices_packings.pdf,PACKING_LIST,shipmentDetails.vesselName,,,,,vesselName,,nao
3622,invoices_packings.pdf,PACKING_LIST,shipmentDetails.origin.port,,,,,port,,nao
3623,invoices_packings.pdf,PACKING_LIST,shipmentDetails.origin.airport,,,,,airport,,nao
3624,invoices_packings.pdf,PACKING_LIST,shipmentDetails.origin.location,,,,,location,,nao
3625,invoices_packings.pdf,PACKING_LIST,shipmentDetails.origin.place,,,,,place,,nao
3626,invoices_packings.pdf,PACKING_LIST,shipmentDetails.destination.port,,,,,port,,nao
3627,invoices_packings.pdf,PACKING_LIST,shipmentDetails.destination.airport,,,,,airport,,nao
3628,invoices_packings.pdf,PACKING_LIST,shipmentDetails.destination.location,,,,,location,,nao
3629,invoices_packings.pdf,PACKING_LIST,shipmentDetails.destination.place,,,,,place,,nao
3630,invoices_packings.pdf,PACKING_LIST,containerNumbers,container_numero_processo_container,ContainerProcesso,alta,,containerNumbers,,nao
3631,invoices_packings.pdf,PACKING_LIST,packageSummary.totalGrossWeight,,,,,totalGrossWeight,1.200,sim
3632,invoices_packings.pdf,PACKING_LIST,packageSummary.totalNetWeight,,,,,totalNetWeight,0.060,sim
3633,invoices_packings.pdf,PACKING_LIST,packageSummary.commercialUnit,,,,,commercialUnit,kg,sim
3634,invoices_packings.pdf,PACKING_LIST,packageSummary.totalTareWeight,,,,,totalTareWeight,,nao
3635,invoices_packings.pdf,PACKING_LIST,packageSummary.totalCubicMeasurement,,,,,totalCubicMeasurement,,nao
3636,invoices_packings.pdf,PACKING_LIST,packageSummary.totalPackages,,,,,totalPackages,179,sim
3637,invoices_packings.pdf,PACKING_LIST,items[].partNumber,part_number_item,PedidoItem,alta,,partNumber,SN74LVC2T45DCTR,sim
3638,invoices_packings.pdf,PACKING_LIST,items[].productDescription,descricao_item,PedidoItem,alta,,productDescription,Integrated Circuit - Logic IC,sim
3639,invoices_packings.pdf,PACKING_LIST,items[].package.unitQuantity,,,,,unitQuantity,179,sim
3640,invoices_packings.pdf,PACKING_LIST,items[].package.type,,,,,type,BOX,sim
3641,invoices_packings.pdf,PACKING_LIST,items[].package.unitGrossWeight,,,,,unitGrossWeight,,nao
3642,invoices_packings.pdf,PACKING_LIST,items[].package.unitNetWeight,,,,,unitNetWeight,0.060,sim
3643,invoices_packings.pdf,PACKING_LIST,items[].package.totalCubicMeasurement,,,,,totalCubicMeasurement,,nao
3644,invoices_packings.pdf,PACKING_LIST,items[].package.totalTareWeight,,,,,totalTareWeight,,nao
3645,invoices_packings.pdf,PACKING_LIST,items[].totalProductQuantity,,,,,totalProductQuantity,179,sim
3646,invoices_packings.pdf,PACKING_LIST,items[].ncm,,,,,ncm,,nao
3647,invoices_packings.pdf,PACKING_LIST,items[].hsCode,,,,,hsCode,85423990,sim
3648,invoices_packings.pdf,PACKING_LIST,items[].additionalInformation,,,,,additionalInformation,Mfg Date Code : 2506 | Country of Origin : China | MSL Level : 1 | ROHS Compliant | Internal Lot No: 4434402,sim
3649,invoices_packings.pdf,PACKING_LIST,observations,,,,,observations,"ORDER # 3053129 | SALESPERSON: Souza, Gabriel | CUSTOMER PO # SEE BELOW",sim
3650,invoices_packings.pdf,PACKING_LIST,isSigned,,,,,isSigned,true,sim
3651,invoices_packings.pdf,PACKING_LIST,additionalFields.Contato Importador,,,,,Contato Importador,Hellen Arruda,sim
3652,invoices_packings.pdf,PACKING_LIST,additionalFields.Vendedor Beneficiário,,,,,Vendedor Beneficiário,Classic Components Corp,sim